Workbook

Sheet 注文弁当の抽出
A1: 赤 | B1: 24 | C1: 弁当 園児 | F1: キャラ弁（学食） | G1: 24 | I1: 弁当 園児
A2: パンカップ | B2: 69 | C2: パン 園児 | F2: キャラ弁当 | G2: 24 | I2: 弁当 園児
A3: ピクニック | B3: 20 | C3: ピクニック 園児 | F3: =IF(A1<>"",A1,"") -> 赤 | G3: =IF(B1<>"",B1, IF(F3<>"", OFFSET(商品マスタ!$A$1,MATCH("*"&F3&"*",商品マスタ!D:D,0)-1,8),"")) -> 24 | I3: =IF(C1<>"",C1, IF(F3<>"", IF(COUNTIF(OFFSET(商品マスタ!$A$1,MATCH("*"&F3&"*",商品マスタ!D:D,0)-1,2),"*園児*"), OFFSET(商品マスタ!$A$1,MATCH("*"&F3&"*",商品マスタ!D:D,0)-1,2),OFFSET(商品マスタ!$A$1,MATCH("*"&F3&"*",商品マスタ!D:D,0)-1,2)&" 園児"),"")) -> 弁当 園児
A4: 配膳スマ | B4: 0 | C4: 配膳給食 園児 | F4: =IF(A2<>"",A2,"") -> パンカップ | G4: =IF(B2<>"",B2, IF(F4<>"", OFFSET(商品マスタ!$A$1,MATCH("*"&F4&"*",商品マスタ!D:D,0)-1,8),"")) -> 69 | I4: =IF(C2<>"",C2, IF(F4<>"", IF(COUNTIF(OFFSET(商品マスタ!$A$1,MATCH("*"&F4&"*",商品マスタ!D:D,0)-1,2),"*園児*"), OFFSET(商品マスタ!$A$1,MATCH("*"&F4&"*",商品マスタ!D:D,0)-1,2),OFFSET(商品マスタ!$A$1,MATCH("*"&F4&"*",商品マスタ!D:D,0)-1,2)&" 園児"),"")) -> パン 園児
A5: どんぶり給 | F5: =IF(A3<>"",A3,"") -> ピクニック | G5: =IF(B3<>"",B3, IF(F5<>"", OFFSET(商品マスタ!$A$1,MATCH("*"&F5&"*",商品マスタ!D:D,0)-1,8),"")) -> 20 | I5: =IF(C3<>"",C3, IF(F5<>"", IF(COUNTIF(OFFSET(商品マスタ!$A$1,MATCH("*"&F5&"*",商品マスタ!D:D,0)-1,2),"*園児*"), OFFSET(商品マスタ!$A$1,MATCH("*"&F5&"*",商品マスタ!D:D,0)-1,2),OFFSET(商品マスタ!$A$1,MATCH("*"&F5&"*",商品マスタ!D:D,0)-1,2)&" 園児"),"")) -> ピクニック 園児
F6: =IF(A4<>"",A4,"") -> 配膳スマ | G6: =IF(B4<>"",B4, IF(F6<>"", OFFSET(商品マスタ!$A$1,MATCH("*"&F6&"*",商品マスタ!D:D,0)-1,8),"")) -> 0 | I6: =IF(C4<>"",C4, IF(F6<>"", IF(COUNTIF(OFFSET(商品マスタ!$A$1,MATCH("*"&F6&"*",商品マスタ!D:D,0)-1,2),"*園児*"), OFFSET(商品マスタ!$A$1,MATCH("*"&F6&"*",商品マスタ!D:D,0)-1,2),OFFSET(商品マスタ!$A$1,MATCH("*"&F6&"*",商品マスタ!D:D,0)-1,2)&" 園児"),"")) -> 配膳給食 園児
F7: =IF(A5<>"",A5,"") -> どんぶり給 | G7: =IF(B5<>"",B5, IF(F7<>"", OFFSET(商品マスタ!$A$1,MATCH("*"&F7&"*",商品マスタ!D:D,0)-1,8),"")) -> 0 | I7: =IF(C5<>"",C5, IF(F7<>"", IF(COUNTIF(OFFSET(商品マスタ!$A$1,MATCH("*"&F7&"*",商品マスタ!D:D,0)-1,2),"*園児*"), OFFSET(商品マスタ!$A$1,MATCH("*"&F7&"*",商品マスタ!D:D,0)-1,2),OFFSET(商品マスタ!$A$1,MATCH("*"&F7&"*",商品マスタ!D:D,0)-1,2)&" 園児"),"")) -> どんぶり給食 園児
F8: =IF(A6<>"",A6,"") | G8: =IF(B6<>"",B6, IF(F8<>"", OFFSET(商品マスタ!$A$1,MATCH("*"&F8&"*",商品マスタ!D:D,0)-1,8),"")) | I8: =IF(C6<>"",C6, IF(F8<>"", IF(COUNTIF(OFFSET(商品マスタ!$A$1,MATCH("*"&F8&"*",商品マスタ!D:D,0)-1,2),"*園児*"), OFFSET(商品マスタ!$A$1,MATCH("*"&F8&"*",商品マスタ!D:D,0)-1,2),OFFSET(商品マスタ!$A$1,MATCH("*"&F8&"*",商品マスタ!D:D,0)-1,2)&" 園児"),""))
F9: =IF(A7<>"",A7,"") | G9: =IF(B7<>"",B7, IF(F9<>"", OFFSET(商品マスタ!$A$1,MATCH("*"&F9&"*",商品マスタ!D:D,0)-1,8),"")) | I9: =IF(C7<>"",C7, IF(F9<>"", IF(COUNTIF(OFFSET(商品マスタ!$A$1,MATCH("*"&F9&"*",商品マスタ!D:D,0)-1,2),"*園児*"), OFFSET(商品マスタ!$A$1,MATCH("*"&F9&"*",商品マスタ!D:D,0)-1,2),OFFSET(商品マスタ!$A$1,MATCH("*"&F9&"*",商品マスタ!D:D,0)-1,2)&" 園児"),""))
F10: =IF(A8<>"",A8,"") | G10: =IF(B8<>"",B8, IF(F10<>"", OFFSET(商品マスタ!$A$1,MATCH("*"&F10&"*",商品マスタ!D:D,0)-1,8),"")) | I10: =IF(C8<>"",C8, IF(F10<>"", IF(COUNTIF(OFFSET(商品マスタ!$A$1,MATCH("*"&F10&"*",商品マスタ!D:D,0)-1,2),"*園児*"), OFFSET(商品マスタ!$A$1,MATCH("*"&F10&"*",商品マスタ!D:D,0)-1,2),OFFSET(商品マスタ!$A$1,MATCH("*"&F10&"*",商品マスタ!D:D,0)-1,2)&" 園児"),""))
F11: =IF(A9<>"",A9,"") | G11: =IF(B9<>"",B9, IF(F11<>"", OFFSET(商品マスタ!$A$1,MATCH("*"&F11&"*",商品マスタ!D:D,0)-1,8),"")) | I11: =IF(C9<>"",C9, IF(F11<>"", IF(COUNTIF(OFFSET(商品マスタ!$A$1,MATCH("*"&F11&"*",商品マスタ!D:D,0)-1,2),"*園児*"), OFFSET(商品マスタ!$A$1,MATCH("*"&F11&"*",商品マスタ!D:D,0)-1,2),OFFSET(商品マスタ!$A$1,MATCH("*"&F11&"*",商品マスタ!D:D,0)-1,2)&" 園児"),""))
F12: =IF(A10<>"",A10,"") | G12: =IF(B10<>"",B10, IF(F12<>"", OFFSET(商品マスタ!$A$1,MATCH("*"&F12&"*",商品マスタ!D:D,0)-1,8),"")) | I12: =IF(C10<>"",C10, IF(F12<>"", IF(COUNTIF(OFFSET(商品マスタ!$A$1,MATCH("*"&F12&"*",商品マスタ!D:D,0)-1,2),"*園児*"), OFFSET(商品マスタ!$A$1,MATCH("*"&F12&"*",商品マスタ!D:D,0)-1,2),OFFSET(商品マスタ!$A$1,MATCH("*"&F12&"*",商品マスタ!D:D,0)-1,2)&" 園児"),""))
F13: =IF(A11<>"",A11,"") | G13: =IF(B11<>"",B11, IF(F13<>"", OFFSET(商品マスタ!$A$1,MATCH("*"&F13&"*",商品マスタ!D:D,0)-1,8),"")) | I13: =IF(C11<>"",C11, IF(F13<>"", IF(COUNTIF(OFFSET(商品マスタ!$A$1,MATCH("*"&F13&"*",商品マスタ!D:D,0)-1,2),"*園児*"), OFFSET(商品マスタ!$A$1,MATCH("*"&F13&"*",商品マスタ!D:D,0)-1,2),OFFSET(商品マスタ!$A$1,MATCH("*"&F13&"*",商品マスタ!D:D,0)-1,2)&" 園児"),""))
G14: =IF(B12<>"",B12, IF(F14<>"", OFFSET(商品マスタ!$A$1,MATCH("*"&F14&"*",商品マスタ!D:D,0)-1,8),"")) | I14: =IF(C12<>"",C12, IF(F14<>"", IF(COUNTIF(OFFSET(商品マスタ!$A$1,MATCH("*"&F14&"*",商品マスタ!D:D,0)-1,2),"*園児*"), OFFSET(商品マスタ!$A$1,MATCH("*"&F14&"*",商品マスタ!D:D,0)-1,2),OFFSET(商品マスタ!$A$1,MATCH("*"&F14&"*",商品マスタ!D:D,0)-1,2)&" 園児"),""))

Sheet クライアント抽出
A1: 雙葉小学校 web | B1: 92 | C1: 48 | I1: 7 | J1: {=IFERROR(IF(OR(COUNTIF(INDIRECT("数出表_Excel!"&P1&"3"),"*キャラ*"), COUNTIF(INDIRECT("数出表_Excel!"&P1&"3"),"*赤*")), IF(COUNTIF(A1,"*雙葉*"),INDIRECT("数出表_Excel!"&P1&"3"), INDIRECT("数出表_Excel!"&P1&"3") &" "&INDIRECT("数出表_Excel!"&P1&"4") &INDIRECT("数出表_Excel!"&P1&"5")), INDIRECT("数出表_Excel!"&P1&"3")),"")} -> キャラ弁（学食） | K1: {=IFERROR(IF(OR(COUNTIF(INDIRECT("数出表_Excel!"&Q1&"3"),"*キャラ*"), COUNTIF(INDIRECT("数出表_Excel!"&Q1&"3"),"*赤*")), INDIRECT("数出表_Excel!"&Q1&"3") &" "&INDIRECT("数出表_Excel!"&Q1&"4") &INDIRECT("数出表_Excel!"&Q1&"5"), INDIRECT("数出表_Excel!"&Q1&"3")),"")} -> キャラ弁（学食） 飯あり150 | L1: {=IFERROR(IF(OR(COUNTIF(INDIRECT("数出表_Excel!"&R1&"3"),"*キャラ*"), COUNTIF(INDIRECT("数出表_Excel!"&R1&"3"),"*赤*")), INDIRECT("数出表_Excel!"&R1&"3") &" "&INDIRECT("数出表_Excel!"&R1&"4") &INDIRECT("数出表_Excel!"&R1&"5"), INDIRECT("数出表_Excel!"&R1&"3")),"")} | M1: {=IFERROR(IF(OR(COUNTIF(INDIRECT("数出表_Excel!"&S1&"3"),"*キャラ*"), COUNTIF(INDIRECT("数出表_Excel!"&S1&"3"),"*赤*")), INDIRECT("数出表_Excel!"&S1&"3") &" "&INDIRECT("数出表_Excel!"&S1&"4") &INDIRECT("数出表_Excel!"&S1&"5"), INDIRECT("数出表_Excel!"&S1&"3")),"")} | N1: {=IFERROR(IF(OR(COUNTIF(INDIRECT("数出表_Excel!"&T1&"3"),"*キャラ*"), COUNTIF(INDIRECT("数出表_Excel!"&T1&"3"),"*赤*")), INDIRECT("数出表_Excel!"&T1&"3") &" "&INDIRECT("数出表_Excel!"&T1&"4") &INDIRECT("数出表_Excel!"&T1&"5"), INDIRECT("数出表_Excel!"&T1&"3")),"")} | O1: {=IFERROR(IF(OR(COUNTIF(INDIRECT("数出表_Excel!"&U1&"3"),"*キャラ*"), COUNTIF(INDIRECT("数出表_Excel!"&U1&"3"),"*赤*")), INDIRECT("数出表_Excel!"&U1&"3") &" "&INDIRECT("数出表_Excel!"&U1&"4") &INDIRECT("数出表_Excel!"&U1&"5"), INDIRECT("数出表_Excel!"&U1&"3")),"")} | P1: =IFERROR( SUBSTITUTE(ADDRESS(1, IFERROR(COLUMN(INDEX(INDIRECT("数出表_Excel!B"&$I1-1&":T"&$I1-1&""),1,MATCH(TEXT(B1,0),INDIRECT("数出表_Excel!B"&$I1-1&":T"&$I1-1&""),0))),""),4),"1",""), "") -> B | Q1: =IFERROR( SUBSTITUTE(ADDRESS(1, IFERROR(COLUMN(INDEX(INDIRECT("数出表_Excel!B"&$I1-1&":T"&$I1-1&""),1,MATCH(TEXT(C1,0),INDIRECT("数出表_Excel!B"&$I1-1&":T"&$I1-1&""),0))),""),4),"1",""), "") -> C | R1: =IFERROR( SUBSTITUTE(ADDRESS(1, IFERROR(COLUMN(INDEX(INDIRECT("数出表_Excel!B"&$I1-1&":T"&$I1-1&""),1,MATCH(TEXT(D1,0),INDIRECT("数出表_Excel!B"&$I1-1&":T"&$I1-1&""),0))),""),4),"1",""), "") | S1: =IFERROR( SUBSTITUTE(ADDRESS(1, IFERROR(COLUMN(INDEX(INDIRECT("数出表_Excel!B"&$I1&":T"&$I1&""),1,MATCH(TEXT(E1,0),INDIRECT("数出表_Excel!B"&$I1&":T"&$I1&""),0))),""),4),"1",""), "") | T1: =IFERROR( SUBSTITUTE(ADDRESS(1, IFERROR(COLUMN(INDEX(INDIRECT("数出表_Excel!B"&$I1&":T"&$I1&""),1,MATCH(TEXT(F1,0),INDIRECT("数出表_Excel!B"&$I1&":T"&$I1&""),0))),""),4),"1",""), "") | U1: =IFERROR( SUBSTITUTE(ADDRESS(1, IFERROR(COLUMN(INDEX(INDIRECT("数出表_Excel!B"&$I1&":T"&$I1&""),1,MATCH(TEXT(G1,0),INDIRECT("数出表_Excel!B"&$I1&":T"&$I1&""),0))),""),4),"1",""), "") | V1: =TRIM(SUBSTITUTE( IF(COUNTIF(P1:U1,"A")>0,"A ","")& IF(COUNTIF(P1:U1,"B")>0,"B ","")& IF(COUNTIF(P1:U1,"C")>0,"C ","")& IF(COUNTIF(P1:U1,"D")>0,"D ","")& IF(COUNTIF(P1:U1,"E")>0,"E ","")& IF(COUNTIF(P1:U1,"F")>0,"F ","")& IF(COUNTIF(P1:U1,"G")>0,"G ","")& IF(COUNTIF(P1:U1,"H")>0,"H ","")& IF(COUNTIF(P1:U1,"I")>0,"I ","")& IF(COUNTIF(P1:U1,"J")>0,"J ","")& IF(COUNTIF(P1:U1,"K")>0,"K ","")& IF(COUNTIF(P1:U1,"L")>0,"L ","")& IF(COUNTIF(P1:U1,"M")>0,"M ","")& IF(COUNTIF(P1:U1,"N")>0,"N ","")& IF(COUNTIF(P1:U1,"O")>0,"O ","")& IF(COUNTIF(P1:U1,"P")>0,"P ","")& IF(COUNTIF(P1:U1,"Q")>0,"Q ","")& IF(COUNTIF(P1:U1,"R")>0,"R ","")& IF(COUNTIF(P1:U1,"S")>0,"S ","")& IF(COUNTIF(P1:U1,"T")>0,"T ","")& IF(COUNTIF(P1:U1,"U")>0,"U ","")& IF(COUNTIF(P1:U1,"V")>0,"V ","")& IF(COUNTIF(P1:U1,"W")>0,"W ","")& IF(COUNTIF(P1:U1,"X")>0,"X ","")& IF(COUNTIF(P1:U1,"Y")>0,"Y ","")& IF(COUNTIF(P1:U1,"Z")>0,"Z ","")," ",",")) -> B,C,
A2: 雙葉小学校 先生 | B2: 8 | I2: =I1+2 -> 9 | J2: {=IFERROR(IF(OR(COUNTIF(INDIRECT("数出表_Excel!"&P2&"3"),"*キャラ*"), COUNTIF(INDIRECT("数出表_Excel!"&P2&"3"),"*赤*")), IF(COUNTIF(A2,"*雙葉*"),INDIRECT("数出表_Excel!"&P2&"3"), INDIRECT("数出表_Excel!"&P2&"3") &" "&INDIRECT("数出表_Excel!"&P2&"4") &INDIRECT("数出表_Excel!"&P2&"5")), INDIRECT("数出表_Excel!"&P2&"3")),"")} -> キャラ弁（学食） | K2: {=IFERROR(IF(OR(COUNTIF(INDIRECT("数出表_Excel!"&Q2&"3"),"*キャラ*"), COUNTIF(INDIRECT("数出表_Excel!"&Q2&"3"),"*赤*")), INDIRECT("数出表_Excel!"&Q2&"3") &" "&INDIRECT("数出表_Excel!"&Q2&"4") &INDIRECT("数出表_Excel!"&Q2&"5"), INDIRECT("数出表_Excel!"&Q2&"3")),"")} | L2: {=IFERROR(IF(OR(COUNTIF(INDIRECT("数出表_Excel!"&R2&"3"),"*キャラ*"), COUNTIF(INDIRECT("数出表_Excel!"&R2&"3"),"*赤*")), INDIRECT("数出表_Excel!"&R2&"3") &" "&INDIRECT("数出表_Excel!"&R2&"4") &INDIRECT("数出表_Excel!"&R2&"5"), INDIRECT("数出表_Excel!"&R2&"3")),"")} | M2: {=IFERROR(IF(OR(COUNTIF(INDIRECT("数出表_Excel!"&S2&"3"),"*キャラ*"), COUNTIF(INDIRECT("数出表_Excel!"&S2&"3"),"*赤*")), INDIRECT("数出表_Excel!"&S2&"3") &" "&INDIRECT("数出表_Excel!"&S2&"4") &INDIRECT("数出表_Excel!"&S2&"5"), INDIRECT("数出表_Excel!"&S2&"3")),"")} | N2: {=IFERROR(IF(OR(COUNTIF(INDIRECT("数出表_Excel!"&T2&"3"),"*キャラ*"), COUNTIF(INDIRECT("数出表_Excel!"&T2&"3"),"*赤*")), INDIRECT("数出表_Excel!"&T2&"3") &" "&INDIRECT("数出表_Excel!"&T2&"4") &INDIRECT("数出表_Excel!"&T2&"5"), INDIRECT("数出表_Excel!"&T2&"3")),"")} | O2: {=IFERROR(IF(OR(COUNTIF(INDIRECT("数出表_Excel!"&U2&"3"),"*キャラ*"), COUNTIF(INDIRECT("数出表_Excel!"&U2&"3"),"*赤*")), INDIRECT("数出表_Excel!"&U2&"3") &" "&INDIRECT("数出表_Excel!"&U2&"4") &INDIRECT("数出表_Excel!"&U2&"5"), INDIRECT("数出表_Excel!"&U2&"3")),"")} | P2: =IFERROR( SUBSTITUTE(ADDRESS(1, IFERROR(COLUMN(INDEX(INDIRECT("数出表_Excel!B"&$I2-1&":T"&$I2-1&""),1,MATCH(TEXT(B2,0),INDIRECT("数出表_Excel!B"&$I2-1&":T"&$I2-1&""),0))),""),4),"1",""), "") -> C | Q2: =IFERROR( SUBSTITUTE(ADDRESS(1, IFERROR(COLUMN(INDEX(INDIRECT("数出表_Excel!B"&$I2-1&":T"&$I2-1&""),1,MATCH(TEXT(C2,0),INDIRECT("数出表_Excel!B"&$I2-1&":T"&$I2-1&""),0))),""),4),"1",""), "") | R2: =IFERROR( SUBSTITUTE(ADDRESS(1, IFERROR(COLUMN(INDEX(INDIRECT("数出表_Excel!B"&$I2-1&":T"&$I2-1&""),1,MATCH(TEXT(D2,0),INDIRECT("数出表_Excel!B"&$I2-1&":T"&$I2-1&""),0))),""),4),"1",""), "") | S2: =IFERROR( SUBSTITUTE(ADDRESS(1, IFERROR(COLUMN(INDEX(INDIRECT("数出表_Excel!B"&$I2&":T"&$I2&""),1,MATCH(TEXT(E2,0),INDIRECT("数出表_Excel!B"&$I2&":T"&$I2&""),0))),""),4),"1",""), "") | T2: =IFERROR( SUBSTITUTE(ADDRESS(1, IFERROR(COLUMN(INDEX(INDIRECT("数出表_Excel!B"&$I2&":T"&$I2&""),1,MATCH(TEXT(F2,0),INDIRECT("数出表_Excel!B"&$I2&":T"&$I2&""),0))),""),4),"1",""), "") | U2: =IFERROR( SUBSTITUTE(ADDRESS(1, IFERROR(COLUMN(INDEX(INDIRECT("数出表_Excel!B"&$I2&":T"&$I2&""),1,MATCH(TEXT(G2,0),INDIRECT("数出表_Excel!B"&$I2&":T"&$I2&""),0))),""),4),"1",""), "") | V2: =TRIM(SUBSTITUTE( IF(COUNTIF(P2:U2,"A")>0,"A ","")& IF(COUNTIF(P2:U2,"B")>0,"B ","")& IF(COUNTIF(P2:U2,"C")>0,"C ","")& IF(COUNTIF(P2:U2,"D")>0,"D ","")& IF(COUNTIF(P2:U2,"E")>0,"E ","")& IF(COUNTIF(P2:U2,"F")>0,"F ","")& IF(COUNTIF(P2:U2,"G")>0,"G ","")& IF(COUNTIF(P2:U2,"H")>0,"H ","")& IF(COUNTIF(P2:U2,"I")>0,"I ","")& IF(COUNTIF(P2:U2,"J")>0,"J ","")& IF(COUNTIF(P2:U2,"K")>0,"K ","")& IF(COUNTIF(P2:U2,"L")>0,"L ","")& IF(COUNTIF(P2:U2,"M")>0,"M ","")& IF(COUNTIF(P2:U2,"N")>0,"N ","")& IF(COUNTIF(P2:U2,"O")>0,"O ","")& IF(COUNTIF(P2:U2,"P")>0,"P ","")& IF(COUNTIF(P2:U2,"Q")>0,"Q ","")& IF(COUNTIF(P2:U2,"R")>0,"R ","")& IF(COUNTIF(P2:U2,"S")>0,"S ","")& IF(COUNTIF(P2:U2,"T")>0,"T ","")& IF(COUNTIF(P2:U2,"U")>0,"U ","")& IF(COUNTIF(P2:U2,"V")>0,"V ","")& IF(COUNTIF(P2:U2,"W")>0,"W ","")& IF(COUNTIF(P2:U2,"X")>0,"X ","")& IF(COUNTIF(P2:U2,"Y")>0,"Y ","")& IF(COUNTIF(P2:U2,"Z")>0,"Z ","")," ",",")) -> C,
A3: シンキングキッズ | B3: 4 | I3: =I2+2 -> 11 | J3: {=IFERROR(IF(OR(COUNTIF(INDIRECT("数出表_Excel!"&P3&"3"),"*キャラ*"), COUNTIF(INDIRECT("数出表_Excel!"&P3&"3"),"*赤*")), IF(COUNTIF(A3,"*雙葉*"),INDIRECT("数出表_Excel!"&P3&"3"), INDIRECT("数出表_Excel!"&P3&"3") &" "&INDIRECT("数出表_Excel!"&P3&"4") &INDIRECT("数出表_Excel!"&P3&"5")), INDIRECT("数出表_Excel!"&P3&"3")),"")} -> 赤 飯あり120 | K3: {=IFERROR(IF(OR(COUNTIF(INDIRECT("数出表_Excel!"&Q3&"3"),"*キャラ*"), COUNTIF(INDIRECT("数出表_Excel!"&Q3&"3"),"*赤*")), INDIRECT("数出表_Excel!"&Q3&"3") &" "&INDIRECT("数出表_Excel!"&Q3&"4") &INDIRECT("数出表_Excel!"&Q3&"5"), INDIRECT("数出表_Excel!"&Q3&"3")),"")} | L3: {=IFERROR(IF(OR(COUNTIF(INDIRECT("数出表_Excel!"&R3&"3"),"*キャラ*"), COUNTIF(INDIRECT("数出表_Excel!"&R3&"3"),"*赤*")), INDIRECT("数出表_Excel!"&R3&"3") &" "&INDIRECT("数出表_Excel!"&R3&"4") &INDIRECT("数出表_Excel!"&R3&"5"), INDIRECT("数出表_Excel!"&R3&"3")),"")} | M3: {=IFERROR(IF(OR(COUNTIF(INDIRECT("数出表_Excel!"&S3&"3"),"*キャラ*"), COUNTIF(INDIRECT("数出表_Excel!"&S3&"3"),"*赤*")), INDIRECT("数出表_Excel!"&S3&"3") &" "&INDIRECT("数出表_Excel!"&S3&"4") &INDIRECT("数出表_Excel!"&S3&"5"), INDIRECT("数出表_Excel!"&S3&"3")),"")} | N3: {=IFERROR(IF(OR(COUNTIF(INDIRECT("数出表_Excel!"&T3&"3"),"*キャラ*"), COUNTIF(INDIRECT("数出表_Excel!"&T3&"3"),"*赤*")), INDIRECT("数出表_Excel!"&T3&"3") &" "&INDIRECT("数出表_Excel!"&T3&"4") &INDIRECT("数出表_Excel!"&T3&"5"), INDIRECT("数出表_Excel!"&T3&"3")),"")} | O3: {=IFERROR(IF(OR(COUNTIF(INDIRECT("数出表_Excel!"&U3&"3"),"*キャラ*"), COUNTIF(INDIRECT("数出表_Excel!"&U3&"3"),"*赤*")), INDIRECT("数出表_Excel!"&U3&"3") &" "&INDIRECT("数出表_Excel!"&U3&"4") &INDIRECT("数出表_Excel!"&U3&"5"), INDIRECT("数出表_Excel!"&U3&"3")),"")} | P3: =IFERROR( SUBSTITUTE(ADDRESS(1, IFERROR(COLUMN(INDEX(INDIRECT("数出表_Excel!B"&$I3-1&":T"&$I3-1&""),1,MATCH(TEXT(B3,0),INDIRECT("数出表_Excel!B"&$I3-1&":T"&$I3-1&""),0))),""),4),"1",""), "") -> G | Q3: =IFERROR( SUBSTITUTE(ADDRESS(1, IFERROR(COLUMN(INDEX(INDIRECT("数出表_Excel!B"&$I3-1&":T"&$I3-1&""),1,MATCH(TEXT(C3,0),INDIRECT("数出表_Excel!B"&$I3-1&":T"&$I3-1&""),0))),""),4),"1",""), "") | R3: =IFERROR( SUBSTITUTE(ADDRESS(1, IFERROR(COLUMN(INDEX(INDIRECT("数出表_Excel!B"&$I3-1&":T"&$I3-1&""),1,MATCH(TEXT(D3,0),INDIRECT("数出表_Excel!B"&$I3-1&":T"&$I3-1&""),0))),""),4),"1",""), "") | S3: =IFERROR( SUBSTITUTE(ADDRESS(1, IFERROR(COLUMN(INDEX(INDIRECT("数出表_Excel!B"&$I3&":T"&$I3&""),1,MATCH(TEXT(E3,0),INDIRECT("数出表_Excel!B"&$I3&":T"&$I3&""),0))),""),4),"1",""), "") | T3: =IFERROR( SUBSTITUTE(ADDRESS(1, IFERROR(COLUMN(INDEX(INDIRECT("数出表_Excel!B"&$I3&":T"&$I3&""),1,MATCH(TEXT(F3,0),INDIRECT("数出表_Excel!B"&$I3&":T"&$I3&""),0))),""),4),"1",""), "") | U3: =IFERROR( SUBSTITUTE(ADDRESS(1, IFERROR(COLUMN(INDEX(INDIRECT("数出表_Excel!B"&$I3&":T"&$I3&""),1,MATCH(TEXT(G3,0),INDIRECT("数出表_Excel!B"&$I3&":T"&$I3&""),0))),""),4),"1",""), "") | V3: =TRIM(SUBSTITUTE( IF(COUNTIF(P3:U3,"A")>0,"A ","")& IF(COUNTIF(P3:U3,"B")>0,"B ","")& IF(COUNTIF(P3:U3,"C")>0,"C ","")& IF(COUNTIF(P3:U3,"D")>0,"D ","")& IF(COUNTIF(P3:U3,"E")>0,"E ","")& IF(COUNTIF(P3:U3,"F")>0,"F ","")& IF(COUNTIF(P3:U3,"G")>0,"G ","")& IF(COUNTIF(P3:U3,"H")>0,"H ","")& IF(COUNTIF(P3:U3,"I")>0,"I ","")& IF(COUNTIF(P3:U3,"J")>0,"J ","")& IF(COUNTIF(P3:U3,"K")>0,"K ","")& IF(COUNTIF(P3:U3,"L")>0,"L ","")& IF(COUNTIF(P3:U3,"M")>0,"M ","")& IF(COUNTIF(P3:U3,"N")>0,"N ","")& IF(COUNTIF(P3:U3,"O")>0,"O ","")& IF(COUNTIF(P3:U3,"P")>0,"P ","")& IF(COUNTIF(P3:U3,"Q")>0,"Q ","")& IF(COUNTIF(P3:U3,"R")>0,"R ","")& IF(COUNTIF(P3:U3,"S")>0,"S ","")& IF(COUNTIF(P3:U3,"T")>0,"T ","")& IF(COUNTIF(P3:U3,"U")>0,"U ","")& IF(COUNTIF(P3:U3,"V")>0,"V ","")& IF(COUNTIF(P3:U3,"W")>0,"W ","")& IF(COUNTIF(P3:U3,"X")>0,"X ","")& IF(COUNTIF(P3:U3,"Y")>0,"Y ","")& IF(COUNTIF(P3:U3,"Z")>0,"Z ","")," ",",")) -> G,
A4: なないろキッズ | B4: 9 | I4: =I3+2 -> 13 | J4: {=IFERROR(IF(OR(COUNTIF(INDIRECT("数出表_Excel!"&P4&"3"),"*キャラ*"), COUNTIF(INDIRECT("数出表_Excel!"&P4&"3"),"*赤*")), IF(COUNTIF(A4,"*雙葉*"),INDIRECT("数出表_Excel!"&P4&"3"), INDIRECT("数出表_Excel!"&P4&"3") &" "&INDIRECT("数出表_Excel!"&P4&"4") &INDIRECT("数出表_Excel!"&P4&"5")), INDIRECT("数出表_Excel!"&P4&"3")),"")} -> 赤 飯あり120 | K4: {=IFERROR(IF(OR(COUNTIF(INDIRECT("数出表_Excel!"&Q4&"3"),"*キャラ*"), COUNTIF(INDIRECT("数出表_Excel!"&Q4&"3"),"*赤*")), INDIRECT("数出表_Excel!"&Q4&"3") &" "&INDIRECT("数出表_Excel!"&Q4&"4") &INDIRECT("数出表_Excel!"&Q4&"5"), INDIRECT("数出表_Excel!"&Q4&"3")),"")} | L4: {=IFERROR(IF(OR(COUNTIF(INDIRECT("数出表_Excel!"&R4&"3"),"*キャラ*"), COUNTIF(INDIRECT("数出表_Excel!"&R4&"3"),"*赤*")), INDIRECT("数出表_Excel!"&R4&"3") &" "&INDIRECT("数出表_Excel!"&R4&"4") &INDIRECT("数出表_Excel!"&R4&"5"), INDIRECT("数出表_Excel!"&R4&"3")),"")} | M4: {=IFERROR(IF(OR(COUNTIF(INDIRECT("数出表_Excel!"&S4&"3"),"*キャラ*"), COUNTIF(INDIRECT("数出表_Excel!"&S4&"3"),"*赤*")), INDIRECT("数出表_Excel!"&S4&"3") &" "&INDIRECT("数出表_Excel!"&S4&"4") &INDIRECT("数出表_Excel!"&S4&"5"), INDIRECT("数出表_Excel!"&S4&"3")),"")} | N4: {=IFERROR(IF(OR(COUNTIF(INDIRECT("数出表_Excel!"&T4&"3"),"*キャラ*"), COUNTIF(INDIRECT("数出表_Excel!"&T4&"3"),"*赤*")), INDIRECT("数出表_Excel!"&T4&"3") &" "&INDIRECT("数出表_Excel!"&T4&"4") &INDIRECT("数出表_Excel!"&T4&"5"), INDIRECT("数出表_Excel!"&T4&"3")),"")} | O4: {=IFERROR(IF(OR(COUNTIF(INDIRECT("数出表_Excel!"&U4&"3"),"*キャラ*"), COUNTIF(INDIRECT("数出表_Excel!"&U4&"3"),"*赤*")), INDIRECT("数出表_Excel!"&U4&"3") &" "&INDIRECT("数出表_Excel!"&U4&"4") &INDIRECT("数出表_Excel!"&U4&"5"), INDIRECT("数出表_Excel!"&U4&"3")),"")} | P4: =IFERROR( SUBSTITUTE(ADDRESS(1, IFERROR(COLUMN(INDEX(INDIRECT("数出表_Excel!B"&$I4-1&":T"&$I4-1&""),1,MATCH(TEXT(B4,0),INDIRECT("数出表_Excel!B"&$I4-1&":T"&$I4-1&""),0))),""),4),"1",""), "") -> G | Q4: =IFERROR( SUBSTITUTE(ADDRESS(1, IFERROR(COLUMN(INDEX(INDIRECT("数出表_Excel!B"&$I4-1&":T"&$I4-1&""),1,MATCH(TEXT(C4,0),INDIRECT("数出表_Excel!B"&$I4-1&":T"&$I4-1&""),0))),""),4),"1",""), "") | R4: =IFERROR( SUBSTITUTE(ADDRESS(1, IFERROR(COLUMN(INDEX(INDIRECT("数出表_Excel!B"&$I4-1&":T"&$I4-1&""),1,MATCH(TEXT(D4,0),INDIRECT("数出表_Excel!B"&$I4-1&":T"&$I4-1&""),0))),""),4),"1",""), "") | S4: =IFERROR( SUBSTITUTE(ADDRESS(1, IFERROR(COLUMN(INDEX(INDIRECT("数出表_Excel!B"&$I4&":T"&$I4&""),1,MATCH(TEXT(E4,0),INDIRECT("数出表_Excel!B"&$I4&":T"&$I4&""),0))),""),4),"1",""), "") | T4: =IFERROR( SUBSTITUTE(ADDRESS(1, IFERROR(COLUMN(INDEX(INDIRECT("数出表_Excel!B"&$I4&":T"&$I4&""),1,MATCH(TEXT(F4,0),INDIRECT("数出表_Excel!B"&$I4&":T"&$I4&""),0))),""),4),"1",""), "") | U4: =IFERROR( SUBSTITUTE(ADDRESS(1, IFERROR(COLUMN(INDEX(INDIRECT("数出表_Excel!B"&$I4&":T"&$I4&""),1,MATCH(TEXT(G4,0),INDIRECT("数出表_Excel!B"&$I4&":T"&$I4&""),0))),""),4),"1",""), "") | V4: =TRIM(SUBSTITUTE( IF(COUNTIF(P4:U4,"A")>0,"A ","")& IF(COUNTIF(P4:U4,"B")>0,"B ","")& IF(COUNTIF(P4:U4,"C")>0,"C ","")& IF(COUNTIF(P4:U4,"D")>0,"D ","")& IF(COUNTIF(P4:U4,"E")>0,"E ","")& IF(COUNTIF(P4:U4,"F")>0,"F ","")& IF(COUNTIF(P4:U4,"G")>0,"G ","")& IF(COUNTIF(P4:U4,"H")>0,"H ","")& IF(COUNTIF(P4:U4,"I")>0,"I ","")& IF(COUNTIF(P4:U4,"J")>0,"J ","")& IF(COUNTIF(P4:U4,"K")>0,"K ","")& IF(COUNTIF(P4:U4,"L")>0,"L ","")& IF(COUNTIF(P4:U4,"M")>0,"M ","")& IF(COUNTIF(P4:U4,"N")>0,"N ","")& IF(COUNTIF(P4:U4,"O")>0,"O ","")& IF(COUNTIF(P4:U4,"P")>0,"P ","")& IF(COUNTIF(P4:U4,"Q")>0,"Q ","")& IF(COUNTIF(P4:U4,"R")>0,"R ","")& IF(COUNTIF(P4:U4,"S")>0,"S ","")& IF(COUNTIF(P4:U4,"T")>0,"T ","")& IF(COUNTIF(P4:U4,"U")>0,"U ","")& IF(COUNTIF(P4:U4,"V")>0,"V ","")& IF(COUNTIF(P4:U4,"W")>0,"W ","")& IF(COUNTIF(P4:U4,"X")>0,"X ","")& IF(COUNTIF(P4:U4,"Y")>0,"Y ","")& IF(COUNTIF(P4:U4,"Z")>0,"Z ","")," ",",")) -> G,
A5: 博多南 週3ｺｰｽ | B5: 52 | C5: 1 | E5: 12 | F5: 2 | I5: =I4+2 -> 15 | J5: {=IFERROR(IF(OR(COUNTIF(INDIRECT("数出表_Excel!"&P5&"3"),"*キャラ*"), COUNTIF(INDIRECT("数出表_Excel!"&P5&"3"),"*赤*")), IF(COUNTIF(A5,"*雙葉*"),INDIRECT("数出表_Excel!"&P5&"3"), INDIRECT("数出表_Excel!"&P5&"3") &" "&INDIRECT("数出表_Excel!"&P5&"4") &INDIRECT("数出表_Excel!"&P5&"5")), INDIRECT("数出表_Excel!"&P5&"3")),"")} -> キャラ弁当 飯なし | K5: {=IFERROR(IF(OR(COUNTIF(INDIRECT("数出表_Excel!"&Q5&"3"),"*キャラ*"), COUNTIF(INDIRECT("数出表_Excel!"&Q5&"3"),"*赤*")), INDIRECT("数出表_Excel!"&Q5&"3") &" "&INDIRECT("数出表_Excel!"&Q5&"4") &INDIRECT("数出表_Excel!"&Q5&"5"), INDIRECT("数出表_Excel!"&Q5&"3")),"")} -> ピクニック | L5: {=IFERROR(IF(OR(COUNTIF(INDIRECT("数出表_Excel!"&R5&"3"),"*キャラ*"), COUNTIF(INDIRECT("数出表_Excel!"&R5&"3"),"*赤*")), INDIRECT("数出表_Excel!"&R5&"3") &" "&INDIRECT("数出表_Excel!"&R5&"4") &INDIRECT("数出表_Excel!"&R5&"5"), INDIRECT("数出表_Excel!"&R5&"3")),"")} | M5: {=IFERROR(IF(OR(COUNTIF(INDIRECT("数出表_Excel!"&S5&"3"),"*キャラ*"), COUNTIF(INDIRECT("数出表_Excel!"&S5&"3"),"*赤*")), INDIRECT("数出表_Excel!"&S5&"3") &" "&INDIRECT("数出表_Excel!"&S5&"4") &INDIRECT("数出表_Excel!"&S5&"5"), INDIRECT("数出表_Excel!"&S5&"3")),"")} -> キャラ弁当 飯なし | N5: {=IFERROR(IF(OR(COUNTIF(INDIRECT("数出表_Excel!"&T5&"3"),"*キャラ*"), COUNTIF(INDIRECT("数出表_Excel!"&T5&"3"),"*赤*")), INDIRECT("数出表_Excel!"&T5&"3") &" "&INDIRECT("数出表_Excel!"&T5&"4") &INDIRECT("数出表_Excel!"&T5&"5"), INDIRECT("数出表_Excel!"&T5&"3")),"")} -> ピクニック | O5: {=IFERROR(IF(OR(COUNTIF(INDIRECT("数出表_Excel!"&U5&"3"),"*キャラ*"), COUNTIF(INDIRECT("数出表_Excel!"&U5&"3"),"*赤*")), INDIRECT("数出表_Excel!"&U5&"3") &" "&INDIRECT("数出表_Excel!"&U5&"4") &INDIRECT("数出表_Excel!"&U5&"5"), INDIRECT("数出表_Excel!"&U5&"3")),"")} | P5: =IFERROR( SUBSTITUTE(ADDRESS(1, IFERROR(COLUMN(INDEX(INDIRECT("数出表_Excel!B"&$I5-1&":T"&$I5-1&""),1,MATCH(TEXT(B5,0),INDIRECT("数出表_Excel!B"&$I5-1&":T"&$I5-1&""),0))),""),4),"1",""), "") -> F | Q5: =IFERROR( SUBSTITUTE(ADDRESS(1, IFERROR(COLUMN(INDEX(INDIRECT("数出表_Excel!B"&$I5-1&":T"&$I5-1&""),1,MATCH(TEXT(C5,0),INDIRECT("数出表_Excel!B"&$I5-1&":T"&$I5-1&""),0))),""),4),"1",""), "") -> M | R5: =IFERROR( SUBSTITUTE(ADDRESS(1, IFERROR(COLUMN(INDEX(INDIRECT("数出表_Excel!B"&$I5-1&":T"&$I5-1&""),1,MATCH(TEXT(D5,0),INDIRECT("数出表_Excel!B"&$I5-1&":T"&$I5-1&""),0))),""),4),"1",""), "") | S5: =IFERROR( SUBSTITUTE(ADDRESS(1, IFERROR(COLUMN(INDEX(INDIRECT("数出表_Excel!B"&$I5&":T"&$I5&""),1,MATCH(TEXT(E5,0),INDIRECT("数出表_Excel!B"&$I5&":T"&$I5&""),0))),""),4),"1",""), "") -> F | T5: =IFERROR( SUBSTITUTE(ADDRESS(1, IFERROR(COLUMN(INDEX(INDIRECT("数出表_Excel!B"&$I5&":T"&$I5&""),1,MATCH(TEXT(F5,0),INDIRECT("数出表_Excel!B"&$I5&":T"&$I5&""),0))),""),4),"1",""), "") -> M | U5: =IFERROR( SUBSTITUTE(ADDRESS(1, IFERROR(COLUMN(INDEX(INDIRECT("数出表_Excel!B"&$I5&":T"&$I5&""),1,MATCH(TEXT(G5,0),INDIRECT("数出表_Excel!B"&$I5&":T"&$I5&""),0))),""),4),"1",""), "") | V5: =TRIM(SUBSTITUTE( IF(COUNTIF(P5:U5,"A")>0,"A ","")& IF(COUNTIF(P5:U5,"B")>0,"B ","")& IF(COUNTIF(P5:U5,"C")>0,"C ","")& IF(COUNTIF(P5:U5,"D")>0,"D ","")& IF(COUNTIF(P5:U5,"E")>0,"E ","")& IF(COUNTIF(P5:U5,"F")>0,"F ","")& IF(COUNTIF(P5:U5,"G")>0,"G ","")& IF(COUNTIF(P5:U5,"H")>0,"H ","")& IF(COUNTIF(P5:U5,"I")>0,"I ","")& IF(COUNTIF(P5:U5,"J")>0,"J ","")& IF(COUNTIF(P5:U5,"K")>0,"K ","")& IF(COUNTIF(P5:U5,"L")>0,"L ","")& IF(COUNTIF(P5:U5,"M")>0,"M ","")& IF(COUNTIF(P5:U5,"N")>0,"N ","")& IF(COUNTIF(P5:U5,"O")>0,"O ","")& IF(COUNTIF(P5:U5,"P")>0,"P ","")& IF(COUNTIF(P5:U5,"Q")>0,"Q ","")& IF(COUNTIF(P5:U5,"R")>0,"R ","")& IF(COUNTIF(P5:U5,"S")>0,"S ","")& IF(COUNTIF(P5:U5,"T")>0,"T ","")& IF(COUNTIF(P5:U5,"U")>0,"U ","")& IF(COUNTIF(P5:U5,"V")>0,"V ","")& IF(COUNTIF(P5:U5,"W")>0,"W ","")& IF(COUNTIF(P5:U5,"X")>0,"X ","")& IF(COUNTIF(P5:U5,"Y")>0,"Y ","")& IF(COUNTIF(P5:U5,"Z")>0,"Z ","")," ",",")) -> F,M,
A6: 博多南 週5ｺｰｽ | B6: 154 | C6: 36 | I6: =I5+2 -> 17 | J6: {=IFERROR(IF(OR(COUNTIF(INDIRECT("数出表_Excel!"&P6&"3"),"*キャラ*"), COUNTIF(INDIRECT("数出表_Excel!"&P6&"3"),"*赤*")), IF(COUNTIF(A6,"*雙葉*"),INDIRECT("数出表_Excel!"&P6&"3"), INDIRECT("数出表_Excel!"&P6&"3") &" "&INDIRECT("数出表_Excel!"&P6&"4") &INDIRECT("数出表_Excel!"&P6&"5")), INDIRECT("数出表_Excel!"&P6&"3")),"")} -> キャラ弁当 飯なし | K6: {=IFERROR(IF(OR(COUNTIF(INDIRECT("数出表_Excel!"&Q6&"3"),"*キャラ*"), COUNTIF(INDIRECT("数出表_Excel!"&Q6&"3"),"*赤*")), INDIRECT("数出表_Excel!"&Q6&"3") &" "&INDIRECT("数出表_Excel!"&Q6&"4") &INDIRECT("数出表_Excel!"&Q6&"5"), INDIRECT("数出表_Excel!"&Q6&"3")),"")} -> ピクニック | L6: {=IFERROR(IF(OR(COUNTIF(INDIRECT("数出表_Excel!"&R6&"3"),"*キャラ*"), COUNTIF(INDIRECT("数出表_Excel!"&R6&"3"),"*赤*")), INDIRECT("数出表_Excel!"&R6&"3") &" "&INDIRECT("数出表_Excel!"&R6&"4") &INDIRECT("数出表_Excel!"&R6&"5"), INDIRECT("数出表_Excel!"&R6&"3")),"")} | M6: {=IFERROR(IF(OR(COUNTIF(INDIRECT("数出表_Excel!"&S6&"3"),"*キャラ*"), COUNTIF(INDIRECT("数出表_Excel!"&S6&"3"),"*赤*")), INDIRECT("数出表_Excel!"&S6&"3") &" "&INDIRECT("数出表_Excel!"&S6&"4") &INDIRECT("数出表_Excel!"&S6&"5"), INDIRECT("数出表_Excel!"&S6&"3")),"")} | N6: {=IFERROR(IF(OR(COUNTIF(INDIRECT("数出表_Excel!"&T6&"3"),"*キャラ*"), COUNTIF(INDIRECT("数出表_Excel!"&T6&"3"),"*赤*")), INDIRECT("数出表_Excel!"&T6&"3") &" "&INDIRECT("数出表_Excel!"&T6&"4") &INDIRECT("数出表_Excel!"&T6&"5"), INDIRECT("数出表_Excel!"&T6&"3")),"")} | O6: {=IFERROR(IF(OR(COUNTIF(INDIRECT("数出表_Excel!"&U6&"3"),"*キャラ*"), COUNTIF(INDIRECT("数出表_Excel!"&U6&"3"),"*赤*")), INDIRECT("数出表_Excel!"&U6&"3") &" "&INDIRECT("数出表_Excel!"&U6&"4") &INDIRECT("数出表_Excel!"&U6&"5"), INDIRECT("数出表_Excel!"&U6&"3")),"")} | P6: =IFERROR( SUBSTITUTE(ADDRESS(1, IFERROR(COLUMN(INDEX(INDIRECT("数出表_Excel!B"&$I6-1&":T"&$I6-1&""),1,MATCH(TEXT(B6,0),INDIRECT("数出表_Excel!B"&$I6-1&":T"&$I6-1&""),0))),""),4),"1",""), "") -> F | Q6: =IFERROR( SUBSTITUTE(ADDRESS(1, IFERROR(COLUMN(INDEX(INDIRECT("数出表_Excel!B"&$I6-1&":T"&$I6-1&""),1,MATCH(TEXT(C6,0),INDIRECT("数出表_Excel!B"&$I6-1&":T"&$I6-1&""),0))),""),4),"1",""), "") -> M | R6: =IFERROR( SUBSTITUTE(ADDRESS(1, IFERROR(COLUMN(INDEX(INDIRECT("数出表_Excel!B"&$I6-1&":T"&$I6-1&""),1,MATCH(TEXT(D6,0),INDIRECT("数出表_Excel!B"&$I6-1&":T"&$I6-1&""),0))),""),4),"1",""), "") | S6: =IFERROR( SUBSTITUTE(ADDRESS(1, IFERROR(COLUMN(INDEX(INDIRECT("数出表_Excel!B"&$I6&":T"&$I6&""),1,MATCH(TEXT(E6,0),INDIRECT("数出表_Excel!B"&$I6&":T"&$I6&""),0))),""),4),"1",""), "") | T6: =IFERROR( SUBSTITUTE(ADDRESS(1, IFERROR(COLUMN(INDEX(INDIRECT("数出表_Excel!B"&$I6&":T"&$I6&""),1,MATCH(TEXT(F6,0),INDIRECT("数出表_Excel!B"&$I6&":T"&$I6&""),0))),""),4),"1",""), "") | U6: =IFERROR( SUBSTITUTE(ADDRESS(1, IFERROR(COLUMN(INDEX(INDIRECT("数出表_Excel!B"&$I6&":T"&$I6&""),1,MATCH(TEXT(G6,0),INDIRECT("数出表_Excel!B"&$I6&":T"&$I6&""),0))),""),4),"1",""), "") | V6: =TRIM(SUBSTITUTE( IF(COUNTIF(P6:U6,"A")>0,"A ","")& IF(COUNTIF(P6:U6,"B")>0,"B ","")& IF(COUNTIF(P6:U6,"C")>0,"C ","")& IF(COUNTIF(P6:U6,"D")>0,"D ","")& IF(COUNTIF(P6:U6,"E")>0,"E ","")& IF(COUNTIF(P6:U6,"F")>0,"F ","")& IF(COUNTIF(P6:U6,"G")>0,"G ","")& IF(COUNTIF(P6:U6,"H")>0,"H ","")& IF(COUNTIF(P6:U6,"I")>0,"I ","")& IF(COUNTIF(P6:U6,"J")>0,"J ","")& IF(COUNTIF(P6:U6,"K")>0,"K ","")& IF(COUNTIF(P6:U6,"L")>0,"L ","")& IF(COUNTIF(P6:U6,"M")>0,"M ","")& IF(COUNTIF(P6:U6,"N")>0,"N ","")& IF(COUNTIF(P6:U6,"O")>0,"O ","")& IF(COUNTIF(P6:U6,"P")>0,"P ","")& IF(COUNTIF(P6:U6,"Q")>0,"Q ","")& IF(COUNTIF(P6:U6,"R")>0,"R ","")& IF(COUNTIF(P6:U6,"S")>0,"S ","")& IF(COUNTIF(P6:U6,"T")>0,"T ","")& IF(COUNTIF(P6:U6,"U")>0,"U ","")& IF(COUNTIF(P6:U6,"V")>0,"V ","")& IF(COUNTIF(P6:U6,"W")>0,"W ","")& IF(COUNTIF(P6:U6,"X")>0,"X ","")& IF(COUNTIF(P6:U6,"Y")>0,"Y ","")& IF(COUNTIF(P6:U6,"Z")>0,"Z ","")," ",",")) -> F,M,
A7: 博多南（補助教員） web | E7: 4 | I7: =I6+2 -> 19 | J7: {=IFERROR(IF(OR(COUNTIF(INDIRECT("数出表_Excel!"&P7&"3"),"*キャラ*"), COUNTIF(INDIRECT("数出表_Excel!"&P7&"3"),"*赤*")), IF(COUNTIF(A7,"*雙葉*"),INDIRECT("数出表_Excel!"&P7&"3"), INDIRECT("数出表_Excel!"&P7&"3") &" "&INDIRECT("数出表_Excel!"&P7&"4") &INDIRECT("数出表_Excel!"&P7&"5")), INDIRECT("数出表_Excel!"&P7&"3")),"")} | K7: {=IFERROR(IF(OR(COUNTIF(INDIRECT("数出表_Excel!"&Q7&"3"),"*キャラ*"), COUNTIF(INDIRECT("数出表_Excel!"&Q7&"3"),"*赤*")), INDIRECT("数出表_Excel!"&Q7&"3") &" "&INDIRECT("数出表_Excel!"&Q7&"4") &INDIRECT("数出表_Excel!"&Q7&"5"), INDIRECT("数出表_Excel!"&Q7&"3")),"")} | L7: {=IFERROR(IF(OR(COUNTIF(INDIRECT("数出表_Excel!"&R7&"3"),"*キャラ*"), COUNTIF(INDIRECT("数出表_Excel!"&R7&"3"),"*赤*")), INDIRECT("数出表_Excel!"&R7&"3") &" "&INDIRECT("数出表_Excel!"&R7&"4") &INDIRECT("数出表_Excel!"&R7&"5"), INDIRECT("数出表_Excel!"&R7&"3")),"")} | M7: {=IFERROR(IF(OR(COUNTIF(INDIRECT("数出表_Excel!"&S7&"3"),"*キャラ*"), COUNTIF(INDIRECT("数出表_Excel!"&S7&"3"),"*赤*")), INDIRECT("数出表_Excel!"&S7&"3") &" "&INDIRECT("数出表_Excel!"&S7&"4") &INDIRECT("数出表_Excel!"&S7&"5"), INDIRECT("数出表_Excel!"&S7&"3")),"")} -> キャラ弁当 飯あり120 | N7: {=IFERROR(IF(OR(COUNTIF(INDIRECT("数出表_Excel!"&T7&"3"),"*キャラ*"), COUNTIF(INDIRECT("数出表_Excel!"&T7&"3"),"*赤*")), INDIRECT("数出表_Excel!"&T7&"3") &" "&INDIRECT("数出表_Excel!"&T7&"4") &INDIRECT("数出表_Excel!"&T7&"5"), INDIRECT("数出表_Excel!"&T7&"3")),"")} | O7: {=IFERROR(IF(OR(COUNTIF(INDIRECT("数出表_Excel!"&U7&"3"),"*キャラ*"), COUNTIF(INDIRECT("数出表_Excel!"&U7&"3"),"*赤*")), INDIRECT("数出表_Excel!"&U7&"3") &" "&INDIRECT("数出表_Excel!"&U7&"4") &INDIRECT("数出表_Excel!"&U7&"5"), INDIRECT("数出表_Excel!"&U7&"3")),"")} | P7: =IFERROR( SUBSTITUTE(ADDRESS(1, IFERROR(COLUMN(INDEX(INDIRECT("数出表_Excel!B"&$I7-1&":T"&$I7-1&""),1,MATCH(TEXT(B7,0),INDIRECT("数出表_Excel!B"&$I7-1&":T"&$I7-1&""),0))),""),4),"1",""), "") | Q7: =IFERROR( SUBSTITUTE(ADDRESS(1, IFERROR(COLUMN(INDEX(INDIRECT("数出表_Excel!B"&$I7-1&":T"&$I7-1&""),1,MATCH(TEXT(C7,0),INDIRECT("数出表_Excel!B"&$I7-1&":T"&$I7-1&""),0))),""),4),"1",""), "") | R7: =IFERROR( SUBSTITUTE(ADDRESS(1, IFERROR(COLUMN(INDEX(INDIRECT("数出表_Excel!B"&$I7-1&":T"&$I7-1&""),1,MATCH(TEXT(D7,0),INDIRECT("数出表_Excel!B"&$I7-1&":T"&$I7-1&""),0))),""),4),"1",""), "") | S7: =IFERROR( SUBSTITUTE(ADDRESS(1, IFERROR(COLUMN(INDEX(INDIRECT("数出表_Excel!B"&$I7&":T"&$I7&""),1,MATCH(TEXT(E7,0),INDIRECT("数出表_Excel!B"&$I7&":T"&$I7&""),0))),""),4),"1",""), "") -> D | T7: =IFERROR( SUBSTITUTE(ADDRESS(1, IFERROR(COLUMN(INDEX(INDIRECT("数出表_Excel!B"&$I7&":T"&$I7&""),1,MATCH(TEXT(F7,0),INDIRECT("数出表_Excel!B"&$I7&":T"&$I7&""),0))),""),4),"1",""), "") | U7: =IFERROR( SUBSTITUTE(ADDRESS(1, IFERROR(COLUMN(INDEX(INDIRECT("数出表_Excel!B"&$I7&":T"&$I7&""),1,MATCH(TEXT(G7,0),INDIRECT("数出表_Excel!B"&$I7&":T"&$I7&""),0))),""),4),"1",""), "") | V7: =TRIM(SUBSTITUTE( IF(COUNTIF(P7:U7,"A")>0,"A ","")& IF(COUNTIF(P7:U7,"B")>0,"B ","")& IF(COUNTIF(P7:U7,"C")>0,"C ","")& IF(COUNTIF(P7:U7,"D")>0,"D ","")& IF(COUNTIF(P7:U7,"E")>0,"E ","")& IF(COUNTIF(P7:U7,"F")>0,"F ","")& IF(COUNTIF(P7:U7,"G")>0,"G ","")& IF(COUNTIF(P7:U7,"H")>0,"H ","")& IF(COUNTIF(P7:U7,"I")>0,"I ","")& IF(COUNTIF(P7:U7,"J")>0,"J ","")& IF(COUNTIF(P7:U7,"K")>0,"K ","")& IF(COUNTIF(P7:U7,"L")>0,"L ","")& IF(COUNTIF(P7:U7,"M")>0,"M ","")& IF(COUNTIF(P7:U7,"N")>0,"N ","")& IF(COUNTIF(P7:U7,"O")>0,"O ","")& IF(COUNTIF(P7:U7,"P")>0,"P ","")& IF(COUNTIF(P7:U7,"Q")>0,"Q ","")& IF(COUNTIF(P7:U7,"R")>0,"R ","")& IF(COUNTIF(P7:U7,"S")>0,"S ","")& IF(COUNTIF(P7:U7,"T")>0,"T ","")& IF(COUNTIF(P7:U7,"U")>0,"U ","")& IF(COUNTIF(P7:U7,"V")>0,"V ","")& IF(COUNTIF(P7:U7,"W")>0,"W ","")& IF(COUNTIF(P7:U7,"X")>0,"X ","")& IF(COUNTIF(P7:U7,"Y")>0,"Y ","")& IF(COUNTIF(P7:U7,"Z")>0,"Z ","")," ",",")) -> D,
A8: 博多中央 週3ｺｰｽ | B8: 139 | E8: 20 | I8: =I7+2 -> 21 | J8: {=IFERROR(IF(OR(COUNTIF(INDIRECT("数出表_Excel!"&P8&"3"),"*キャラ*"), COUNTIF(INDIRECT("数出表_Excel!"&P8&"3"),"*赤*")), IF(COUNTIF(A8,"*雙葉*"),INDIRECT("数出表_Excel!"&P8&"3"), INDIRECT("数出表_Excel!"&P8&"3") &" "&INDIRECT("数出表_Excel!"&P8&"4") &INDIRECT("数出表_Excel!"&P8&"5")), INDIRECT("数出表_Excel!"&P8&"3")),"")} -> キャラ弁当 飯なし | K8: {=IFERROR(IF(OR(COUNTIF(INDIRECT("数出表_Excel!"&Q8&"3"),"*キャラ*"), COUNTIF(INDIRECT("数出表_Excel!"&Q8&"3"),"*赤*")), INDIRECT("数出表_Excel!"&Q8&"3") &" "&INDIRECT("数出表_Excel!"&Q8&"4") &INDIRECT("数出表_Excel!"&Q8&"5"), INDIRECT("数出表_Excel!"&Q8&"3")),"")} | L8: {=IFERROR(IF(OR(COUNTIF(INDIRECT("数出表_Excel!"&R8&"3"),"*キャラ*"), COUNTIF(INDIRECT("数出表_Excel!"&R8&"3"),"*赤*")), INDIRECT("数出表_Excel!"&R8&"3") &" "&INDIRECT("数出表_Excel!"&R8&"4") &INDIRECT("数出表_Excel!"&R8&"5"), INDIRECT("数出表_Excel!"&R8&"3")),"")} | M8: {=IFERROR(IF(OR(COUNTIF(INDIRECT("数出表_Excel!"&S8&"3"),"*キャラ*"), COUNTIF(INDIRECT("数出表_Excel!"&S8&"3"),"*赤*")), INDIRECT("数出表_Excel!"&S8&"3") &" "&INDIRECT("数出表_Excel!"&S8&"4") &INDIRECT("数出表_Excel!"&S8&"5"), INDIRECT("数出表_Excel!"&S8&"3")),"")} -> キャラ弁当 飯なし | N8: {=IFERROR(IF(OR(COUNTIF(INDIRECT("数出表_Excel!"&T8&"3"),"*キャラ*"), COUNTIF(INDIRECT("数出表_Excel!"&T8&"3"),"*赤*")), INDIRECT("数出表_Excel!"&T8&"3") &" "&INDIRECT("数出表_Excel!"&T8&"4") &INDIRECT("数出表_Excel!"&T8&"5"), INDIRECT("数出表_Excel!"&T8&"3")),"")} | O8: {=IFERROR(IF(OR(COUNTIF(INDIRECT("数出表_Excel!"&U8&"3"),"*キャラ*"), COUNTIF(INDIRECT("数出表_Excel!"&U8&"3"),"*赤*")), INDIRECT("数出表_Excel!"&U8&"3") &" "&INDIRECT("数出表_Excel!"&U8&"4") &INDIRECT("数出表_Excel!"&U8&"5"), INDIRECT("数出表_Excel!"&U8&"3")),"")} | P8: =IFERROR( SUBSTITUTE(ADDRESS(1, IFERROR(COLUMN(INDEX(INDIRECT("数出表_Excel!B"&$I8-1&":T"&$I8-1&""),1,MATCH(TEXT(B8,0),INDIRECT("数出表_Excel!B"&$I8-1&":T"&$I8-1&""),0))),""),4),"1",""), "") -> F | Q8: =IFERROR( SUBSTITUTE(ADDRESS(1, IFERROR(COLUMN(INDEX(INDIRECT("数出表_Excel!B"&$I8-1&":T"&$I8-1&""),1,MATCH(TEXT(C8,0),INDIRECT("数出表_Excel!B"&$I8-1&":T"&$I8-1&""),0))),""),4),"1",""), "") | R8: =IFERROR( SUBSTITUTE(ADDRESS(1, IFERROR(COLUMN(INDEX(INDIRECT("数出表_Excel!B"&$I8-1&":T"&$I8-1&""),1,MATCH(TEXT(D8,0),INDIRECT("数出表_Excel!B"&$I8-1&":T"&$I8-1&""),0))),""),4),"1",""), "") | S8: =IFERROR( SUBSTITUTE(ADDRESS(1, IFERROR(COLUMN(INDEX(INDIRECT("数出表_Excel!B"&$I8&":T"&$I8&""),1,MATCH(TEXT(E8,0),INDIRECT("数出表_Excel!B"&$I8&":T"&$I8&""),0))),""),4),"1",""), "") -> F | T8: =IFERROR( SUBSTITUTE(ADDRESS(1, IFERROR(COLUMN(INDEX(INDIRECT("数出表_Excel!B"&$I8&":T"&$I8&""),1,MATCH(TEXT(F8,0),INDIRECT("数出表_Excel!B"&$I8&":T"&$I8&""),0))),""),4),"1",""), "") | U8: =IFERROR( SUBSTITUTE(ADDRESS(1, IFERROR(COLUMN(INDEX(INDIRECT("数出表_Excel!B"&$I8&":T"&$I8&""),1,MATCH(TEXT(G8,0),INDIRECT("数出表_Excel!B"&$I8&":T"&$I8&""),0))),""),4),"1",""), "") | V8: =TRIM(SUBSTITUTE( IF(COUNTIF(P8:U8,"A")>0,"A ","")& IF(COUNTIF(P8:U8,"B")>0,"B ","")& IF(COUNTIF(P8:U8,"C")>0,"C ","")& IF(COUNTIF(P8:U8,"D")>0,"D ","")& IF(COUNTIF(P8:U8,"E")>0,"E ","")& IF(COUNTIF(P8:U8,"F")>0,"F ","")& IF(COUNTIF(P8:U8,"G")>0,"G ","")& IF(COUNTIF(P8:U8,"H")>0,"H ","")& IF(COUNTIF(P8:U8,"I")>0,"I ","")& IF(COUNTIF(P8:U8,"J")>0,"J ","")& IF(COUNTIF(P8:U8,"K")>0,"K ","")& IF(COUNTIF(P8:U8,"L")>0,"L ","")& IF(COUNTIF(P8:U8,"M")>0,"M ","")& IF(COUNTIF(P8:U8,"N")>0,"N ","")& IF(COUNTIF(P8:U8,"O")>0,"O ","")& IF(COUNTIF(P8:U8,"P")>0,"P ","")& IF(COUNTIF(P8:U8,"Q")>0,"Q ","")& IF(COUNTIF(P8:U8,"R")>0,"R ","")& IF(COUNTIF(P8:U8,"S")>0,"S ","")& IF(COUNTIF(P8:U8,"T")>0,"T ","")& IF(COUNTIF(P8:U8,"U")>0,"U ","")& IF(COUNTIF(P8:U8,"V")>0,"V ","")& IF(COUNTIF(P8:U8,"W")>0,"W ","")& IF(COUNTIF(P8:U8,"X")>0,"X ","")& IF(COUNTIF(P8:U8,"Y")>0,"Y ","")& IF(COUNTIF(P8:U8,"Z")>0,"Z ","")," ",",")) -> F,
A9: 博多中央 週5ｺｰｽ | B9: 179 | I9: =I8+2 -> 23 | J9: {=IFERROR(IF(OR(COUNTIF(INDIRECT("数出表_Excel!"&P9&"3"),"*キャラ*"), COUNTIF(INDIRECT("数出表_Excel!"&P9&"3"),"*赤*")), IF(COUNTIF(A9,"*雙葉*"),INDIRECT("数出表_Excel!"&P9&"3"), INDIRECT("数出表_Excel!"&P9&"3") &" "&INDIRECT("数出表_Excel!"&P9&"4") &INDIRECT("数出表_Excel!"&P9&"5")), INDIRECT("数出表_Excel!"&P9&"3")),"")} -> キャラ弁当 飯なし | K9: {=IFERROR(IF(OR(COUNTIF(INDIRECT("数出表_Excel!"&Q9&"3"),"*キャラ*"), COUNTIF(INDIRECT("数出表_Excel!"&Q9&"3"),"*赤*")), INDIRECT("数出表_Excel!"&Q9&"3") &" "&INDIRECT("数出表_Excel!"&Q9&"4") &INDIRECT("数出表_Excel!"&Q9&"5"), INDIRECT("数出表_Excel!"&Q9&"3")),"")} | L9: {=IFERROR(IF(OR(COUNTIF(INDIRECT("数出表_Excel!"&R9&"3"),"*キャラ*"), COUNTIF(INDIRECT("数出表_Excel!"&R9&"3"),"*赤*")), INDIRECT("数出表_Excel!"&R9&"3") &" "&INDIRECT("数出表_Excel!"&R9&"4") &INDIRECT("数出表_Excel!"&R9&"5"), INDIRECT("数出表_Excel!"&R9&"3")),"")} | M9: {=IFERROR(IF(OR(COUNTIF(INDIRECT("数出表_Excel!"&S9&"3"),"*キャラ*"), COUNTIF(INDIRECT("数出表_Excel!"&S9&"3"),"*赤*")), INDIRECT("数出表_Excel!"&S9&"3") &" "&INDIRECT("数出表_Excel!"&S9&"4") &INDIRECT("数出表_Excel!"&S9&"5"), INDIRECT("数出表_Excel!"&S9&"3")),"")} | N9: {=IFERROR(IF(OR(COUNTIF(INDIRECT("数出表_Excel!"&T9&"3"),"*キャラ*"), COUNTIF(INDIRECT("数出表_Excel!"&T9&"3"),"*赤*")), INDIRECT("数出表_Excel!"&T9&"3") &" "&INDIRECT("数出表_Excel!"&T9&"4") &INDIRECT("数出表_Excel!"&T9&"5"), INDIRECT("数出表_Excel!"&T9&"3")),"")} | O9: {=IFERROR(IF(OR(COUNTIF(INDIRECT("数出表_Excel!"&U9&"3"),"*キャラ*"), COUNTIF(INDIRECT("数出表_Excel!"&U9&"3"),"*赤*")), INDIRECT("数出表_Excel!"&U9&"3") &" "&INDIRECT("数出表_Excel!"&U9&"4") &INDIRECT("数出表_Excel!"&U9&"5"), INDIRECT("数出表_Excel!"&U9&"3")),"")} | P9: =IFERROR( SUBSTITUTE(ADDRESS(1, IFERROR(COLUMN(INDEX(INDIRECT("数出表_Excel!B"&$I9-1&":T"&$I9-1&""),1,MATCH(TEXT(B9,0),INDIRECT("数出表_Excel!B"&$I9-1&":T"&$I9-1&""),0))),""),4),"1",""), "") -> F | Q9: =IFERROR( SUBSTITUTE(ADDRESS(1, IFERROR(COLUMN(INDEX(INDIRECT("数出表_Excel!B"&$I9-1&":T"&$I9-1&""),1,MATCH(TEXT(C9,0),INDIRECT("数出表_Excel!B"&$I9-1&":T"&$I9-1&""),0))),""),4),"1",""), "") | R9: =IFERROR( SUBSTITUTE(ADDRESS(1, IFERROR(COLUMN(INDEX(INDIRECT("数出表_Excel!B"&$I9-1&":T"&$I9-1&""),1,MATCH(TEXT(D9,0),INDIRECT("数出表_Excel!B"&$I9-1&":T"&$I9-1&""),0))),""),4),"1",""), "") | S9: =IFERROR( SUBSTITUTE(ADDRESS(1, IFERROR(COLUMN(INDEX(INDIRECT("数出表_Excel!B"&$I9&":T"&$I9&""),1,MATCH(TEXT(E9,0),INDIRECT("数出表_Excel!B"&$I9&":T"&$I9&""),0))),""),4),"1",""), "") | T9: =IFERROR( SUBSTITUTE(ADDRESS(1, IFERROR(COLUMN(INDEX(INDIRECT("数出表_Excel!B"&$I9&":T"&$I9&""),1,MATCH(TEXT(F9,0),INDIRECT("数出表_Excel!B"&$I9&":T"&$I9&""),0))),""),4),"1",""), "") | U9: =IFERROR( SUBSTITUTE(ADDRESS(1, IFERROR(COLUMN(INDEX(INDIRECT("数出表_Excel!B"&$I9&":T"&$I9&""),1,MATCH(TEXT(G9,0),INDIRECT("数出表_Excel!B"&$I9&":T"&$I9&""),0))),""),4),"1",""), "") | V9: =TRIM(SUBSTITUTE( IF(COUNTIF(P9:U9,"A")>0,"A ","")& IF(COUNTIF(P9:U9,"B")>0,"B ","")& IF(COUNTIF(P9:U9,"C")>0,"C ","")& IF(COUNTIF(P9:U9,"D")>0,"D ","")& IF(COUNTIF(P9:U9,"E")>0,"E ","")& IF(COUNTIF(P9:U9,"F")>0,"F ","")& IF(COUNTIF(P9:U9,"G")>0,"G ","")& IF(COUNTIF(P9:U9,"H")>0,"H ","")& IF(COUNTIF(P9:U9,"I")>0,"I ","")& IF(COUNTIF(P9:U9,"J")>0,"J ","")& IF(COUNTIF(P9:U9,"K")>0,"K ","")& IF(COUNTIF(P9:U9,"L")>0,"L ","")& IF(COUNTIF(P9:U9,"M")>0,"M ","")& IF(COUNTIF(P9:U9,"N")>0,"N ","")& IF(COUNTIF(P9:U9,"O")>0,"O ","")& IF(COUNTIF(P9:U9,"P")>0,"P ","")& IF(COUNTIF(P9:U9,"Q")>0,"Q ","")& IF(COUNTIF(P9:U9,"R")>0,"R ","")& IF(COUNTIF(P9:U9,"S")>0,"S ","")& IF(COUNTIF(P9:U9,"T")>0,"T ","")& IF(COUNTIF(P9:U9,"U")>0,"U ","")& IF(COUNTIF(P9:U9,"V")>0,"V ","")& IF(COUNTIF(P9:U9,"W")>0,"W ","")& IF(COUNTIF(P9:U9,"X")>0,"X ","")& IF(COUNTIF(P9:U9,"Y")>0,"Y ","")& IF(COUNTIF(P9:U9,"Z")>0,"Z ","")," ",",")) -> F,
A10: 博多中央（補助教員） web | E10: 5 | I10: =I9+2 -> 25 | J10: {=IFERROR(IF(OR(COUNTIF(INDIRECT("数出表_Excel!"&P10&"3"),"*キャラ*"), COUNTIF(INDIRECT("数出表_Excel!"&P10&"3"),"*赤*")), IF(COUNTIF(A10,"*雙葉*"),INDIRECT("数出表_Excel!"&P10&"3"), INDIRECT("数出表_Excel!"&P10&"3") &" "&INDIRECT("数出表_Excel!"&P10&"4") &INDIRECT("数出表_Excel!"&P10&"5")), INDIRECT("数出表_Excel!"&P10&"3")),"")} | K10: {=IFERROR(IF(OR(COUNTIF(INDIRECT("数出表_Excel!"&Q10&"3"),"*キャラ*"), COUNTIF(INDIRECT("数出表_Excel!"&Q10&"3"),"*赤*")), INDIRECT("数出表_Excel!"&Q10&"3") &" "&INDIRECT("数出表_Excel!"&Q10&"4") &INDIRECT("数出表_Excel!"&Q10&"5"), INDIRECT("数出表_Excel!"&Q10&"3")),"")} | L10: {=IFERROR(IF(OR(COUNTIF(INDIRECT("数出表_Excel!"&R10&"3"),"*キャラ*"), COUNTIF(INDIRECT("数出表_Excel!"&R10&"3"),"*赤*")), INDIRECT("数出表_Excel!"&R10&"3") &" "&INDIRECT("数出表_Excel!"&R10&"4") &INDIRECT("数出表_Excel!"&R10&"5"), INDIRECT("数出表_Excel!"&R10&"3")),"")} | M10: {=IFERROR(IF(OR(COUNTIF(INDIRECT("数出表_Excel!"&S10&"3"),"*キャラ*"), COUNTIF(INDIRECT("数出表_Excel!"&S10&"3"),"*赤*")), INDIRECT("数出表_Excel!"&S10&"3") &" "&INDIRECT("数出表_Excel!"&S10&"4") &INDIRECT("数出表_Excel!"&S10&"5"), INDIRECT("数出表_Excel!"&S10&"3")),"")} -> キャラ弁当 飯あり120 | N10: {=IFERROR(IF(OR(COUNTIF(INDIRECT("数出表_Excel!"&T10&"3"),"*キャラ*"), COUNTIF(INDIRECT("数出表_Excel!"&T10&"3"),"*赤*")), INDIRECT("数出表_Excel!"&T10&"3") &" "&INDIRECT("数出表_Excel!"&T10&"4") &INDIRECT("数出表_Excel!"&T10&"5"), INDIRECT("数出表_Excel!"&T10&"3")),"")} | O10: {=IFERROR(IF(OR(COUNTIF(INDIRECT("数出表_Excel!"&U10&"3"),"*キャラ*"), COUNTIF(INDIRECT("数出表_Excel!"&U10&"3"),"*赤*")), INDIRECT("数出表_Excel!"&U10&"3") &" "&INDIRECT("数出表_Excel!"&U10&"4") &INDIRECT("数出表_Excel!"&U10&"5"), INDIRECT("数出表_Excel!"&U10&"3")),"")} | P10: =IFERROR( SUBSTITUTE(ADDRESS(1, IFERROR(COLUMN(INDEX(INDIRECT("数出表_Excel!B"&$I10-1&":T"&$I10-1&""),1,MATCH(TEXT(B10,0),INDIRECT("数出表_Excel!B"&$I10-1&":T"&$I10-1&""),0))),""),4),"1",""), "") | Q10: =IFERROR( SUBSTITUTE(ADDRESS(1, IFERROR(COLUMN(INDEX(INDIRECT("数出表_Excel!B"&$I10-1&":T"&$I10-1&""),1,MATCH(TEXT(C10,0),INDIRECT("数出表_Excel!B"&$I10-1&":T"&$I10-1&""),0))),""),4),"1",""), "") | R10: =IFERROR( SUBSTITUTE(ADDRESS(1, IFERROR(COLUMN(INDEX(INDIRECT("数出表_Excel!B"&$I10-1&":T"&$I10-1&""),1,MATCH(TEXT(D10,0),INDIRECT("数出表_Excel!B"&$I10-1&":T"&$I10-1&""),0))),""),4),"1",""), "") | S10: =IFERROR( SUBSTITUTE(ADDRESS(1, IFERROR(COLUMN(INDEX(INDIRECT("数出表_Excel!B"&$I10&":T"&$I10&""),1,MATCH(TEXT(E10,0),INDIRECT("数出表_Excel!B"&$I10&":T"&$I10&""),0))),""),4),"1",""), "") -> D | T10: =IFERROR( SUBSTITUTE(ADDRESS(1, IFERROR(COLUMN(INDEX(INDIRECT("数出表_Excel!B"&$I10&":T"&$I10&""),1,MATCH(TEXT(F10,0),INDIRECT("数出表_Excel!B"&$I10&":T"&$I10&""),0))),""),4),"1",""), "") | U10: =IFERROR( SUBSTITUTE(ADDRESS(1, IFERROR(COLUMN(INDEX(INDIRECT("数出表_Excel!B"&$I10&":T"&$I10&""),1,MATCH(TEXT(G10,0),INDIRECT("数出表_Excel!B"&$I10&":T"&$I10&""),0))),""),4),"1",""), "") | V10: =TRIM(SUBSTITUTE( IF(COUNTIF(P10:U10,"A")>0,"A ","")& IF(COUNTIF(P10:U10,"B")>0,"B ","")& IF(COUNTIF(P10:U10,"C")>0,"C ","")& IF(COUNTIF(P10:U10,"D")>0,"D ","")& IF(COUNTIF(P10:U10,"E")>0,"E ","")& IF(COUNTIF(P10:U10,"F")>0,"F ","")& IF(COUNTIF(P10:U10,"G")>0,"G ","")& IF(COUNTIF(P10:U10,"H")>0,"H ","")& IF(COUNTIF(P10:U10,"I")>0,"I ","")& IF(COUNTIF(P10:U10,"J")>0,"J ","")& IF(COUNTIF(P10:U10,"K")>0,"K ","")& IF(COUNTIF(P10:U10,"L")>0,"L ","")& IF(COUNTIF(P10:U10,"M")>0,"M ","")& IF(COUNTIF(P10:U10,"N")>0,"N ","")& IF(COUNTIF(P10:U10,"O")>0,"O ","")& IF(COUNTIF(P10:U10,"P")>0,"P ","")& IF(COUNTIF(P10:U10,"Q")>0,"Q ","")& IF(COUNTIF(P10:U10,"R")>0,"R ","")& IF(COUNTIF(P10:U10,"S")>0,"S ","")& IF(COUNTIF(P10:U10,"T")>0,"T ","")& IF(COUNTIF(P10:U10,"U")>0,"U ","")& IF(COUNTIF(P10:U10,"V")>0,"V ","")& IF(COUNTIF(P10:U10,"W")>0,"W ","")& IF(COUNTIF(P10:U10,"X")>0,"X ","")& IF(COUNTIF(P10:U10,"Y")>0,"Y ","")& IF(COUNTIF(P10:U10,"Z")>0,"Z ","")," ",",")) -> D,
A11: 博多 週3ｺｰｽ | B11: 69 | E11: 22 | I11: =I10+2 -> 27 | J11: {=IFERROR(IF(OR(COUNTIF(INDIRECT("数出表_Excel!"&P11&"3"),"*キャラ*"), COUNTIF(INDIRECT("数出表_Excel!"&P11&"3"),"*赤*")), IF(COUNTIF(A11,"*雙葉*"),INDIRECT("数出表_Excel!"&P11&"3"), INDIRECT("数出表_Excel!"&P11&"3") &" "&INDIRECT("数出表_Excel!"&P11&"4") &INDIRECT("数出表_Excel!"&P11&"5")), INDIRECT("数出表_Excel!"&P11&"3")),"")} -> キャラ弁当 飯なし | K11: {=IFERROR(IF(OR(COUNTIF(INDIRECT("数出表_Excel!"&Q11&"3"),"*キャラ*"), COUNTIF(INDIRECT("数出表_Excel!"&Q11&"3"),"*赤*")), INDIRECT("数出表_Excel!"&Q11&"3") &" "&INDIRECT("数出表_Excel!"&Q11&"4") &INDIRECT("数出表_Excel!"&Q11&"5"), INDIRECT("数出表_Excel!"&Q11&"3")),"")} | L11: {=IFERROR(IF(OR(COUNTIF(INDIRECT("数出表_Excel!"&R11&"3"),"*キャラ*"), COUNTIF(INDIRECT("数出表_Excel!"&R11&"3"),"*赤*")), INDIRECT("数出表_Excel!"&R11&"3") &" "&INDIRECT("数出表_Excel!"&R11&"4") &INDIRECT("数出表_Excel!"&R11&"5"), INDIRECT("数出表_Excel!"&R11&"3")),"")} | M11: {=IFERROR(IF(OR(COUNTIF(INDIRECT("数出表_Excel!"&S11&"3"),"*キャラ*"), COUNTIF(INDIRECT("数出表_Excel!"&S11&"3"),"*赤*")), INDIRECT("数出表_Excel!"&S11&"3") &" "&INDIRECT("数出表_Excel!"&S11&"4") &INDIRECT("数出表_Excel!"&S11&"5"), INDIRECT("数出表_Excel!"&S11&"3")),"")} -> キャラ弁当 飯なし | N11: {=IFERROR(IF(OR(COUNTIF(INDIRECT("数出表_Excel!"&T11&"3"),"*キャラ*"), COUNTIF(INDIRECT("数出表_Excel!"&T11&"3"),"*赤*")), INDIRECT("数出表_Excel!"&T11&"3") &" "&INDIRECT("数出表_Excel!"&T11&"4") &INDIRECT("数出表_Excel!"&T11&"5"), INDIRECT("数出表_Excel!"&T11&"3")),"")} | O11: {=IFERROR(IF(OR(COUNTIF(INDIRECT("数出表_Excel!"&U11&"3"),"*キャラ*"), COUNTIF(INDIRECT("数出表_Excel!"&U11&"3"),"*赤*")), INDIRECT("数出表_Excel!"&U11&"3") &" "&INDIRECT("数出表_Excel!"&U11&"4") &INDIRECT("数出表_Excel!"&U11&"5"), INDIRECT("数出表_Excel!"&U11&"3")),"")} | P11: =IFERROR( SUBSTITUTE(ADDRESS(1, IFERROR(COLUMN(INDEX(INDIRECT("数出表_Excel!B"&$I11-1&":T"&$I11-1&""),1,MATCH(TEXT(B11,0),INDIRECT("数出表_Excel!B"&$I11-1&":T"&$I11-1&""),0))),""),4),"1",""), "") -> F | Q11: =IFERROR( SUBSTITUTE(ADDRESS(1, IFERROR(COLUMN(INDEX(INDIRECT("数出表_Excel!B"&$I11-1&":T"&$I11-1&""),1,MATCH(TEXT(C11,0),INDIRECT("数出表_Excel!B"&$I11-1&":T"&$I11-1&""),0))),""),4),"1",""), "") | R11: =IFERROR( SUBSTITUTE(ADDRESS(1, IFERROR(COLUMN(INDEX(INDIRECT("数出表_Excel!B"&$I11-1&":T"&$I11-1&""),1,MATCH(TEXT(D11,0),INDIRECT("数出表_Excel!B"&$I11-1&":T"&$I11-1&""),0))),""),4),"1",""), "") | S11: =IFERROR( SUBSTITUTE(ADDRESS(1, IFERROR(COLUMN(INDEX(INDIRECT("数出表_Excel!B"&$I11&":T"&$I11&""),1,MATCH(TEXT(E11,0),INDIRECT("数出表_Excel!B"&$I11&":T"&$I11&""),0))),""),4),"1",""), "") -> F | T11: =IFERROR( SUBSTITUTE(ADDRESS(1, IFERROR(COLUMN(INDEX(INDIRECT("数出表_Excel!B"&$I11&":T"&$I11&""),1,MATCH(TEXT(F11,0),INDIRECT("数出表_Excel!B"&$I11&":T"&$I11&""),0))),""),4),"1",""), "") | U11: =IFERROR( SUBSTITUTE(ADDRESS(1, IFERROR(COLUMN(INDEX(INDIRECT("数出表_Excel!B"&$I11&":T"&$I11&""),1,MATCH(TEXT(G11,0),INDIRECT("数出表_Excel!B"&$I11&":T"&$I11&""),0))),""),4),"1",""), "") | V11: =TRIM(SUBSTITUTE( IF(COUNTIF(P11:U11,"A")>0,"A ","")& IF(COUNTIF(P11:U11,"B")>0,"B ","")& IF(COUNTIF(P11:U11,"C")>0,"C ","")& IF(COUNTIF(P11:U11,"D")>0,"D ","")& IF(COUNTIF(P11:U11,"E")>0,"E ","")& IF(COUNTIF(P11:U11,"F")>0,"F ","")& IF(COUNTIF(P11:U11,"G")>0,"G ","")& IF(COUNTIF(P11:U11,"H")>0,"H ","")& IF(COUNTIF(P11:U11,"I")>0,"I ","")& IF(COUNTIF(P11:U11,"J")>0,"J ","")& IF(COUNTIF(P11:U11,"K")>0,"K ","")& IF(COUNTIF(P11:U11,"L")>0,"L ","")& IF(COUNTIF(P11:U11,"M")>0,"M ","")& IF(COUNTIF(P11:U11,"N")>0,"N ","")& IF(COUNTIF(P11:U11,"O")>0,"O ","")& IF(COUNTIF(P11:U11,"P")>0,"P ","")& IF(COUNTIF(P11:U11,"Q")>0,"Q ","")& IF(COUNTIF(P11:U11,"R")>0,"R ","")& IF(COUNTIF(P11:U11,"S")>0,"S ","")& IF(COUNTIF(P11:U11,"T")>0,"T ","")& IF(COUNTIF(P11:U11,"U")>0,"U ","")& IF(COUNTIF(P11:U11,"V")>0,"V ","")& IF(COUNTIF(P11:U11,"W")>0,"W ","")& IF(COUNTIF(P11:U11,"X")>0,"X ","")& IF(COUNTIF(P11:U11,"Y")>0,"Y ","")& IF(COUNTIF(P11:U11,"Z")>0,"Z ","")," ",",")) -> F,
A12: 博多 週5ｺｰｽ | B12: 360 | I12: =I11+2 -> 29 | J12: {=IFERROR(IF(OR(COUNTIF(INDIRECT("数出表_Excel!"&P12&"3"),"*キャラ*"), COUNTIF(INDIRECT("数出表_Excel!"&P12&"3"),"*赤*")), IF(COUNTIF(A12,"*雙葉*"),INDIRECT("数出表_Excel!"&P12&"3"), INDIRECT("数出表_Excel!"&P12&"3") &" "&INDIRECT("数出表_Excel!"&P12&"4") &INDIRECT("数出表_Excel!"&P12&"5")), INDIRECT("数出表_Excel!"&P12&"3")),"")} -> キャラ弁当 飯なし | K12: {=IFERROR(IF(OR(COUNTIF(INDIRECT("数出表_Excel!"&Q12&"3"),"*キャラ*"), COUNTIF(INDIRECT("数出表_Excel!"&Q12&"3"),"*赤*")), INDIRECT("数出表_Excel!"&Q12&"3") &" "&INDIRECT("数出表_Excel!"&Q12&"4") &INDIRECT("数出表_Excel!"&Q12&"5"), INDIRECT("数出表_Excel!"&Q12&"3")),"")} | L12: {=IFERROR(IF(OR(COUNTIF(INDIRECT("数出表_Excel!"&R12&"3"),"*キャラ*"), COUNTIF(INDIRECT("数出表_Excel!"&R12&"3"),"*赤*")), INDIRECT("数出表_Excel!"&R12&"3") &" "&INDIRECT("数出表_Excel!"&R12&"4") &INDIRECT("数出表_Excel!"&R12&"5"), INDIRECT("数出表_Excel!"&R12&"3")),"")} | M12: {=IFERROR(IF(OR(COUNTIF(INDIRECT("数出表_Excel!"&S12&"3"),"*キャラ*"), COUNTIF(INDIRECT("数出表_Excel!"&S12&"3"),"*赤*")), INDIRECT("数出表_Excel!"&S12&"3") &" "&INDIRECT("数出表_Excel!"&S12&"4") &INDIRECT("数出表_Excel!"&S12&"5"), INDIRECT("数出表_Excel!"&S12&"3")),"")} | N12: {=IFERROR(IF(OR(COUNTIF(INDIRECT("数出表_Excel!"&T12&"3"),"*キャラ*"), COUNTIF(INDIRECT("数出表_Excel!"&T12&"3"),"*赤*")), INDIRECT("数出表_Excel!"&T12&"3") &" "&INDIRECT("数出表_Excel!"&T12&"4") &INDIRECT("数出表_Excel!"&T12&"5"), INDIRECT("数出表_Excel!"&T12&"3")),"")} | O12: {=IFERROR(IF(OR(COUNTIF(INDIRECT("数出表_Excel!"&U12&"3"),"*キャラ*"), COUNTIF(INDIRECT("数出表_Excel!"&U12&"3"),"*赤*")), INDIRECT("数出表_Excel!"&U12&"3") &" "&INDIRECT("数出表_Excel!"&U12&"4") &INDIRECT("数出表_Excel!"&U12&"5"), INDIRECT("数出表_Excel!"&U12&"3")),"")} | P12: =IFERROR( SUBSTITUTE(ADDRESS(1, IFERROR(COLUMN(INDEX(INDIRECT("数出表_Excel!B"&$I12-1&":T"&$I12-1&""),1,MATCH(TEXT(B12,0),INDIRECT("数出表_Excel!B"&$I12-1&":T"&$I12-1&""),0))),""),4),"1",""), "") -> F | Q12: =IFERROR( SUBSTITUTE(ADDRESS(1, IFERROR(COLUMN(INDEX(INDIRECT("数出表_Excel!B"&$I12-1&":T"&$I12-1&""),1,MATCH(TEXT(C12,0),INDIRECT("数出表_Excel!B"&$I12-1&":T"&$I12-1&""),0))),""),4),"1",""), "") | R12: =IFERROR( SUBSTITUTE(ADDRESS(1, IFERROR(COLUMN(INDEX(INDIRECT("数出表_Excel!B"&$I12-1&":T"&$I12-1&""),1,MATCH(TEXT(D12,0),INDIRECT("数出表_Excel!B"&$I12-1&":T"&$I12-1&""),0))),""),4),"1",""), "") | S12: =IFERROR( SUBSTITUTE(ADDRESS(1, IFERROR(COLUMN(INDEX(INDIRECT("数出表_Excel!B"&$I12&":T"&$I12&""),1,MATCH(TEXT(E12,0),INDIRECT("数出表_Excel!B"&$I12&":T"&$I12&""),0))),""),4),"1",""), "") | T12: =IFERROR( SUBSTITUTE(ADDRESS(1, IFERROR(COLUMN(INDEX(INDIRECT("数出表_Excel!B"&$I12&":T"&$I12&""),1,MATCH(TEXT(F12,0),INDIRECT("数出表_Excel!B"&$I12&":T"&$I12&""),0))),""),4),"1",""), "") | U12: =IFERROR( SUBSTITUTE(ADDRESS(1, IFERROR(COLUMN(INDEX(INDIRECT("数出表_Excel!B"&$I12&":T"&$I12&""),1,MATCH(TEXT(G12,0),INDIRECT("数出表_Excel!B"&$I12&":T"&$I12&""),0))),""),4),"1",""), "") | V12: =TRIM(SUBSTITUTE( IF(COUNTIF(P12:U12,"A")>0,"A ","")& IF(COUNTIF(P12:U12,"B")>0,"B ","")& IF(COUNTIF(P12:U12,"C")>0,"C ","")& IF(COUNTIF(P12:U12,"D")>0,"D ","")& IF(COUNTIF(P12:U12,"E")>0,"E ","")& IF(COUNTIF(P12:U12,"F")>0,"F ","")& IF(COUNTIF(P12:U12,"G")>0,"G ","")& IF(COUNTIF(P12:U12,"H")>0,"H ","")& IF(COUNTIF(P12:U12,"I")>0,"I ","")& IF(COUNTIF(P12:U12,"J")>0,"J ","")& IF(COUNTIF(P12:U12,"K")>0,"K ","")& IF(COUNTIF(P12:U12,"L")>0,"L ","")& IF(COUNTIF(P12:U12,"M")>0,"M ","")& IF(COUNTIF(P12:U12,"N")>0,"N ","")& IF(COUNTIF(P12:U12,"O")>0,"O ","")& IF(COUNTIF(P12:U12,"P")>0,"P ","")& IF(COUNTIF(P12:U12,"Q")>0,"Q ","")& IF(COUNTIF(P12:U12,"R")>0,"R ","")& IF(COUNTIF(P12:U12,"S")>0,"S ","")& IF(COUNTIF(P12:U12,"T")>0,"T ","")& IF(COUNTIF(P12:U12,"U")>0,"U ","")& IF(COUNTIF(P12:U12,"V")>0,"V ","")& IF(COUNTIF(P12:U12,"W")>0,"W ","")& IF(COUNTIF(P12:U12,"X")>0,"X ","")& IF(COUNTIF(P12:U12,"Y")>0,"Y ","")& IF(COUNTIF(P12:U12,"Z")>0,"Z ","")," ",",")) -> F,
A13: 博多（補助教員） web | E13: 13 | I13: =I12+2 -> 31 | J13: {=IFERROR(IF(OR(COUNTIF(INDIRECT("数出表_Excel!"&P13&"3"),"*キャラ*"), COUNTIF(INDIRECT("数出表_Excel!"&P13&"3"),"*赤*")), IF(COUNTIF(A13,"*雙葉*"),INDIRECT("数出表_Excel!"&P13&"3"), INDIRECT("数出表_Excel!"&P13&"3") &" "&INDIRECT("数出表_Excel!"&P13&"4") &INDIRECT("数出表_Excel!"&P13&"5")), INDIRECT("数出表_Excel!"&P13&"3")),"")} | K13: {=IFERROR(IF(OR(COUNTIF(INDIRECT("数出表_Excel!"&Q13&"3"),"*キャラ*"), COUNTIF(INDIRECT("数出表_Excel!"&Q13&"3"),"*赤*")), INDIRECT("数出表_Excel!"&Q13&"3") &" "&INDIRECT("数出表_Excel!"&Q13&"4") &INDIRECT("数出表_Excel!"&Q13&"5"), INDIRECT("数出表_Excel!"&Q13&"3")),"")} | L13: {=IFERROR(IF(OR(COUNTIF(INDIRECT("数出表_Excel!"&R13&"3"),"*キャラ*"), COUNTIF(INDIRECT("数出表_Excel!"&R13&"3"),"*赤*")), INDIRECT("数出表_Excel!"&R13&"3") &" "&INDIRECT("数出表_Excel!"&R13&"4") &INDIRECT("数出表_Excel!"&R13&"5"), INDIRECT("数出表_Excel!"&R13&"3")),"")} | M13: {=IFERROR(IF(OR(COUNTIF(INDIRECT("数出表_Excel!"&S13&"3"),"*キャラ*"), COUNTIF(INDIRECT("数出表_Excel!"&S13&"3"),"*赤*")), INDIRECT("数出表_Excel!"&S13&"3") &" "&INDIRECT("数出表_Excel!"&S13&"4") &INDIRECT("数出表_Excel!"&S13&"5"), INDIRECT("数出表_Excel!"&S13&"3")),"")} -> キャラ弁当 飯あり120 | N13: {=IFERROR(IF(OR(COUNTIF(INDIRECT("数出表_Excel!"&T13&"3"),"*キャラ*"), COUNTIF(INDIRECT("数出表_Excel!"&T13&"3"),"*赤*")), INDIRECT("数出表_Excel!"&T13&"3") &" "&INDIRECT("数出表_Excel!"&T13&"4") &INDIRECT("数出表_Excel!"&T13&"5"), INDIRECT("数出表_Excel!"&T13&"3")),"")} | O13: {=IFERROR(IF(OR(COUNTIF(INDIRECT("数出表_Excel!"&U13&"3"),"*キャラ*"), COUNTIF(INDIRECT("数出表_Excel!"&U13&"3"),"*赤*")), INDIRECT("数出表_Excel!"&U13&"3") &" "&INDIRECT("数出表_Excel!"&U13&"4") &INDIRECT("数出表_Excel!"&U13&"5"), INDIRECT("数出表_Excel!"&U13&"3")),"")} | P13: =IFERROR( SUBSTITUTE(ADDRESS(1, IFERROR(COLUMN(INDEX(INDIRECT("数出表_Excel!B"&$I13-1&":T"&$I13-1&""),1,MATCH(TEXT(B13,0),INDIRECT("数出表_Excel!B"&$I13-1&":T"&$I13-1&""),0))),""),4),"1",""), "") | Q13: =IFERROR( SUBSTITUTE(ADDRESS(1, IFERROR(COLUMN(INDEX(INDIRECT("数出表_Excel!B"&$I13-1&":T"&$I13-1&""),1,MATCH(TEXT(C13,0),INDIRECT("数出表_Excel!B"&$I13-1&":T"&$I13-1&""),0))),""),4),"1",""), "") | R13: =IFERROR( SUBSTITUTE(ADDRESS(1, IFERROR(COLUMN(INDEX(INDIRECT("数出表_Excel!B"&$I13-1&":T"&$I13-1&""),1,MATCH(TEXT(D13,0),INDIRECT("数出表_Excel!B"&$I13-1&":T"&$I13-1&""),0))),""),4),"1",""), "") | S13: =IFERROR( SUBSTITUTE(ADDRESS(1, IFERROR(COLUMN(INDEX(INDIRECT("数出表_Excel!B"&$I13&":T"&$I13&""),1,MATCH(TEXT(E13,0),INDIRECT("数出表_Excel!B"&$I13&":T"&$I13&""),0))),""),4),"1",""), "") -> D | T13: =IFERROR( SUBSTITUTE(ADDRESS(1, IFERROR(COLUMN(INDEX(INDIRECT("数出表_Excel!B"&$I13&":T"&$I13&""),1,MATCH(TEXT(F13,0),INDIRECT("数出表_Excel!B"&$I13&":T"&$I13&""),0))),""),4),"1",""), "") | U13: =IFERROR( SUBSTITUTE(ADDRESS(1, IFERROR(COLUMN(INDEX(INDIRECT("数出表_Excel!B"&$I13&":T"&$I13&""),1,MATCH(TEXT(G13,0),INDIRECT("数出表_Excel!B"&$I13&":T"&$I13&""),0))),""),4),"1",""), "") | V13: =TRIM(SUBSTITUTE( IF(COUNTIF(P13:U13,"A")>0,"A ","")& IF(COUNTIF(P13:U13,"B")>0,"B ","")& IF(COUNTIF(P13:U13,"C")>0,"C ","")& IF(COUNTIF(P13:U13,"D")>0,"D ","")& IF(COUNTIF(P13:U13,"E")>0,"E ","")& IF(COUNTIF(P13:U13,"F")>0,"F ","")& IF(COUNTIF(P13:U13,"G")>0,"G ","")& IF(COUNTIF(P13:U13,"H")>0,"H ","")& IF(COUNTIF(P13:U13,"I")>0,"I ","")& IF(COUNTIF(P13:U13,"J")>0,"J ","")& IF(COUNTIF(P13:U13,"K")>0,"K ","")& IF(COUNTIF(P13:U13,"L")>0,"L ","")& IF(COUNTIF(P13:U13,"M")>0,"M ","")& IF(COUNTIF(P13:U13,"N")>0,"N ","")& IF(COUNTIF(P13:U13,"O")>0,"O ","")& IF(COUNTIF(P13:U13,"P")>0,"P ","")& IF(COUNTIF(P13:U13,"Q")>0,"Q ","")& IF(COUNTIF(P13:U13,"R")>0,"R ","")& IF(COUNTIF(P13:U13,"S")>0,"S ","")& IF(COUNTIF(P13:U13,"T")>0,"T ","")& IF(COUNTIF(P13:U13,"U")>0,"U ","")& IF(COUNTIF(P13:U13,"V")>0,"V ","")& IF(COUNTIF(P13:U13,"W")>0,"W ","")& IF(COUNTIF(P13:U13,"X")>0,"X ","")& IF(COUNTIF(P13:U13,"Y")>0,"Y ","")& IF(COUNTIF(P13:U13,"Z")>0,"Z ","")," ",",")) -> D,
A14: 奈良屋幼稚園 | B14: 61 | I14: =I13+2 -> 33 | J14: {=IFERROR(IF(OR(COUNTIF(INDIRECT("数出表_Excel!"&P14&"3"),"*キャラ*"), COUNTIF(INDIRECT("数出表_Excel!"&P14&"3"),"*赤*")), IF(COUNTIF(A14,"*雙葉*"),INDIRECT("数出表_Excel!"&P14&"3"), INDIRECT("数出表_Excel!"&P14&"3") &" "&INDIRECT("数出表_Excel!"&P14&"4") &INDIRECT("数出表_Excel!"&P14&"5")), INDIRECT("数出表_Excel!"&P14&"3")),"")} -> パンカップ | K14: {=IFERROR(IF(OR(COUNTIF(INDIRECT("数出表_Excel!"&Q14&"3"),"*キャラ*"), COUNTIF(INDIRECT("数出表_Excel!"&Q14&"3"),"*赤*")), INDIRECT("数出表_Excel!"&Q14&"3") &" "&INDIRECT("数出表_Excel!"&Q14&"4") &INDIRECT("数出表_Excel!"&Q14&"5"), INDIRECT("数出表_Excel!"&Q14&"3")),"")} | L14: {=IFERROR(IF(OR(COUNTIF(INDIRECT("数出表_Excel!"&R14&"3"),"*キャラ*"), COUNTIF(INDIRECT("数出表_Excel!"&R14&"3"),"*赤*")), INDIRECT("数出表_Excel!"&R14&"3") &" "&INDIRECT("数出表_Excel!"&R14&"4") &INDIRECT("数出表_Excel!"&R14&"5"), INDIRECT("数出表_Excel!"&R14&"3")),"")} | M14: {=IFERROR(IF(OR(COUNTIF(INDIRECT("数出表_Excel!"&S14&"3"),"*キャラ*"), COUNTIF(INDIRECT("数出表_Excel!"&S14&"3"),"*赤*")), INDIRECT("数出表_Excel!"&S14&"3") &" "&INDIRECT("数出表_Excel!"&S14&"4") &INDIRECT("数出表_Excel!"&S14&"5"), INDIRECT("数出表_Excel!"&S14&"3")),"")} | N14: {=IFERROR(IF(OR(COUNTIF(INDIRECT("数出表_Excel!"&T14&"3"),"*キャラ*"), COUNTIF(INDIRECT("数出表_Excel!"&T14&"3"),"*赤*")), INDIRECT("数出表_Excel!"&T14&"3") &" "&INDIRECT("数出表_Excel!"&T14&"4") &INDIRECT("数出表_Excel!"&T14&"5"), INDIRECT("数出表_Excel!"&T14&"3")),"")} | O14: {=IFERROR(IF(OR(COUNTIF(INDIRECT("数出表_Excel!"&U14&"3"),"*キャラ*"), COUNTIF(INDIRECT("数出表_Excel!"&U14&"3"),"*赤*")), INDIRECT("数出表_Excel!"&U14&"3") &" "&INDIRECT("数出表_Excel!"&U14&"4") &INDIRECT("数出表_Excel!"&U14&"5"), INDIRECT("数出表_Excel!"&U14&"3")),"")} | P14: =IFERROR( SUBSTITUTE(ADDRESS(1, IFERROR(COLUMN(INDEX(INDIRECT("数出表_Excel!B"&$I14-1&":T"&$I14-1&""),1,MATCH(TEXT(B14,0),INDIRECT("数出表_Excel!B"&$I14-1&":T"&$I14-1&""),0))),""),4),"1",""), "") -> L | Q14: =IFERROR( SUBSTITUTE(ADDRESS(1, IFERROR(COLUMN(INDEX(INDIRECT("数出表_Excel!B"&$I14-1&":T"&$I14-1&""),1,MATCH(TEXT(C14,0),INDIRECT("数出表_Excel!B"&$I14-1&":T"&$I14-1&""),0))),""),4),"1",""), "") | R14: =IFERROR( SUBSTITUTE(ADDRESS(1, IFERROR(COLUMN(INDEX(INDIRECT("数出表_Excel!B"&$I14-1&":T"&$I14-1&""),1,MATCH(TEXT(D14,0),INDIRECT("数出表_Excel!B"&$I14-1&":T"&$I14-1&""),0))),""),4),"1",""), "") | S14: =IFERROR( SUBSTITUTE(ADDRESS(1, IFERROR(COLUMN(INDEX(INDIRECT("数出表_Excel!B"&$I14&":T"&$I14&""),1,MATCH(TEXT(E14,0),INDIRECT("数出表_Excel!B"&$I14&":T"&$I14&""),0))),""),4),"1",""), "") | T14: =IFERROR( SUBSTITUTE(ADDRESS(1, IFERROR(COLUMN(INDEX(INDIRECT("数出表_Excel!B"&$I14&":T"&$I14&""),1,MATCH(TEXT(F14,0),INDIRECT("数出表_Excel!B"&$I14&":T"&$I14&""),0))),""),4),"1",""), "") | U14: =IFERROR( SUBSTITUTE(ADDRESS(1, IFERROR(COLUMN(INDEX(INDIRECT("数出表_Excel!B"&$I14&":T"&$I14&""),1,MATCH(TEXT(G14,0),INDIRECT("数出表_Excel!B"&$I14&":T"&$I14&""),0))),""),4),"1",""), "") | V14: =TRIM(SUBSTITUTE( IF(COUNTIF(P14:U14,"A")>0,"A ","")& IF(COUNTIF(P14:U14,"B")>0,"B ","")& IF(COUNTIF(P14:U14,"C")>0,"C ","")& IF(COUNTIF(P14:U14,"D")>0,"D ","")& IF(COUNTIF(P14:U14,"E")>0,"E ","")& IF(COUNTIF(P14:U14,"F")>0,"F ","")& IF(COUNTIF(P14:U14,"G")>0,"G ","")& IF(COUNTIF(P14:U14,"H")>0,"H ","")& IF(COUNTIF(P14:U14,"I")>0,"I ","")& IF(COUNTIF(P14:U14,"J")>0,"J ","")& IF(COUNTIF(P14:U14,"K")>0,"K ","")& IF(COUNTIF(P14:U14,"L")>0,"L ","")& IF(COUNTIF(P14:U14,"M")>0,"M ","")& IF(COUNTIF(P14:U14,"N")>0,"N ","")& IF(COUNTIF(P14:U14,"O")>0,"O ","")& IF(COUNTIF(P14:U14,"P")>0,"P ","")& IF(COUNTIF(P14:U14,"Q")>0,"Q ","")& IF(COUNTIF(P14:U14,"R")>0,"R ","")& IF(COUNTIF(P14:U14,"S")>0,"S ","")& IF(COUNTIF(P14:U14,"T")>0,"T ","")& IF(COUNTIF(P14:U14,"U")>0,"U ","")& IF(COUNTIF(P14:U14,"V")>0,"V ","")& IF(COUNTIF(P14:U14,"W")>0,"W ","")& IF(COUNTIF(P14:U14,"X")>0,"X ","")& IF(COUNTIF(P14:U14,"Y")>0,"Y ","")& IF(COUNTIF(P14:U14,"Z")>0,"Z ","")," ",",")) -> L,
A15: 奈良屋幼稚園 奥田先生 | B15: 1 | I15: =I14+2 -> 35 | J15: {=IFERROR(IF(OR(COUNTIF(INDIRECT("数出表_Excel!"&P15&"3"),"*キャラ*"), COUNTIF(INDIRECT("数出表_Excel!"&P15&"3"),"*赤*")), IF(COUNTIF(A15,"*雙葉*"),INDIRECT("数出表_Excel!"&P15&"3"), INDIRECT("数出表_Excel!"&P15&"3") &" "&INDIRECT("数出表_Excel!"&P15&"4") &INDIRECT("数出表_Excel!"&P15&"5")), INDIRECT("数出表_Excel!"&P15&"3")),"")} -> パンカップ | K15: {=IFERROR(IF(OR(COUNTIF(INDIRECT("数出表_Excel!"&Q15&"3"),"*キャラ*"), COUNTIF(INDIRECT("数出表_Excel!"&Q15&"3"),"*赤*")), INDIRECT("数出表_Excel!"&Q15&"3") &" "&INDIRECT("数出表_Excel!"&Q15&"4") &INDIRECT("数出表_Excel!"&Q15&"5"), INDIRECT("数出表_Excel!"&Q15&"3")),"")} | L15: {=IFERROR(IF(OR(COUNTIF(INDIRECT("数出表_Excel!"&R15&"3"),"*キャラ*"), COUNTIF(INDIRECT("数出表_Excel!"&R15&"3"),"*赤*")), INDIRECT("数出表_Excel!"&R15&"3") &" "&INDIRECT("数出表_Excel!"&R15&"4") &INDIRECT("数出表_Excel!"&R15&"5"), INDIRECT("数出表_Excel!"&R15&"3")),"")} | M15: {=IFERROR(IF(OR(COUNTIF(INDIRECT("数出表_Excel!"&S15&"3"),"*キャラ*"), COUNTIF(INDIRECT("数出表_Excel!"&S15&"3"),"*赤*")), INDIRECT("数出表_Excel!"&S15&"3") &" "&INDIRECT("数出表_Excel!"&S15&"4") &INDIRECT("数出表_Excel!"&S15&"5"), INDIRECT("数出表_Excel!"&S15&"3")),"")} | N15: {=IFERROR(IF(OR(COUNTIF(INDIRECT("数出表_Excel!"&T15&"3"),"*キャラ*"), COUNTIF(INDIRECT("数出表_Excel!"&T15&"3"),"*赤*")), INDIRECT("数出表_Excel!"&T15&"3") &" "&INDIRECT("数出表_Excel!"&T15&"4") &INDIRECT("数出表_Excel!"&T15&"5"), INDIRECT("数出表_Excel!"&T15&"3")),"")} | O15: {=IFERROR(IF(OR(COUNTIF(INDIRECT("数出表_Excel!"&U15&"3"),"*キャラ*"), COUNTIF(INDIRECT("数出表_Excel!"&U15&"3"),"*赤*")), INDIRECT("数出表_Excel!"&U15&"3") &" "&INDIRECT("数出表_Excel!"&U15&"4") &INDIRECT("数出表_Excel!"&U15&"5"), INDIRECT("数出表_Excel!"&U15&"3")),"")} | P15: =IFERROR( SUBSTITUTE(ADDRESS(1, IFERROR(COLUMN(INDEX(INDIRECT("数出表_Excel!B"&$I15-1&":T"&$I15-1&""),1,MATCH(TEXT(B15,0),INDIRECT("数出表_Excel!B"&$I15-1&":T"&$I15-1&""),0))),""),4),"1",""), "") -> L | Q15: =IFERROR( SUBSTITUTE(ADDRESS(1, IFERROR(COLUMN(INDEX(INDIRECT("数出表_Excel!B"&$I15-1&":T"&$I15-1&""),1,MATCH(TEXT(C15,0),INDIRECT("数出表_Excel!B"&$I15-1&":T"&$I15-1&""),0))),""),4),"1",""), "") | R15: =IFERROR( SUBSTITUTE(ADDRESS(1, IFERROR(COLUMN(INDEX(INDIRECT("数出表_Excel!B"&$I15-1&":T"&$I15-1&""),1,MATCH(TEXT(D15,0),INDIRECT("数出表_Excel!B"&$I15-1&":T"&$I15-1&""),0))),""),4),"1",""), "") | S15: =IFERROR( SUBSTITUTE(ADDRESS(1, IFERROR(COLUMN(INDEX(INDIRECT("数出表_Excel!B"&$I15&":T"&$I15&""),1,MATCH(TEXT(E15,0),INDIRECT("数出表_Excel!B"&$I15&":T"&$I15&""),0))),""),4),"1",""), "") | T15: =IFERROR( SUBSTITUTE(ADDRESS(1, IFERROR(COLUMN(INDEX(INDIRECT("数出表_Excel!B"&$I15&":T"&$I15&""),1,MATCH(TEXT(F15,0),INDIRECT("数出表_Excel!B"&$I15&":T"&$I15&""),0))),""),4),"1",""), "") | U15: =IFERROR( SUBSTITUTE(ADDRESS(1, IFERROR(COLUMN(INDEX(INDIRECT("数出表_Excel!B"&$I15&":T"&$I15&""),1,MATCH(TEXT(G15,0),INDIRECT("数出表_Excel!B"&$I15&":T"&$I15&""),0))),""),4),"1",""), "") | V15: =TRIM(SUBSTITUTE( IF(COUNTIF(P15:U15,"A")>0,"A ","")& IF(COUNTIF(P15:U15,"B")>0,"B ","")& IF(COUNTIF(P15:U15,"C")>0,"C ","")& IF(COUNTIF(P15:U15,"D")>0,"D ","")& IF(COUNTIF(P15:U15,"E")>0,"E ","")& IF(COUNTIF(P15:U15,"F")>0,"F ","")& IF(COUNTIF(P15:U15,"G")>0,"G ","")& IF(COUNTIF(P15:U15,"H")>0,"H ","")& IF(COUNTIF(P15:U15,"I")>0,"I ","")& IF(COUNTIF(P15:U15,"J")>0,"J ","")& IF(COUNTIF(P15:U15,"K")>0,"K ","")& IF(COUNTIF(P15:U15,"L")>0,"L ","")& IF(COUNTIF(P15:U15,"M")>0,"M ","")& IF(COUNTIF(P15:U15,"N")>0,"N ","")& IF(COUNTIF(P15:U15,"O")>0,"O ","")& IF(COUNTIF(P15:U15,"P")>0,"P ","")& IF(COUNTIF(P15:U15,"Q")>0,"Q ","")& IF(COUNTIF(P15:U15,"R")>0,"R ","")& IF(COUNTIF(P15:U15,"S")>0,"S ","")& IF(COUNTIF(P15:U15,"T")>0,"T ","")& IF(COUNTIF(P15:U15,"U")>0,"U ","")& IF(COUNTIF(P15:U15,"V")>0,"V ","")& IF(COUNTIF(P15:U15,"W")>0,"W ","")& IF(COUNTIF(P15:U15,"X")>0,"X ","")& IF(COUNTIF(P15:U15,"Y")>0,"Y ","")& IF(COUNTIF(P15:U15,"Z")>0,"Z ","")," ",",")) -> L,
A16: 奈良屋幼稚園 先生 | B16: 5 | I16: =I15+2 -> 37 | J16: {=IFERROR(IF(OR(COUNTIF(INDIRECT("数出表_Excel!"&P16&"3"),"*キャラ*"), COUNTIF(INDIRECT("数出表_Excel!"&P16&"3"),"*赤*")), IF(COUNTIF(A16,"*雙葉*"),INDIRECT("数出表_Excel!"&P16&"3"), INDIRECT("数出表_Excel!"&P16&"3") &" "&INDIRECT("数出表_Excel!"&P16&"4") &INDIRECT("数出表_Excel!"&P16&"5")), INDIRECT("数出表_Excel!"&P16&"3")),"")} -> パンカップ | K16: {=IFERROR(IF(OR(COUNTIF(INDIRECT("数出表_Excel!"&Q16&"3"),"*キャラ*"), COUNTIF(INDIRECT("数出表_Excel!"&Q16&"3"),"*赤*")), INDIRECT("数出表_Excel!"&Q16&"3") &" "&INDIRECT("数出表_Excel!"&Q16&"4") &INDIRECT("数出表_Excel!"&Q16&"5"), INDIRECT("数出表_Excel!"&Q16&"3")),"")} | L16: {=IFERROR(IF(OR(COUNTIF(INDIRECT("数出表_Excel!"&R16&"3"),"*キャラ*"), COUNTIF(INDIRECT("数出表_Excel!"&R16&"3"),"*赤*")), INDIRECT("数出表_Excel!"&R16&"3") &" "&INDIRECT("数出表_Excel!"&R16&"4") &INDIRECT("数出表_Excel!"&R16&"5"), INDIRECT("数出表_Excel!"&R16&"3")),"")} | M16: {=IFERROR(IF(OR(COUNTIF(INDIRECT("数出表_Excel!"&S16&"3"),"*キャラ*"), COUNTIF(INDIRECT("数出表_Excel!"&S16&"3"),"*赤*")), INDIRECT("数出表_Excel!"&S16&"3") &" "&INDIRECT("数出表_Excel!"&S16&"4") &INDIRECT("数出表_Excel!"&S16&"5"), INDIRECT("数出表_Excel!"&S16&"3")),"")} | N16: {=IFERROR(IF(OR(COUNTIF(INDIRECT("数出表_Excel!"&T16&"3"),"*キャラ*"), COUNTIF(INDIRECT("数出表_Excel!"&T16&"3"),"*赤*")), INDIRECT("数出表_Excel!"&T16&"3") &" "&INDIRECT("数出表_Excel!"&T16&"4") &INDIRECT("数出表_Excel!"&T16&"5"), INDIRECT("数出表_Excel!"&T16&"3")),"")} | O16: {=IFERROR(IF(OR(COUNTIF(INDIRECT("数出表_Excel!"&U16&"3"),"*キャラ*"), COUNTIF(INDIRECT("数出表_Excel!"&U16&"3"),"*赤*")), INDIRECT("数出表_Excel!"&U16&"3") &" "&INDIRECT("数出表_Excel!"&U16&"4") &INDIRECT("数出表_Excel!"&U16&"5"), INDIRECT("数出表_Excel!"&U16&"3")),"")} | P16: =IFERROR( SUBSTITUTE(ADDRESS(1, IFERROR(COLUMN(INDEX(INDIRECT("数出表_Excel!B"&$I16-1&":T"&$I16-1&""),1,MATCH(TEXT(B16,0),INDIRECT("数出表_Excel!B"&$I16-1&":T"&$I16-1&""),0))),""),4),"1",""), "") -> L | Q16: =IFERROR( SUBSTITUTE(ADDRESS(1, IFERROR(COLUMN(INDEX(INDIRECT("数出表_Excel!B"&$I16-1&":T"&$I16-1&""),1,MATCH(TEXT(C16,0),INDIRECT("数出表_Excel!B"&$I16-1&":T"&$I16-1&""),0))),""),4),"1",""), "") | R16: =IFERROR( SUBSTITUTE(ADDRESS(1, IFERROR(COLUMN(INDEX(INDIRECT("数出表_Excel!B"&$I16-1&":T"&$I16-1&""),1,MATCH(TEXT(D16,0),INDIRECT("数出表_Excel!B"&$I16-1&":T"&$I16-1&""),0))),""),4),"1",""), "") | S16: =IFERROR( SUBSTITUTE(ADDRESS(1, IFERROR(COLUMN(INDEX(INDIRECT("数出表_Excel!B"&$I16&":T"&$I16&""),1,MATCH(TEXT(E16,0),INDIRECT("数出表_Excel!B"&$I16&":T"&$I16&""),0))),""),4),"1",""), "") | T16: =IFERROR( SUBSTITUTE(ADDRESS(1, IFERROR(COLUMN(INDEX(INDIRECT("数出表_Excel!B"&$I16&":T"&$I16&""),1,MATCH(TEXT(F16,0),INDIRECT("数出表_Excel!B"&$I16&":T"&$I16&""),0))),""),4),"1",""), "") | U16: =IFERROR( SUBSTITUTE(ADDRESS(1, IFERROR(COLUMN(INDEX(INDIRECT("数出表_Excel!B"&$I16&":T"&$I16&""),1,MATCH(TEXT(G16,0),INDIRECT("数出表_Excel!B"&$I16&":T"&$I16&""),0))),""),4),"1",""), "") | V16: =TRIM(SUBSTITUTE( IF(COUNTIF(P16:U16,"A")>0,"A ","")& IF(COUNTIF(P16:U16,"B")>0,"B ","")& IF(COUNTIF(P16:U16,"C")>0,"C ","")& IF(COUNTIF(P16:U16,"D")>0,"D ","")& IF(COUNTIF(P16:U16,"E")>0,"E ","")& IF(COUNTIF(P16:U16,"F")>0,"F ","")& IF(COUNTIF(P16:U16,"G")>0,"G ","")& IF(COUNTIF(P16:U16,"H")>0,"H ","")& IF(COUNTIF(P16:U16,"I")>0,"I ","")& IF(COUNTIF(P16:U16,"J")>0,"J ","")& IF(COUNTIF(P16:U16,"K")>0,"K ","")& IF(COUNTIF(P16:U16,"L")>0,"L ","")& IF(COUNTIF(P16:U16,"M")>0,"M ","")& IF(COUNTIF(P16:U16,"N")>0,"N ","")& IF(COUNTIF(P16:U16,"O")>0,"O ","")& IF(COUNTIF(P16:U16,"P")>0,"P ","")& IF(COUNTIF(P16:U16,"Q")>0,"Q ","")& IF(COUNTIF(P16:U16,"R")>0,"R ","")& IF(COUNTIF(P16:U16,"S")>0,"S ","")& IF(COUNTIF(P16:U16,"T")>0,"T ","")& IF(COUNTIF(P16:U16,"U")>0,"U ","")& IF(COUNTIF(P16:U16,"V")>0,"V ","")& IF(COUNTIF(P16:U16,"W")>0,"W ","")& IF(COUNTIF(P16:U16,"X")>0,"X ","")& IF(COUNTIF(P16:U16,"Y")>0,"Y ","")& IF(COUNTIF(P16:U16,"Z")>0,"Z ","")," ",",")) -> L,
A17: スマイルキッズ | B17: 7 | I17: =I16+2 -> 39 | J17: {=IFERROR(IF(OR(COUNTIF(INDIRECT("数出表_Excel!"&P17&"3"),"*キャラ*"), COUNTIF(INDIRECT("数出表_Excel!"&P17&"3"),"*赤*")), IF(COUNTIF(A17,"*雙葉*"),INDIRECT("数出表_Excel!"&P17&"3"), INDIRECT("数出表_Excel!"&P17&"3") &" "&INDIRECT("数出表_Excel!"&P17&"4") &INDIRECT("数出表_Excel!"&P17&"5")), INDIRECT("数出表_Excel!"&P17&"3")),"")} -> 赤 飯あり120 | K17: {=IFERROR(IF(OR(COUNTIF(INDIRECT("数出表_Excel!"&Q17&"3"),"*キャラ*"), COUNTIF(INDIRECT("数出表_Excel!"&Q17&"3"),"*赤*")), INDIRECT("数出表_Excel!"&Q17&"3") &" "&INDIRECT("数出表_Excel!"&Q17&"4") &INDIRECT("数出表_Excel!"&Q17&"5"), INDIRECT("数出表_Excel!"&Q17&"3")),"")} | L17: {=IFERROR(IF(OR(COUNTIF(INDIRECT("数出表_Excel!"&R17&"3"),"*キャラ*"), COUNTIF(INDIRECT("数出表_Excel!"&R17&"3"),"*赤*")), INDIRECT("数出表_Excel!"&R17&"3") &" "&INDIRECT("数出表_Excel!"&R17&"4") &INDIRECT("数出表_Excel!"&R17&"5"), INDIRECT("数出表_Excel!"&R17&"3")),"")} | M17: {=IFERROR(IF(OR(COUNTIF(INDIRECT("数出表_Excel!"&S17&"3"),"*キャラ*"), COUNTIF(INDIRECT("数出表_Excel!"&S17&"3"),"*赤*")), INDIRECT("数出表_Excel!"&S17&"3") &" "&INDIRECT("数出表_Excel!"&S17&"4") &INDIRECT("数出表_Excel!"&S17&"5"), INDIRECT("数出表_Excel!"&S17&"3")),"")} | N17: {=IFERROR(IF(OR(COUNTIF(INDIRECT("数出表_Excel!"&T17&"3"),"*キャラ*"), COUNTIF(INDIRECT("数出表_Excel!"&T17&"3"),"*赤*")), INDIRECT("数出表_Excel!"&T17&"3") &" "&INDIRECT("数出表_Excel!"&T17&"4") &INDIRECT("数出表_Excel!"&T17&"5"), INDIRECT("数出表_Excel!"&T17&"3")),"")} | O17: {=IFERROR(IF(OR(COUNTIF(INDIRECT("数出表_Excel!"&U17&"3"),"*キャラ*"), COUNTIF(INDIRECT("数出表_Excel!"&U17&"3"),"*赤*")), INDIRECT("数出表_Excel!"&U17&"3") &" "&INDIRECT("数出表_Excel!"&U17&"4") &INDIRECT("数出表_Excel!"&U17&"5"), INDIRECT("数出表_Excel!"&U17&"3")),"")} | P17: =IFERROR( SUBSTITUTE(ADDRESS(1, IFERROR(COLUMN(INDEX(INDIRECT("数出表_Excel!B"&$I17-1&":T"&$I17-1&""),1,MATCH(TEXT(B17,0),INDIRECT("数出表_Excel!B"&$I17-1&":T"&$I17-1&""),0))),""),4),"1",""), "") -> G | Q17: =IFERROR( SUBSTITUTE(ADDRESS(1, IFERROR(COLUMN(INDEX(INDIRECT("数出表_Excel!B"&$I17-1&":T"&$I17-1&""),1,MATCH(TEXT(C17,0),INDIRECT("数出表_Excel!B"&$I17-1&":T"&$I17-1&""),0))),""),4),"1",""), "") | R17: =IFERROR( SUBSTITUTE(ADDRESS(1, IFERROR(COLUMN(INDEX(INDIRECT("数出表_Excel!B"&$I17-1&":T"&$I17-1&""),1,MATCH(TEXT(D17,0),INDIRECT("数出表_Excel!B"&$I17-1&":T"&$I17-1&""),0))),""),4),"1",""), "") | S17: =IFERROR( SUBSTITUTE(ADDRESS(1, IFERROR(COLUMN(INDEX(INDIRECT("数出表_Excel!B"&$I17&":T"&$I17&""),1,MATCH(TEXT(E17,0),INDIRECT("数出表_Excel!B"&$I17&":T"&$I17&""),0))),""),4),"1",""), "") | T17: =IFERROR( SUBSTITUTE(ADDRESS(1, IFERROR(COLUMN(INDEX(INDIRECT("数出表_Excel!B"&$I17&":T"&$I17&""),1,MATCH(TEXT(F17,0),INDIRECT("数出表_Excel!B"&$I17&":T"&$I17&""),0))),""),4),"1",""), "") | U17: =IFERROR( SUBSTITUTE(ADDRESS(1, IFERROR(COLUMN(INDEX(INDIRECT("数出表_Excel!B"&$I17&":T"&$I17&""),1,MATCH(TEXT(G17,0),INDIRECT("数出表_Excel!B"&$I17&":T"&$I17&""),0))),""),4),"1",""), "") | V17: =TRIM(SUBSTITUTE( IF(COUNTIF(P17:U17,"A")>0,"A ","")& IF(COUNTIF(P17:U17,"B")>0,"B ","")& IF(COUNTIF(P17:U17,"C")>0,"C ","")& IF(COUNTIF(P17:U17,"D")>0,"D ","")& IF(COUNTIF(P17:U17,"E")>0,"E ","")& IF(COUNTIF(P17:U17,"F")>0,"F ","")& IF(COUNTIF(P17:U17,"G")>0,"G ","")& IF(COUNTIF(P17:U17,"H")>0,"H ","")& IF(COUNTIF(P17:U17,"I")>0,"I ","")& IF(COUNTIF(P17:U17,"J")>0,"J ","")& IF(COUNTIF(P17:U17,"K")>0,"K ","")& IF(COUNTIF(P17:U17,"L")>0,"L ","")& IF(COUNTIF(P17:U17,"M")>0,"M ","")& IF(COUNTIF(P17:U17,"N")>0,"N ","")& IF(COUNTIF(P17:U17,"O")>0,"O ","")& IF(COUNTIF(P17:U17,"P")>0,"P ","")& IF(COUNTIF(P17:U17,"Q")>0,"Q ","")& IF(COUNTIF(P17:U17,"R")>0,"R ","")& IF(COUNTIF(P17:U17,"S")>0,"S ","")& IF(COUNTIF(P17:U17,"T")>0,"T ","")& IF(COUNTIF(P17:U17,"U")>0,"U ","")& IF(COUNTIF(P17:U17,"V")>0,"V ","")& IF(COUNTIF(P17:U17,"W")>0,"W ","")& IF(COUNTIF(P17:U17,"X")>0,"X ","")& IF(COUNTIF(P17:U17,"Y")>0,"Y ","")& IF(COUNTIF(P17:U17,"Z")>0,"Z ","")," ",",")) -> G,
A18: 博多第一 週3ｺｰｽ | B18: 108 | E18: 17 | I18: =I17+2 -> 41 | J18: {=IFERROR(IF(OR(COUNTIF(INDIRECT("数出表_Excel!"&P18&"3"),"*キャラ*"), COUNTIF(INDIRECT("数出表_Excel!"&P18&"3"),"*赤*")), IF(COUNTIF(A18,"*雙葉*"),INDIRECT("数出表_Excel!"&P18&"3"), INDIRECT("数出表_Excel!"&P18&"3") &" "&INDIRECT("数出表_Excel!"&P18&"4") &INDIRECT("数出表_Excel!"&P18&"5")), INDIRECT("数出表_Excel!"&P18&"3")),"")} -> どんぶり給 | K18: {=IFERROR(IF(OR(COUNTIF(INDIRECT("数出表_Excel!"&Q18&"3"),"*キャラ*"), COUNTIF(INDIRECT("数出表_Excel!"&Q18&"3"),"*赤*")), INDIRECT("数出表_Excel!"&Q18&"3") &" "&INDIRECT("数出表_Excel!"&Q18&"4") &INDIRECT("数出表_Excel!"&Q18&"5"), INDIRECT("数出表_Excel!"&Q18&"3")),"")} | L18: {=IFERROR(IF(OR(COUNTIF(INDIRECT("数出表_Excel!"&R18&"3"),"*キャラ*"), COUNTIF(INDIRECT("数出表_Excel!"&R18&"3"),"*赤*")), INDIRECT("数出表_Excel!"&R18&"3") &" "&INDIRECT("数出表_Excel!"&R18&"4") &INDIRECT("数出表_Excel!"&R18&"5"), INDIRECT("数出表_Excel!"&R18&"3")),"")} | M18: {=IFERROR(IF(OR(COUNTIF(INDIRECT("数出表_Excel!"&S18&"3"),"*キャラ*"), COUNTIF(INDIRECT("数出表_Excel!"&S18&"3"),"*赤*")), INDIRECT("数出表_Excel!"&S18&"3") &" "&INDIRECT("数出表_Excel!"&S18&"4") &INDIRECT("数出表_Excel!"&S18&"5"), INDIRECT("数出表_Excel!"&S18&"3")),"")} -> どんぶり給 | N18: {=IFERROR(IF(OR(COUNTIF(INDIRECT("数出表_Excel!"&T18&"3"),"*キャラ*"), COUNTIF(INDIRECT("数出表_Excel!"&T18&"3"),"*赤*")), INDIRECT("数出表_Excel!"&T18&"3") &" "&INDIRECT("数出表_Excel!"&T18&"4") &INDIRECT("数出表_Excel!"&T18&"5"), INDIRECT("数出表_Excel!"&T18&"3")),"")} | O18: {=IFERROR(IF(OR(COUNTIF(INDIRECT("数出表_Excel!"&U18&"3"),"*キャラ*"), COUNTIF(INDIRECT("数出表_Excel!"&U18&"3"),"*赤*")), INDIRECT("数出表_Excel!"&U18&"3") &" "&INDIRECT("数出表_Excel!"&U18&"4") &INDIRECT("数出表_Excel!"&U18&"5"), INDIRECT("数出表_Excel!"&U18&"3")),"")} | P18: =IFERROR( SUBSTITUTE(ADDRESS(1, IFERROR(COLUMN(INDEX(INDIRECT("数出表_Excel!B"&$I18-1&":T"&$I18-1&""),1,MATCH(TEXT(B18,0),INDIRECT("数出表_Excel!B"&$I18-1&":T"&$I18-1&""),0))),""),4),"1",""), "") -> O | Q18: =IFERROR( SUBSTITUTE(ADDRESS(1, IFERROR(COLUMN(INDEX(INDIRECT("数出表_Excel!B"&$I18-1&":T"&$I18-1&""),1,MATCH(TEXT(C18,0),INDIRECT("数出表_Excel!B"&$I18-1&":T"&$I18-1&""),0))),""),4),"1",""), "") | R18: =IFERROR( SUBSTITUTE(ADDRESS(1, IFERROR(COLUMN(INDEX(INDIRECT("数出表_Excel!B"&$I18-1&":T"&$I18-1&""),1,MATCH(TEXT(D18,0),INDIRECT("数出表_Excel!B"&$I18-1&":T"&$I18-1&""),0))),""),4),"1",""), "") | S18: =IFERROR( SUBSTITUTE(ADDRESS(1, IFERROR(COLUMN(INDEX(INDIRECT("数出表_Excel!B"&$I18&":T"&$I18&""),1,MATCH(TEXT(E18,0),INDIRECT("数出表_Excel!B"&$I18&":T"&$I18&""),0))),""),4),"1",""), "") -> O | T18: =IFERROR( SUBSTITUTE(ADDRESS(1, IFERROR(COLUMN(INDEX(INDIRECT("数出表_Excel!B"&$I18&":T"&$I18&""),1,MATCH(TEXT(F18,0),INDIRECT("数出表_Excel!B"&$I18&":T"&$I18&""),0))),""),4),"1",""), "") | U18: =IFERROR( SUBSTITUTE(ADDRESS(1, IFERROR(COLUMN(INDEX(INDIRECT("数出表_Excel!B"&$I18&":T"&$I18&""),1,MATCH(TEXT(G18,0),INDIRECT("数出表_Excel!B"&$I18&":T"&$I18&""),0))),""),4),"1",""), "") | V18: =TRIM(SUBSTITUTE( IF(COUNTIF(P18:U18,"A")>0,"A ","")& IF(COUNTIF(P18:U18,"B")>0,"B ","")& IF(COUNTIF(P18:U18,"C")>0,"C ","")& IF(COUNTIF(P18:U18,"D")>0,"D ","")& IF(COUNTIF(P18:U18,"E")>0,"E ","")& IF(COUNTIF(P18:U18,"F")>0,"F ","")& IF(COUNTIF(P18:U18,"G")>0,"G ","")& IF(COUNTIF(P18:U18,"H")>0,"H ","")& IF(COUNTIF(P18:U18,"I")>0,"I ","")& IF(COUNTIF(P18:U18,"J")>0,"J ","")& IF(COUNTIF(P18:U18,"K")>0,"K ","")& IF(COUNTIF(P18:U18,"L")>0,"L ","")& IF(COUNTIF(P18:U18,"M")>0,"M ","")& IF(COUNTIF(P18:U18,"N")>0,"N ","")& IF(COUNTIF(P18:U18,"O")>0,"O ","")& IF(COUNTIF(P18:U18,"P")>0,"P ","")& IF(COUNTIF(P18:U18,"Q")>0,"Q ","")& IF(COUNTIF(P18:U18,"R")>0,"R ","")& IF(COUNTIF(P18:U18,"S")>0,"S ","")& IF(COUNTIF(P18:U18,"T")>0,"T ","")& IF(COUNTIF(P18:U18,"U")>0,"U ","")& IF(COUNTIF(P18:U18,"V")>0,"V ","")& IF(COUNTIF(P18:U18,"W")>0,"W ","")& IF(COUNTIF(P18:U18,"X")>0,"X ","")& IF(COUNTIF(P18:U18,"Y")>0,"Y ","")& IF(COUNTIF(P18:U18,"Z")>0,"Z ","")," ",",")) -> O,
A19: 博多第一 週5ｺｰｽ | B19: 236 | I19: =I18+2 -> 43 | J19: {=IFERROR(IF(OR(COUNTIF(INDIRECT("数出表_Excel!"&P19&"3"),"*キャラ*"), COUNTIF(INDIRECT("数出表_Excel!"&P19&"3"),"*赤*")), IF(COUNTIF(A19,"*雙葉*"),INDIRECT("数出表_Excel!"&P19&"3"), INDIRECT("数出表_Excel!"&P19&"3") &" "&INDIRECT("数出表_Excel!"&P19&"4") &INDIRECT("数出表_Excel!"&P19&"5")), INDIRECT("数出表_Excel!"&P19&"3")),"")} -> どんぶり給 | K19: {=IFERROR(IF(OR(COUNTIF(INDIRECT("数出表_Excel!"&Q19&"3"),"*キャラ*"), COUNTIF(INDIRECT("数出表_Excel!"&Q19&"3"),"*赤*")), INDIRECT("数出表_Excel!"&Q19&"3") &" "&INDIRECT("数出表_Excel!"&Q19&"4") &INDIRECT("数出表_Excel!"&Q19&"5"), INDIRECT("数出表_Excel!"&Q19&"3")),"")} | L19: {=IFERROR(IF(OR(COUNTIF(INDIRECT("数出表_Excel!"&R19&"3"),"*キャラ*"), COUNTIF(INDIRECT("数出表_Excel!"&R19&"3"),"*赤*")), INDIRECT("数出表_Excel!"&R19&"3") &" "&INDIRECT("数出表_Excel!"&R19&"4") &INDIRECT("数出表_Excel!"&R19&"5"), INDIRECT("数出表_Excel!"&R19&"3")),"")} | M19: {=IFERROR(IF(OR(COUNTIF(INDIRECT("数出表_Excel!"&S19&"3"),"*キャラ*"), COUNTIF(INDIRECT("数出表_Excel!"&S19&"3"),"*赤*")), INDIRECT("数出表_Excel!"&S19&"3") &" "&INDIRECT("数出表_Excel!"&S19&"4") &INDIRECT("数出表_Excel!"&S19&"5"), INDIRECT("数出表_Excel!"&S19&"3")),"")} | N19: {=IFERROR(IF(OR(COUNTIF(INDIRECT("数出表_Excel!"&T19&"3"),"*キャラ*"), COUNTIF(INDIRECT("数出表_Excel!"&T19&"3"),"*赤*")), INDIRECT("数出表_Excel!"&T19&"3") &" "&INDIRECT("数出表_Excel!"&T19&"4") &INDIRECT("数出表_Excel!"&T19&"5"), INDIRECT("数出表_Excel!"&T19&"3")),"")} | O19: {=IFERROR(IF(OR(COUNTIF(INDIRECT("数出表_Excel!"&U19&"3"),"*キャラ*"), COUNTIF(INDIRECT("数出表_Excel!"&U19&"3"),"*赤*")), INDIRECT("数出表_Excel!"&U19&"3") &" "&INDIRECT("数出表_Excel!"&U19&"4") &INDIRECT("数出表_Excel!"&U19&"5"), INDIRECT("数出表_Excel!"&U19&"3")),"")} | P19: =IFERROR( SUBSTITUTE(ADDRESS(1, IFERROR(COLUMN(INDEX(INDIRECT("数出表_Excel!B"&$I19-1&":T"&$I19-1&""),1,MATCH(TEXT(B19,0),INDIRECT("数出表_Excel!B"&$I19-1&":T"&$I19-1&""),0))),""),4),"1",""), "") -> O | Q19: =IFERROR( SUBSTITUTE(ADDRESS(1, IFERROR(COLUMN(INDEX(INDIRECT("数出表_Excel!B"&$I19-1&":T"&$I19-1&""),1,MATCH(TEXT(C19,0),INDIRECT("数出表_Excel!B"&$I19-1&":T"&$I19-1&""),0))),""),4),"1",""), "") | R19: =IFERROR( SUBSTITUTE(ADDRESS(1, IFERROR(COLUMN(INDEX(INDIRECT("数出表_Excel!B"&$I19-1&":T"&$I19-1&""),1,MATCH(TEXT(D19,0),INDIRECT("数出表_Excel!B"&$I19-1&":T"&$I19-1&""),0))),""),4),"1",""), "") | S19: =IFERROR( SUBSTITUTE(ADDRESS(1, IFERROR(COLUMN(INDEX(INDIRECT("数出表_Excel!B"&$I19&":T"&$I19&""),1,MATCH(TEXT(E19,0),INDIRECT("数出表_Excel!B"&$I19&":T"&$I19&""),0))),""),4),"1",""), "") | T19: =IFERROR( SUBSTITUTE(ADDRESS(1, IFERROR(COLUMN(INDEX(INDIRECT("数出表_Excel!B"&$I19&":T"&$I19&""),1,MATCH(TEXT(F19,0),INDIRECT("数出表_Excel!B"&$I19&":T"&$I19&""),0))),""),4),"1",""), "") | U19: =IFERROR( SUBSTITUTE(ADDRESS(1, IFERROR(COLUMN(INDEX(INDIRECT("数出表_Excel!B"&$I19&":T"&$I19&""),1,MATCH(TEXT(G19,0),INDIRECT("数出表_Excel!B"&$I19&":T"&$I19&""),0))),""),4),"1",""), "") | V19: =TRIM(SUBSTITUTE( IF(COUNTIF(P19:U19,"A")>0,"A ","")& IF(COUNTIF(P19:U19,"B")>0,"B ","")& IF(COUNTIF(P19:U19,"C")>0,"C ","")& IF(COUNTIF(P19:U19,"D")>0,"D ","")& IF(COUNTIF(P19:U19,"E")>0,"E ","")& IF(COUNTIF(P19:U19,"F")>0,"F ","")& IF(COUNTIF(P19:U19,"G")>0,"G ","")& IF(COUNTIF(P19:U19,"H")>0,"H ","")& IF(COUNTIF(P19:U19,"I")>0,"I ","")& IF(COUNTIF(P19:U19,"J")>0,"J ","")& IF(COUNTIF(P19:U19,"K")>0,"K ","")& IF(COUNTIF(P19:U19,"L")>0,"L ","")& IF(COUNTIF(P19:U19,"M")>0,"M ","")& IF(COUNTIF(P19:U19,"N")>0,"N ","")& IF(COUNTIF(P19:U19,"O")>0,"O ","")& IF(COUNTIF(P19:U19,"P")>0,"P ","")& IF(COUNTIF(P19:U19,"Q")>0,"Q ","")& IF(COUNTIF(P19:U19,"R")>0,"R ","")& IF(COUNTIF(P19:U19,"S")>0,"S ","")& IF(COUNTIF(P19:U19,"T")>0,"T ","")& IF(COUNTIF(P19:U19,"U")>0,"U ","")& IF(COUNTIF(P19:U19,"V")>0,"V ","")& IF(COUNTIF(P19:U19,"W")>0,"W ","")& IF(COUNTIF(P19:U19,"X")>0,"X ","")& IF(COUNTIF(P19:U19,"Y")>0,"Y ","")& IF(COUNTIF(P19:U19,"Z")>0,"Z ","")," ",",")) -> O,
A20: 博多第一（補助教員） web | E20: 13 | I20: =I19+2 -> 45 | J20: {=IFERROR(IF(OR(COUNTIF(INDIRECT("数出表_Excel!"&P20&"3"),"*キャラ*"), COUNTIF(INDIRECT("数出表_Excel!"&P20&"3"),"*赤*")), IF(COUNTIF(A20,"*雙葉*"),INDIRECT("数出表_Excel!"&P20&"3"), INDIRECT("数出表_Excel!"&P20&"3") &" "&INDIRECT("数出表_Excel!"&P20&"4") &INDIRECT("数出表_Excel!"&P20&"5")), INDIRECT("数出表_Excel!"&P20&"3")),"")} | K20: {=IFERROR(IF(OR(COUNTIF(INDIRECT("数出表_Excel!"&Q20&"3"),"*キャラ*"), COUNTIF(INDIRECT("数出表_Excel!"&Q20&"3"),"*赤*")), INDIRECT("数出表_Excel!"&Q20&"3") &" "&INDIRECT("数出表_Excel!"&Q20&"4") &INDIRECT("数出表_Excel!"&Q20&"5"), INDIRECT("数出表_Excel!"&Q20&"3")),"")} | L20: {=IFERROR(IF(OR(COUNTIF(INDIRECT("数出表_Excel!"&R20&"3"),"*キャラ*"), COUNTIF(INDIRECT("数出表_Excel!"&R20&"3"),"*赤*")), INDIRECT("数出表_Excel!"&R20&"3") &" "&INDIRECT("数出表_Excel!"&R20&"4") &INDIRECT("数出表_Excel!"&R20&"5"), INDIRECT("数出表_Excel!"&R20&"3")),"")} | M20: {=IFERROR(IF(OR(COUNTIF(INDIRECT("数出表_Excel!"&S20&"3"),"*キャラ*"), COUNTIF(INDIRECT("数出表_Excel!"&S20&"3"),"*赤*")), INDIRECT("数出表_Excel!"&S20&"3") &" "&INDIRECT("数出表_Excel!"&S20&"4") &INDIRECT("数出表_Excel!"&S20&"5"), INDIRECT("数出表_Excel!"&S20&"3")),"")} -> キャラ弁当 飯あり120 | N20: {=IFERROR(IF(OR(COUNTIF(INDIRECT("数出表_Excel!"&T20&"3"),"*キャラ*"), COUNTIF(INDIRECT("数出表_Excel!"&T20&"3"),"*赤*")), INDIRECT("数出表_Excel!"&T20&"3") &" "&INDIRECT("数出表_Excel!"&T20&"4") &INDIRECT("数出表_Excel!"&T20&"5"), INDIRECT("数出表_Excel!"&T20&"3")),"")} | O20: {=IFERROR(IF(OR(COUNTIF(INDIRECT("数出表_Excel!"&U20&"3"),"*キャラ*"), COUNTIF(INDIRECT("数出表_Excel!"&U20&"3"),"*赤*")), INDIRECT("数出表_Excel!"&U20&"3") &" "&INDIRECT("数出表_Excel!"&U20&"4") &INDIRECT("数出表_Excel!"&U20&"5"), INDIRECT("数出表_Excel!"&U20&"3")),"")} | P20: =IFERROR( SUBSTITUTE(ADDRESS(1, IFERROR(COLUMN(INDEX(INDIRECT("数出表_Excel!B"&$I20-1&":T"&$I20-1&""),1,MATCH(TEXT(B20,0),INDIRECT("数出表_Excel!B"&$I20-1&":T"&$I20-1&""),0))),""),4),"1",""), "") | Q20: =IFERROR( SUBSTITUTE(ADDRESS(1, IFERROR(COLUMN(INDEX(INDIRECT("数出表_Excel!B"&$I20-1&":T"&$I20-1&""),1,MATCH(TEXT(C20,0),INDIRECT("数出表_Excel!B"&$I20-1&":T"&$I20-1&""),0))),""),4),"1",""), "") | R20: =IFERROR( SUBSTITUTE(ADDRESS(1, IFERROR(COLUMN(INDEX(INDIRECT("数出表_Excel!B"&$I20-1&":T"&$I20-1&""),1,MATCH(TEXT(D20,0),INDIRECT("数出表_Excel!B"&$I20-1&":T"&$I20-1&""),0))),""),4),"1",""), "") | S20: =IFERROR( SUBSTITUTE(ADDRESS(1, IFERROR(COLUMN(INDEX(INDIRECT("数出表_Excel!B"&$I20&":T"&$I20&""),1,MATCH(TEXT(E20,0),INDIRECT("数出表_Excel!B"&$I20&":T"&$I20&""),0))),""),4),"1",""), "") -> D | T20: =IFERROR( SUBSTITUTE(ADDRESS(1, IFERROR(COLUMN(INDEX(INDIRECT("数出表_Excel!B"&$I20&":T"&$I20&""),1,MATCH(TEXT(F20,0),INDIRECT("数出表_Excel!B"&$I20&":T"&$I20&""),0))),""),4),"1",""), "") | U20: =IFERROR( SUBSTITUTE(ADDRESS(1, IFERROR(COLUMN(INDEX(INDIRECT("数出表_Excel!B"&$I20&":T"&$I20&""),1,MATCH(TEXT(G20,0),INDIRECT("数出表_Excel!B"&$I20&":T"&$I20&""),0))),""),4),"1",""), "") | V20: =TRIM(SUBSTITUTE( IF(COUNTIF(P20:U20,"A")>0,"A ","")& IF(COUNTIF(P20:U20,"B")>0,"B ","")& IF(COUNTIF(P20:U20,"C")>0,"C ","")& IF(COUNTIF(P20:U20,"D")>0,"D ","")& IF(COUNTIF(P20:U20,"E")>0,"E ","")& IF(COUNTIF(P20:U20,"F")>0,"F ","")& IF(COUNTIF(P20:U20,"G")>0,"G ","")& IF(COUNTIF(P20:U20,"H")>0,"H ","")& IF(COUNTIF(P20:U20,"I")>0,"I ","")& IF(COUNTIF(P20:U20,"J")>0,"J ","")& IF(COUNTIF(P20:U20,"K")>0,"K ","")& IF(COUNTIF(P20:U20,"L")>0,"L ","")& IF(COUNTIF(P20:U20,"M")>0,"M ","")& IF(COUNTIF(P20:U20,"N")>0,"N ","")& IF(COUNTIF(P20:U20,"O")>0,"O ","")& IF(COUNTIF(P20:U20,"P")>0,"P ","")& IF(COUNTIF(P20:U20,"Q")>0,"Q ","")& IF(COUNTIF(P20:U20,"R")>0,"R ","")& IF(COUNTIF(P20:U20,"S")>0,"S ","")& IF(COUNTIF(P20:U20,"T")>0,"T ","")& IF(COUNTIF(P20:U20,"U")>0,"U ","")& IF(COUNTIF(P20:U20,"V")>0,"V ","")& IF(COUNTIF(P20:U20,"W")>0,"W ","")& IF(COUNTIF(P20:U20,"X")>0,"X ","")& IF(COUNTIF(P20:U20,"Y")>0,"Y ","")& IF(COUNTIF(P20:U20,"Z")>0,"Z ","")," ",",")) -> D,
A21: 博多第二 週3ｺｰｽ | B21: 90 | E21: 15 | I21: =I20+2 -> 47 | J21: {=IFERROR(IF(OR(COUNTIF(INDIRECT("数出表_Excel!"&P21&"3"),"*キャラ*"), COUNTIF(INDIRECT("数出表_Excel!"&P21&"3"),"*赤*")), IF(COUNTIF(A21,"*雙葉*"),INDIRECT("数出表_Excel!"&P21&"3"), INDIRECT("数出表_Excel!"&P21&"3") &" "&INDIRECT("数出表_Excel!"&P21&"4") &INDIRECT("数出表_Excel!"&P21&"5")), INDIRECT("数出表_Excel!"&P21&"3")),"")} -> ピクニック | K21: {=IFERROR(IF(OR(COUNTIF(INDIRECT("数出表_Excel!"&Q21&"3"),"*キャラ*"), COUNTIF(INDIRECT("数出表_Excel!"&Q21&"3"),"*赤*")), INDIRECT("数出表_Excel!"&Q21&"3") &" "&INDIRECT("数出表_Excel!"&Q21&"4") &INDIRECT("数出表_Excel!"&Q21&"5"), INDIRECT("数出表_Excel!"&Q21&"3")),"")} | L21: {=IFERROR(IF(OR(COUNTIF(INDIRECT("数出表_Excel!"&R21&"3"),"*キャラ*"), COUNTIF(INDIRECT("数出表_Excel!"&R21&"3"),"*赤*")), INDIRECT("数出表_Excel!"&R21&"3") &" "&INDIRECT("数出表_Excel!"&R21&"4") &INDIRECT("数出表_Excel!"&R21&"5"), INDIRECT("数出表_Excel!"&R21&"3")),"")} | M21: {=IFERROR(IF(OR(COUNTIF(INDIRECT("数出表_Excel!"&S21&"3"),"*キャラ*"), COUNTIF(INDIRECT("数出表_Excel!"&S21&"3"),"*赤*")), INDIRECT("数出表_Excel!"&S21&"3") &" "&INDIRECT("数出表_Excel!"&S21&"4") &INDIRECT("数出表_Excel!"&S21&"5"), INDIRECT("数出表_Excel!"&S21&"3")),"")} -> ピクニック | N21: {=IFERROR(IF(OR(COUNTIF(INDIRECT("数出表_Excel!"&T21&"3"),"*キャラ*"), COUNTIF(INDIRECT("数出表_Excel!"&T21&"3"),"*赤*")), INDIRECT("数出表_Excel!"&T21&"3") &" "&INDIRECT("数出表_Excel!"&T21&"4") &INDIRECT("数出表_Excel!"&T21&"5"), INDIRECT("数出表_Excel!"&T21&"3")),"")} | O21: {=IFERROR(IF(OR(COUNTIF(INDIRECT("数出表_Excel!"&U21&"3"),"*キャラ*"), COUNTIF(INDIRECT("数出表_Excel!"&U21&"3"),"*赤*")), INDIRECT("数出表_Excel!"&U21&"3") &" "&INDIRECT("数出表_Excel!"&U21&"4") &INDIRECT("数出表_Excel!"&U21&"5"), INDIRECT("数出表_Excel!"&U21&"3")),"")} | P21: =IFERROR( SUBSTITUTE(ADDRESS(1, IFERROR(COLUMN(INDEX(INDIRECT("数出表_Excel!B"&$I21-1&":T"&$I21-1&""),1,MATCH(TEXT(B21,0),INDIRECT("数出表_Excel!B"&$I21-1&":T"&$I21-1&""),0))),""),4),"1",""), "") -> M | Q21: =IFERROR( SUBSTITUTE(ADDRESS(1, IFERROR(COLUMN(INDEX(INDIRECT("数出表_Excel!B"&$I21-1&":T"&$I21-1&""),1,MATCH(TEXT(C21,0),INDIRECT("数出表_Excel!B"&$I21-1&":T"&$I21-1&""),0))),""),4),"1",""), "") | R21: =IFERROR( SUBSTITUTE(ADDRESS(1, IFERROR(COLUMN(INDEX(INDIRECT("数出表_Excel!B"&$I21-1&":T"&$I21-1&""),1,MATCH(TEXT(D21,0),INDIRECT("数出表_Excel!B"&$I21-1&":T"&$I21-1&""),0))),""),4),"1",""), "") | S21: =IFERROR( SUBSTITUTE(ADDRESS(1, IFERROR(COLUMN(INDEX(INDIRECT("数出表_Excel!B"&$I21&":T"&$I21&""),1,MATCH(TEXT(E21,0),INDIRECT("数出表_Excel!B"&$I21&":T"&$I21&""),0))),""),4),"1",""), "") -> M | T21: =IFERROR( SUBSTITUTE(ADDRESS(1, IFERROR(COLUMN(INDEX(INDIRECT("数出表_Excel!B"&$I21&":T"&$I21&""),1,MATCH(TEXT(F21,0),INDIRECT("数出表_Excel!B"&$I21&":T"&$I21&""),0))),""),4),"1",""), "") | U21: =IFERROR( SUBSTITUTE(ADDRESS(1, IFERROR(COLUMN(INDEX(INDIRECT("数出表_Excel!B"&$I21&":T"&$I21&""),1,MATCH(TEXT(G21,0),INDIRECT("数出表_Excel!B"&$I21&":T"&$I21&""),0))),""),4),"1",""), "") | V21: =TRIM(SUBSTITUTE( IF(COUNTIF(P21:U21,"A")>0,"A ","")& IF(COUNTIF(P21:U21,"B")>0,"B ","")& IF(COUNTIF(P21:U21,"C")>0,"C ","")& IF(COUNTIF(P21:U21,"D")>0,"D ","")& IF(COUNTIF(P21:U21,"E")>0,"E ","")& IF(COUNTIF(P21:U21,"F")>0,"F ","")& IF(COUNTIF(P21:U21,"G")>0,"G ","")& IF(COUNTIF(P21:U21,"H")>0,"H ","")& IF(COUNTIF(P21:U21,"I")>0,"I ","")& IF(COUNTIF(P21:U21,"J")>0,"J ","")& IF(COUNTIF(P21:U21,"K")>0,"K ","")& IF(COUNTIF(P21:U21,"L")>0,"L ","")& IF(COUNTIF(P21:U21,"M")>0,"M ","")& IF(COUNTIF(P21:U21,"N")>0,"N ","")& IF(COUNTIF(P21:U21,"O")>0,"O ","")& IF(COUNTIF(P21:U21,"P")>0,"P ","")& IF(COUNTIF(P21:U21,"Q")>0,"Q ","")& IF(COUNTIF(P21:U21,"R")>0,"R ","")& IF(COUNTIF(P21:U21,"S")>0,"S ","")& IF(COUNTIF(P21:U21,"T")>0,"T ","")& IF(COUNTIF(P21:U21,"U")>0,"U ","")& IF(COUNTIF(P21:U21,"V")>0,"V ","")& IF(COUNTIF(P21:U21,"W")>0,"W ","")& IF(COUNTIF(P21:U21,"X")>0,"X ","")& IF(COUNTIF(P21:U21,"Y")>0,"Y ","")& IF(COUNTIF(P21:U21,"Z")>0,"Z ","")," ",",")) -> M,
A22: 博多第二 週5ｺｰｽ | B22: 141 | I22: =I21+2 -> 49 | J22: {=IFERROR(IF(OR(COUNTIF(INDIRECT("数出表_Excel!"&P22&"3"),"*キャラ*"), COUNTIF(INDIRECT("数出表_Excel!"&P22&"3"),"*赤*")), IF(COUNTIF(A22,"*雙葉*"),INDIRECT("数出表_Excel!"&P22&"3"), INDIRECT("数出表_Excel!"&P22&"3") &" "&INDIRECT("数出表_Excel!"&P22&"4") &INDIRECT("数出表_Excel!"&P22&"5")), INDIRECT("数出表_Excel!"&P22&"3")),"")} -> ピクニック | K22: {=IFERROR(IF(OR(COUNTIF(INDIRECT("数出表_Excel!"&Q22&"3"),"*キャラ*"), COUNTIF(INDIRECT("数出表_Excel!"&Q22&"3"),"*赤*")), INDIRECT("数出表_Excel!"&Q22&"3") &" "&INDIRECT("数出表_Excel!"&Q22&"4") &INDIRECT("数出表_Excel!"&Q22&"5"), INDIRECT("数出表_Excel!"&Q22&"3")),"")} | L22: {=IFERROR(IF(OR(COUNTIF(INDIRECT("数出表_Excel!"&R22&"3"),"*キャラ*"), COUNTIF(INDIRECT("数出表_Excel!"&R22&"3"),"*赤*")), INDIRECT("数出表_Excel!"&R22&"3") &" "&INDIRECT("数出表_Excel!"&R22&"4") &INDIRECT("数出表_Excel!"&R22&"5"), INDIRECT("数出表_Excel!"&R22&"3")),"")} | M22: {=IFERROR(IF(OR(COUNTIF(INDIRECT("数出表_Excel!"&S22&"3"),"*キャラ*"), COUNTIF(INDIRECT("数出表_Excel!"&S22&"3"),"*赤*")), INDIRECT("数出表_Excel!"&S22&"3") &" "&INDIRECT("数出表_Excel!"&S22&"4") &INDIRECT("数出表_Excel!"&S22&"5"), INDIRECT("数出表_Excel!"&S22&"3")),"")} | N22: {=IFERROR(IF(OR(COUNTIF(INDIRECT("数出表_Excel!"&T22&"3"),"*キャラ*"), COUNTIF(INDIRECT("数出表_Excel!"&T22&"3"),"*赤*")), INDIRECT("数出表_Excel!"&T22&"3") &" "&INDIRECT("数出表_Excel!"&T22&"4") &INDIRECT("数出表_Excel!"&T22&"5"), INDIRECT("数出表_Excel!"&T22&"3")),"")} | O22: {=IFERROR(IF(OR(COUNTIF(INDIRECT("数出表_Excel!"&U22&"3"),"*キャラ*"), COUNTIF(INDIRECT("数出表_Excel!"&U22&"3"),"*赤*")), INDIRECT("数出表_Excel!"&U22&"3") &" "&INDIRECT("数出表_Excel!"&U22&"4") &INDIRECT("数出表_Excel!"&U22&"5"), INDIRECT("数出表_Excel!"&U22&"3")),"")} | P22: =IFERROR( SUBSTITUTE(ADDRESS(1, IFERROR(COLUMN(INDEX(INDIRECT("数出表_Excel!B"&$I22-1&":T"&$I22-1&""),1,MATCH(TEXT(B22,0),INDIRECT("数出表_Excel!B"&$I22-1&":T"&$I22-1&""),0))),""),4),"1",""), "") -> M | Q22: =IFERROR( SUBSTITUTE(ADDRESS(1, IFERROR(COLUMN(INDEX(INDIRECT("数出表_Excel!B"&$I22-1&":T"&$I22-1&""),1,MATCH(TEXT(C22,0),INDIRECT("数出表_Excel!B"&$I22-1&":T"&$I22-1&""),0))),""),4),"1",""), "") | R22: =IFERROR( SUBSTITUTE(ADDRESS(1, IFERROR(COLUMN(INDEX(INDIRECT("数出表_Excel!B"&$I22-1&":T"&$I22-1&""),1,MATCH(TEXT(D22,0),INDIRECT("数出表_Excel!B"&$I22-1&":T"&$I22-1&""),0))),""),4),"1",""), "") | S22: =IFERROR( SUBSTITUTE(ADDRESS(1, IFERROR(COLUMN(INDEX(INDIRECT("数出表_Excel!B"&$I22&":T"&$I22&""),1,MATCH(TEXT(E22,0),INDIRECT("数出表_Excel!B"&$I22&":T"&$I22&""),0))),""),4),"1",""), "") | T22: =IFERROR( SUBSTITUTE(ADDRESS(1, IFERROR(COLUMN(INDEX(INDIRECT("数出表_Excel!B"&$I22&":T"&$I22&""),1,MATCH(TEXT(F22,0),INDIRECT("数出表_Excel!B"&$I22&":T"&$I22&""),0))),""),4),"1",""), "") | U22: =IFERROR( SUBSTITUTE(ADDRESS(1, IFERROR(COLUMN(INDEX(INDIRECT("数出表_Excel!B"&$I22&":T"&$I22&""),1,MATCH(TEXT(G22,0),INDIRECT("数出表_Excel!B"&$I22&":T"&$I22&""),0))),""),4),"1",""), "") | V22: =TRIM(SUBSTITUTE( IF(COUNTIF(P22:U22,"A")>0,"A ","")& IF(COUNTIF(P22:U22,"B")>0,"B ","")& IF(COUNTIF(P22:U22,"C")>0,"C ","")& IF(COUNTIF(P22:U22,"D")>0,"D ","")& IF(COUNTIF(P22:U22,"E")>0,"E ","")& IF(COUNTIF(P22:U22,"F")>0,"F ","")& IF(COUNTIF(P22:U22,"G")>0,"G ","")& IF(COUNTIF(P22:U22,"H")>0,"H ","")& IF(COUNTIF(P22:U22,"I")>0,"I ","")& IF(COUNTIF(P22:U22,"J")>0,"J ","")& IF(COUNTIF(P22:U22,"K")>0,"K ","")& IF(COUNTIF(P22:U22,"L")>0,"L ","")& IF(COUNTIF(P22:U22,"M")>0,"M ","")& IF(COUNTIF(P22:U22,"N")>0,"N ","")& IF(COUNTIF(P22:U22,"O")>0,"O ","")& IF(COUNTIF(P22:U22,"P")>0,"P ","")& IF(COUNTIF(P22:U22,"Q")>0,"Q ","")& IF(COUNTIF(P22:U22,"R")>0,"R ","")& IF(COUNTIF(P22:U22,"S")>0,"S ","")& IF(COUNTIF(P22:U22,"T")>0,"T ","")& IF(COUNTIF(P22:U22,"U")>0,"U ","")& IF(COUNTIF(P22:U22,"V")>0,"V ","")& IF(COUNTIF(P22:U22,"W")>0,"W ","")& IF(COUNTIF(P22:U22,"X")>0,"X ","")& IF(COUNTIF(P22:U22,"Y")>0,"Y ","")& IF(COUNTIF(P22:U22,"Z")>0,"Z ","")," ",",")) -> M,
A23: 博多第二（補助教員） web | E23: 1 | I23: =I22+2 -> 51 | J23: {=IFERROR(IF(OR(COUNTIF(INDIRECT("数出表_Excel!"&P23&"3"),"*キャラ*"), COUNTIF(INDIRECT("数出表_Excel!"&P23&"3"),"*赤*")), IF(COUNTIF(A23,"*雙葉*"),INDIRECT("数出表_Excel!"&P23&"3"), INDIRECT("数出表_Excel!"&P23&"3") &" "&INDIRECT("数出表_Excel!"&P23&"4") &INDIRECT("数出表_Excel!"&P23&"5")), INDIRECT("数出表_Excel!"&P23&"3")),"")} | K23: {=IFERROR(IF(OR(COUNTIF(INDIRECT("数出表_Excel!"&Q23&"3"),"*キャラ*"), COUNTIF(INDIRECT("数出表_Excel!"&Q23&"3"),"*赤*")), INDIRECT("数出表_Excel!"&Q23&"3") &" "&INDIRECT("数出表_Excel!"&Q23&"4") &INDIRECT("数出表_Excel!"&Q23&"5"), INDIRECT("数出表_Excel!"&Q23&"3")),"")} | L23: {=IFERROR(IF(OR(COUNTIF(INDIRECT("数出表_Excel!"&R23&"3"),"*キャラ*"), COUNTIF(INDIRECT("数出表_Excel!"&R23&"3"),"*赤*")), INDIRECT("数出表_Excel!"&R23&"3") &" "&INDIRECT("数出表_Excel!"&R23&"4") &INDIRECT("数出表_Excel!"&R23&"5"), INDIRECT("数出表_Excel!"&R23&"3")),"")} | M23: {=IFERROR(IF(OR(COUNTIF(INDIRECT("数出表_Excel!"&S23&"3"),"*キャラ*"), COUNTIF(INDIRECT("数出表_Excel!"&S23&"3"),"*赤*")), INDIRECT("数出表_Excel!"&S23&"3") &" "&INDIRECT("数出表_Excel!"&S23&"4") &INDIRECT("数出表_Excel!"&S23&"5"), INDIRECT("数出表_Excel!"&S23&"3")),"")} -> キャラ弁当 飯あり120 | N23: {=IFERROR(IF(OR(COUNTIF(INDIRECT("数出表_Excel!"&T23&"3"),"*キャラ*"), COUNTIF(INDIRECT("数出表_Excel!"&T23&"3"),"*赤*")), INDIRECT("数出表_Excel!"&T23&"3") &" "&INDIRECT("数出表_Excel!"&T23&"4") &INDIRECT("数出表_Excel!"&T23&"5"), INDIRECT("数出表_Excel!"&T23&"3")),"")} | O23: {=IFERROR(IF(OR(COUNTIF(INDIRECT("数出表_Excel!"&U23&"3"),"*キャラ*"), COUNTIF(INDIRECT("数出表_Excel!"&U23&"3"),"*赤*")), INDIRECT("数出表_Excel!"&U23&"3") &" "&INDIRECT("数出表_Excel!"&U23&"4") &INDIRECT("数出表_Excel!"&U23&"5"), INDIRECT("数出表_Excel!"&U23&"3")),"")} | P23: =IFERROR( SUBSTITUTE(ADDRESS(1, IFERROR(COLUMN(INDEX(INDIRECT("数出表_Excel!B"&$I23-1&":T"&$I23-1&""),1,MATCH(TEXT(B23,0),INDIRECT("数出表_Excel!B"&$I23-1&":T"&$I23-1&""),0))),""),4),"1",""), "") | Q23: =IFERROR( SUBSTITUTE(ADDRESS(1, IFERROR(COLUMN(INDEX(INDIRECT("数出表_Excel!B"&$I23-1&":T"&$I23-1&""),1,MATCH(TEXT(C23,0),INDIRECT("数出表_Excel!B"&$I23-1&":T"&$I23-1&""),0))),""),4),"1",""), "") | R23: =IFERROR( SUBSTITUTE(ADDRESS(1, IFERROR(COLUMN(INDEX(INDIRECT("数出表_Excel!B"&$I23-1&":T"&$I23-1&""),1,MATCH(TEXT(D23,0),INDIRECT("数出表_Excel!B"&$I23-1&":T"&$I23-1&""),0))),""),4),"1",""), "") | S23: =IFERROR( SUBSTITUTE(ADDRESS(1, IFERROR(COLUMN(INDEX(INDIRECT("数出表_Excel!B"&$I23&":T"&$I23&""),1,MATCH(TEXT(E23,0),INDIRECT("数出表_Excel!B"&$I23&":T"&$I23&""),0))),""),4),"1",""), "") -> D | T23: =IFERROR( SUBSTITUTE(ADDRESS(1, IFERROR(COLUMN(INDEX(INDIRECT("数出表_Excel!B"&$I23&":T"&$I23&""),1,MATCH(TEXT(F23,0),INDIRECT("数出表_Excel!B"&$I23&":T"&$I23&""),0))),""),4),"1",""), "") | U23: =IFERROR( SUBSTITUTE(ADDRESS(1, IFERROR(COLUMN(INDEX(INDIRECT("数出表_Excel!B"&$I23&":T"&$I23&""),1,MATCH(TEXT(G23,0),INDIRECT("数出表_Excel!B"&$I23&":T"&$I23&""),0))),""),4),"1",""), "") | V23: =TRIM(SUBSTITUTE( IF(COUNTIF(P23:U23,"A")>0,"A ","")& IF(COUNTIF(P23:U23,"B")>0,"B ","")& IF(COUNTIF(P23:U23,"C")>0,"C ","")& IF(COUNTIF(P23:U23,"D")>0,"D ","")& IF(COUNTIF(P23:U23,"E")>0,"E ","")& IF(COUNTIF(P23:U23,"F")>0,"F ","")& IF(COUNTIF(P23:U23,"G")>0,"G ","")& IF(COUNTIF(P23:U23,"H")>0,"H ","")& IF(COUNTIF(P23:U23,"I")>0,"I ","")& IF(COUNTIF(P23:U23,"J")>0,"J ","")& IF(COUNTIF(P23:U23,"K")>0,"K ","")& IF(COUNTIF(P23:U23,"L")>0,"L ","")& IF(COUNTIF(P23:U23,"M")>0,"M ","")& IF(COUNTIF(P23:U23,"N")>0,"N ","")& IF(COUNTIF(P23:U23,"O")>0,"O ","")& IF(COUNTIF(P23:U23,"P")>0,"P ","")& IF(COUNTIF(P23:U23,"Q")>0,"Q ","")& IF(COUNTIF(P23:U23,"R")>0,"R ","")& IF(COUNTIF(P23:U23,"S")>0,"S ","")& IF(COUNTIF(P23:U23,"T")>0,"T ","")& IF(COUNTIF(P23:U23,"U")>0,"U ","")& IF(COUNTIF(P23:U23,"V")>0,"V ","")& IF(COUNTIF(P23:U23,"W")>0,"W ","")& IF(COUNTIF(P23:U23,"X")>0,"X ","")& IF(COUNTIF(P23:U23,"Y")>0,"Y ","")& IF(COUNTIF(P23:U23,"Z")>0,"Z ","")," ",",")) -> D,
A24: 志免幼稚園 | B24: 122 | E24: 16 | I24: =I23+2 -> 53 | J24: {=IFERROR(IF(OR(COUNTIF(INDIRECT("数出表_Excel!"&P24&"3"),"*キャラ*"), COUNTIF(INDIRECT("数出表_Excel!"&P24&"3"),"*赤*")), IF(COUNTIF(A24,"*雙葉*"),INDIRECT("数出表_Excel!"&P24&"3"), INDIRECT("数出表_Excel!"&P24&"3") &" "&INDIRECT("数出表_Excel!"&P24&"4") &INDIRECT("数出表_Excel!"&P24&"5")), INDIRECT("数出表_Excel!"&P24&"3")),"")} -> 赤 飯あり120 | K24: {=IFERROR(IF(OR(COUNTIF(INDIRECT("数出表_Excel!"&Q24&"3"),"*キャラ*"), COUNTIF(INDIRECT("数出表_Excel!"&Q24&"3"),"*赤*")), INDIRECT("数出表_Excel!"&Q24&"3") &" "&INDIRECT("数出表_Excel!"&Q24&"4") &INDIRECT("数出表_Excel!"&Q24&"5"), INDIRECT("数出表_Excel!"&Q24&"3")),"")} | L24: {=IFERROR(IF(OR(COUNTIF(INDIRECT("数出表_Excel!"&R24&"3"),"*キャラ*"), COUNTIF(INDIRECT("数出表_Excel!"&R24&"3"),"*赤*")), INDIRECT("数出表_Excel!"&R24&"3") &" "&INDIRECT("数出表_Excel!"&R24&"4") &INDIRECT("数出表_Excel!"&R24&"5"), INDIRECT("数出表_Excel!"&R24&"3")),"")} | M24: {=IFERROR(IF(OR(COUNTIF(INDIRECT("数出表_Excel!"&S24&"3"),"*キャラ*"), COUNTIF(INDIRECT("数出表_Excel!"&S24&"3"),"*赤*")), INDIRECT("数出表_Excel!"&S24&"3") &" "&INDIRECT("数出表_Excel!"&S24&"4") &INDIRECT("数出表_Excel!"&S24&"5"), INDIRECT("数出表_Excel!"&S24&"3")),"")} -> 赤 飯あり120 | N24: {=IFERROR(IF(OR(COUNTIF(INDIRECT("数出表_Excel!"&T24&"3"),"*キャラ*"), COUNTIF(INDIRECT("数出表_Excel!"&T24&"3"),"*赤*")), INDIRECT("数出表_Excel!"&T24&"3") &" "&INDIRECT("数出表_Excel!"&T24&"4") &INDIRECT("数出表_Excel!"&T24&"5"), INDIRECT("数出表_Excel!"&T24&"3")),"")} | O24: {=IFERROR(IF(OR(COUNTIF(INDIRECT("数出表_Excel!"&U24&"3"),"*キャラ*"), COUNTIF(INDIRECT("数出表_Excel!"&U24&"3"),"*赤*")), INDIRECT("数出表_Excel!"&U24&"3") &" "&INDIRECT("数出表_Excel!"&U24&"4") &INDIRECT("数出表_Excel!"&U24&"5"), INDIRECT("数出表_Excel!"&U24&"3")),"")} | P24: =IFERROR( SUBSTITUTE(ADDRESS(1, IFERROR(COLUMN(INDEX(INDIRECT("数出表_Excel!B"&$I24-1&":T"&$I24-1&""),1,MATCH(TEXT(B24,0),INDIRECT("数出表_Excel!B"&$I24-1&":T"&$I24-1&""),0))),""),4),"1",""), "") -> G | Q24: =IFERROR( SUBSTITUTE(ADDRESS(1, IFERROR(COLUMN(INDEX(INDIRECT("数出表_Excel!B"&$I24-1&":T"&$I24-1&""),1,MATCH(TEXT(C24,0),INDIRECT("数出表_Excel!B"&$I24-1&":T"&$I24-1&""),0))),""),4),"1",""), "") | R24: =IFERROR( SUBSTITUTE(ADDRESS(1, IFERROR(COLUMN(INDEX(INDIRECT("数出表_Excel!B"&$I24-1&":T"&$I24-1&""),1,MATCH(TEXT(D24,0),INDIRECT("数出表_Excel!B"&$I24-1&":T"&$I24-1&""),0))),""),4),"1",""), "") | S24: =IFERROR( SUBSTITUTE(ADDRESS(1, IFERROR(COLUMN(INDEX(INDIRECT("数出表_Excel!B"&$I24&":T"&$I24&""),1,MATCH(TEXT(E24,0),INDIRECT("数出表_Excel!B"&$I24&":T"&$I24&""),0))),""),4),"1",""), "") -> G | T24: =IFERROR( SUBSTITUTE(ADDRESS(1, IFERROR(COLUMN(INDEX(INDIRECT("数出表_Excel!B"&$I24&":T"&$I24&""),1,MATCH(TEXT(F24,0),INDIRECT("数出表_Excel!B"&$I24&":T"&$I24&""),0))),""),4),"1",""), "") | U24: =IFERROR( SUBSTITUTE(ADDRESS(1, IFERROR(COLUMN(INDEX(INDIRECT("数出表_Excel!B"&$I24&":T"&$I24&""),1,MATCH(TEXT(G24,0),INDIRECT("数出表_Excel!B"&$I24&":T"&$I24&""),0))),""),4),"1",""), "") | V24: =TRIM(SUBSTITUTE( IF(COUNTIF(P24:U24,"A")>0,"A ","")& IF(COUNTIF(P24:U24,"B")>0,"B ","")& IF(COUNTIF(P24:U24,"C")>0,"C ","")& IF(COUNTIF(P24:U24,"D")>0,"D ","")& IF(COUNTIF(P24:U24,"E")>0,"E ","")& IF(COUNTIF(P24:U24,"F")>0,"F ","")& IF(COUNTIF(P24:U24,"G")>0,"G ","")& IF(COUNTIF(P24:U24,"H")>0,"H ","")& IF(COUNTIF(P24:U24,"I")>0,"I ","")& IF(COUNTIF(P24:U24,"J")>0,"J ","")& IF(COUNTIF(P24:U24,"K")>0,"K ","")& IF(COUNTIF(P24:U24,"L")>0,"L ","")& IF(COUNTIF(P24:U24,"M")>0,"M ","")& IF(COUNTIF(P24:U24,"N")>0,"N ","")& IF(COUNTIF(P24:U24,"O")>0,"O ","")& IF(COUNTIF(P24:U24,"P")>0,"P ","")& IF(COUNTIF(P24:U24,"Q")>0,"Q ","")& IF(COUNTIF(P24:U24,"R")>0,"R ","")& IF(COUNTIF(P24:U24,"S")>0,"S ","")& IF(COUNTIF(P24:U24,"T")>0,"T ","")& IF(COUNTIF(P24:U24,"U")>0,"U ","")& IF(COUNTIF(P24:U24,"V")>0,"V ","")& IF(COUNTIF(P24:U24,"W")>0,"W ","")& IF(COUNTIF(P24:U24,"X")>0,"X ","")& IF(COUNTIF(P24:U24,"Y")>0,"Y ","")& IF(COUNTIF(P24:U24,"Z")>0,"Z ","")," ",",")) -> G,
A25: 志免中央幼稚園 | B25: 219 | E25: 29 | I25: =I24+2 -> 55 | J25: {=IFERROR(IF(OR(COUNTIF(INDIRECT("数出表_Excel!"&P25&"3"),"*キャラ*"), COUNTIF(INDIRECT("数出表_Excel!"&P25&"3"),"*赤*")), IF(COUNTIF(A25,"*雙葉*"),INDIRECT("数出表_Excel!"&P25&"3"), INDIRECT("数出表_Excel!"&P25&"3") &" "&INDIRECT("数出表_Excel!"&P25&"4") &INDIRECT("数出表_Excel!"&P25&"5")), INDIRECT("数出表_Excel!"&P25&"3")),"")} -> 配膳スマ | K25: {=IFERROR(IF(OR(COUNTIF(INDIRECT("数出表_Excel!"&Q25&"3"),"*キャラ*"), COUNTIF(INDIRECT("数出表_Excel!"&Q25&"3"),"*赤*")), INDIRECT("数出表_Excel!"&Q25&"3") &" "&INDIRECT("数出表_Excel!"&Q25&"4") &INDIRECT("数出表_Excel!"&Q25&"5"), INDIRECT("数出表_Excel!"&Q25&"3")),"")} | L25: {=IFERROR(IF(OR(COUNTIF(INDIRECT("数出表_Excel!"&R25&"3"),"*キャラ*"), COUNTIF(INDIRECT("数出表_Excel!"&R25&"3"),"*赤*")), INDIRECT("数出表_Excel!"&R25&"3") &" "&INDIRECT("数出表_Excel!"&R25&"4") &INDIRECT("数出表_Excel!"&R25&"5"), INDIRECT("数出表_Excel!"&R25&"3")),"")} | M25: {=IFERROR(IF(OR(COUNTIF(INDIRECT("数出表_Excel!"&S25&"3"),"*キャラ*"), COUNTIF(INDIRECT("数出表_Excel!"&S25&"3"),"*赤*")), INDIRECT("数出表_Excel!"&S25&"3") &" "&INDIRECT("数出表_Excel!"&S25&"4") &INDIRECT("数出表_Excel!"&S25&"5"), INDIRECT("数出表_Excel!"&S25&"3")),"")} -> 配膳スマ | N25: {=IFERROR(IF(OR(COUNTIF(INDIRECT("数出表_Excel!"&T25&"3"),"*キャラ*"), COUNTIF(INDIRECT("数出表_Excel!"&T25&"3"),"*赤*")), INDIRECT("数出表_Excel!"&T25&"3") &" "&INDIRECT("数出表_Excel!"&T25&"4") &INDIRECT("数出表_Excel!"&T25&"5"), INDIRECT("数出表_Excel!"&T25&"3")),"")} | O25: {=IFERROR(IF(OR(COUNTIF(INDIRECT("数出表_Excel!"&U25&"3"),"*キャラ*"), COUNTIF(INDIRECT("数出表_Excel!"&U25&"3"),"*赤*")), INDIRECT("数出表_Excel!"&U25&"3") &" "&INDIRECT("数出表_Excel!"&U25&"4") &INDIRECT("数出表_Excel!"&U25&"5"), INDIRECT("数出表_Excel!"&U25&"3")),"")} | P25: =IFERROR( SUBSTITUTE(ADDRESS(1, IFERROR(COLUMN(INDEX(INDIRECT("数出表_Excel!B"&$I25-1&":T"&$I25-1&""),1,MATCH(TEXT(B25,0),INDIRECT("数出表_Excel!B"&$I25-1&":T"&$I25-1&""),0))),""),4),"1",""), "") -> N | Q25: =IFERROR( SUBSTITUTE(ADDRESS(1, IFERROR(COLUMN(INDEX(INDIRECT("数出表_Excel!B"&$I25-1&":T"&$I25-1&""),1,MATCH(TEXT(C25,0),INDIRECT("数出表_Excel!B"&$I25-1&":T"&$I25-1&""),0))),""),4),"1",""), "") | R25: =IFERROR( SUBSTITUTE(ADDRESS(1, IFERROR(COLUMN(INDEX(INDIRECT("数出表_Excel!B"&$I25-1&":T"&$I25-1&""),1,MATCH(TEXT(D25,0),INDIRECT("数出表_Excel!B"&$I25-1&":T"&$I25-1&""),0))),""),4),"1",""), "") | S25: =IFERROR( SUBSTITUTE(ADDRESS(1, IFERROR(COLUMN(INDEX(INDIRECT("数出表_Excel!B"&$I25&":T"&$I25&""),1,MATCH(TEXT(E25,0),INDIRECT("数出表_Excel!B"&$I25&":T"&$I25&""),0))),""),4),"1",""), "") -> N | T25: =IFERROR( SUBSTITUTE(ADDRESS(1, IFERROR(COLUMN(INDEX(INDIRECT("数出表_Excel!B"&$I25&":T"&$I25&""),1,MATCH(TEXT(F25,0),INDIRECT("数出表_Excel!B"&$I25&":T"&$I25&""),0))),""),4),"1",""), "") | U25: =IFERROR( SUBSTITUTE(ADDRESS(1, IFERROR(COLUMN(INDEX(INDIRECT("数出表_Excel!B"&$I25&":T"&$I25&""),1,MATCH(TEXT(G25,0),INDIRECT("数出表_Excel!B"&$I25&":T"&$I25&""),0))),""),4),"1",""), "") | V25: =TRIM(SUBSTITUTE( IF(COUNTIF(P25:U25,"A")>0,"A ","")& IF(COUNTIF(P25:U25,"B")>0,"B ","")& IF(COUNTIF(P25:U25,"C")>0,"C ","")& IF(COUNTIF(P25:U25,"D")>0,"D ","")& IF(COUNTIF(P25:U25,"E")>0,"E ","")& IF(COUNTIF(P25:U25,"F")>0,"F ","")& IF(COUNTIF(P25:U25,"G")>0,"G ","")& IF(COUNTIF(P25:U25,"H")>0,"H ","")& IF(COUNTIF(P25:U25,"I")>0,"I ","")& IF(COUNTIF(P25:U25,"J")>0,"J ","")& IF(COUNTIF(P25:U25,"K")>0,"K ","")& IF(COUNTIF(P25:U25,"L")>0,"L ","")& IF(COUNTIF(P25:U25,"M")>0,"M ","")& IF(COUNTIF(P25:U25,"N")>0,"N ","")& IF(COUNTIF(P25:U25,"O")>0,"O ","")& IF(COUNTIF(P25:U25,"P")>0,"P ","")& IF(COUNTIF(P25:U25,"Q")>0,"Q ","")& IF(COUNTIF(P25:U25,"R")>0,"R ","")& IF(COUNTIF(P25:U25,"S")>0,"S ","")& IF(COUNTIF(P25:U25,"T")>0,"T ","")& IF(COUNTIF(P25:U25,"U")>0,"U ","")& IF(COUNTIF(P25:U25,"V")>0,"V ","")& IF(COUNTIF(P25:U25,"W")>0,"W ","")& IF(COUNTIF(P25:U25,"X")>0,"X ","")& IF(COUNTIF(P25:U25,"Y")>0,"Y ","")& IF(COUNTIF(P25:U25,"Z")>0,"Z ","")," ",",")) -> N,
A26: シャインスターキッズ | B26: 6 | E26: 1 | I26: =I25+2 -> 57 | J26: {=IFERROR(IF(OR(COUNTIF(INDIRECT("数出表_Excel!"&P26&"3"),"*キャラ*"), COUNTIF(INDIRECT("数出表_Excel!"&P26&"3"),"*赤*")), IF(COUNTIF(A26,"*雙葉*"),INDIRECT("数出表_Excel!"&P26&"3"), INDIRECT("数出表_Excel!"&P26&"3") &" "&INDIRECT("数出表_Excel!"&P26&"4") &INDIRECT("数出表_Excel!"&P26&"5")), INDIRECT("数出表_Excel!"&P26&"3")),"")} -> 赤 飯あり120 | K26: {=IFERROR(IF(OR(COUNTIF(INDIRECT("数出表_Excel!"&Q26&"3"),"*キャラ*"), COUNTIF(INDIRECT("数出表_Excel!"&Q26&"3"),"*赤*")), INDIRECT("数出表_Excel!"&Q26&"3") &" "&INDIRECT("数出表_Excel!"&Q26&"4") &INDIRECT("数出表_Excel!"&Q26&"5"), INDIRECT("数出表_Excel!"&Q26&"3")),"")} | L26: {=IFERROR(IF(OR(COUNTIF(INDIRECT("数出表_Excel!"&R26&"3"),"*キャラ*"), COUNTIF(INDIRECT("数出表_Excel!"&R26&"3"),"*赤*")), INDIRECT("数出表_Excel!"&R26&"3") &" "&INDIRECT("数出表_Excel!"&R26&"4") &INDIRECT("数出表_Excel!"&R26&"5"), INDIRECT("数出表_Excel!"&R26&"3")),"")} | M26: {=IFERROR(IF(OR(COUNTIF(INDIRECT("数出表_Excel!"&S26&"3"),"*キャラ*"), COUNTIF(INDIRECT("数出表_Excel!"&S26&"3"),"*赤*")), INDIRECT("数出表_Excel!"&S26&"3") &" "&INDIRECT("数出表_Excel!"&S26&"4") &INDIRECT("数出表_Excel!"&S26&"5"), INDIRECT("数出表_Excel!"&S26&"3")),"")} -> 赤 飯あり120 | N26: {=IFERROR(IF(OR(COUNTIF(INDIRECT("数出表_Excel!"&T26&"3"),"*キャラ*"), COUNTIF(INDIRECT("数出表_Excel!"&T26&"3"),"*赤*")), INDIRECT("数出表_Excel!"&T26&"3") &" "&INDIRECT("数出表_Excel!"&T26&"4") &INDIRECT("数出表_Excel!"&T26&"5"), INDIRECT("数出表_Excel!"&T26&"3")),"")} | O26: {=IFERROR(IF(OR(COUNTIF(INDIRECT("数出表_Excel!"&U26&"3"),"*キャラ*"), COUNTIF(INDIRECT("数出表_Excel!"&U26&"3"),"*赤*")), INDIRECT("数出表_Excel!"&U26&"3") &" "&INDIRECT("数出表_Excel!"&U26&"4") &INDIRECT("数出表_Excel!"&U26&"5"), INDIRECT("数出表_Excel!"&U26&"3")),"")} | P26: =IFERROR( SUBSTITUTE(ADDRESS(1, IFERROR(COLUMN(INDEX(INDIRECT("数出表_Excel!B"&$I26-1&":T"&$I26-1&""),1,MATCH(TEXT(B26,0),INDIRECT("数出表_Excel!B"&$I26-1&":T"&$I26-1&""),0))),""),4),"1",""), "") -> G | Q26: =IFERROR( SUBSTITUTE(ADDRESS(1, IFERROR(COLUMN(INDEX(INDIRECT("数出表_Excel!B"&$I26-1&":T"&$I26-1&""),1,MATCH(TEXT(C26,0),INDIRECT("数出表_Excel!B"&$I26-1&":T"&$I26-1&""),0))),""),4),"1",""), "") | R26: =IFERROR( SUBSTITUTE(ADDRESS(1, IFERROR(COLUMN(INDEX(INDIRECT("数出表_Excel!B"&$I26-1&":T"&$I26-1&""),1,MATCH(TEXT(D26,0),INDIRECT("数出表_Excel!B"&$I26-1&":T"&$I26-1&""),0))),""),4),"1",""), "") | S26: =IFERROR( SUBSTITUTE(ADDRESS(1, IFERROR(COLUMN(INDEX(INDIRECT("数出表_Excel!B"&$I26&":T"&$I26&""),1,MATCH(TEXT(E26,0),INDIRECT("数出表_Excel!B"&$I26&":T"&$I26&""),0))),""),4),"1",""), "") -> G | T26: =IFERROR( SUBSTITUTE(ADDRESS(1, IFERROR(COLUMN(INDEX(INDIRECT("数出表_Excel!B"&$I26&":T"&$I26&""),1,MATCH(TEXT(F26,0),INDIRECT("数出表_Excel!B"&$I26&":T"&$I26&""),0))),""),4),"1",""), "") | U26: =IFERROR( SUBSTITUTE(ADDRESS(1, IFERROR(COLUMN(INDEX(INDIRECT("数出表_Excel!B"&$I26&":T"&$I26&""),1,MATCH(TEXT(G26,0),INDIRECT("数出表_Excel!B"&$I26&":T"&$I26&""),0))),""),4),"1",""), "") | V26: =TRIM(SUBSTITUTE( IF(COUNTIF(P26:U26,"A")>0,"A ","")& IF(COUNTIF(P26:U26,"B")>0,"B ","")& IF(COUNTIF(P26:U26,"C")>0,"C ","")& IF(COUNTIF(P26:U26,"D")>0,"D ","")& IF(COUNTIF(P26:U26,"E")>0,"E ","")& IF(COUNTIF(P26:U26,"F")>0,"F ","")& IF(COUNTIF(P26:U26,"G")>0,"G ","")& IF(COUNTIF(P26:U26,"H")>0,"H ","")& IF(COUNTIF(P26:U26,"I")>0,"I ","")& IF(COUNTIF(P26:U26,"J")>0,"J ","")& IF(COUNTIF(P26:U26,"K")>0,"K ","")& IF(COUNTIF(P26:U26,"L")>0,"L ","")& IF(COUNTIF(P26:U26,"M")>0,"M ","")& IF(COUNTIF(P26:U26,"N")>0,"N ","")& IF(COUNTIF(P26:U26,"O")>0,"O ","")& IF(COUNTIF(P26:U26,"P")>0,"P ","")& IF(COUNTIF(P26:U26,"Q")>0,"Q ","")& IF(COUNTIF(P26:U26,"R")>0,"R ","")& IF(COUNTIF(P26:U26,"S")>0,"S ","")& IF(COUNTIF(P26:U26,"T")>0,"T ","")& IF(COUNTIF(P26:U26,"U")>0,"U ","")& IF(COUNTIF(P26:U26,"V")>0,"V ","")& IF(COUNTIF(P26:U26,"W")>0,"W ","")& IF(COUNTIF(P26:U26,"X")>0,"X ","")& IF(COUNTIF(P26:U26,"Y")>0,"Y ","")& IF(COUNTIF(P26:U26,"Z")>0,"Z ","")," ",",")) -> G,
A27: ことばの森プリスクール | B27: 3 | I27: =I26+2 -> 59 | J27: {=IFERROR(IF(OR(COUNTIF(INDIRECT("数出表_Excel!"&P27&"3"),"*キャラ*"), COUNTIF(INDIRECT("数出表_Excel!"&P27&"3"),"*赤*")), IF(COUNTIF(A27,"*雙葉*"),INDIRECT("数出表_Excel!"&P27&"3"), INDIRECT("数出表_Excel!"&P27&"3") &" "&INDIRECT("数出表_Excel!"&P27&"4") &INDIRECT("数出表_Excel!"&P27&"5")), INDIRECT("数出表_Excel!"&P27&"3")),"")} -> 赤 飯あり120 | K27: {=IFERROR(IF(OR(COUNTIF(INDIRECT("数出表_Excel!"&Q27&"3"),"*キャラ*"), COUNTIF(INDIRECT("数出表_Excel!"&Q27&"3"),"*赤*")), INDIRECT("数出表_Excel!"&Q27&"3") &" "&INDIRECT("数出表_Excel!"&Q27&"4") &INDIRECT("数出表_Excel!"&Q27&"5"), INDIRECT("数出表_Excel!"&Q27&"3")),"")} | L27: {=IFERROR(IF(OR(COUNTIF(INDIRECT("数出表_Excel!"&R27&"3"),"*キャラ*"), COUNTIF(INDIRECT("数出表_Excel!"&R27&"3"),"*赤*")), INDIRECT("数出表_Excel!"&R27&"3") &" "&INDIRECT("数出表_Excel!"&R27&"4") &INDIRECT("数出表_Excel!"&R27&"5"), INDIRECT("数出表_Excel!"&R27&"3")),"")} | M27: {=IFERROR(IF(OR(COUNTIF(INDIRECT("数出表_Excel!"&S27&"3"),"*キャラ*"), COUNTIF(INDIRECT("数出表_Excel!"&S27&"3"),"*赤*")), INDIRECT("数出表_Excel!"&S27&"3") &" "&INDIRECT("数出表_Excel!"&S27&"4") &INDIRECT("数出表_Excel!"&S27&"5"), INDIRECT("数出表_Excel!"&S27&"3")),"")} | N27: {=IFERROR(IF(OR(COUNTIF(INDIRECT("数出表_Excel!"&T27&"3"),"*キャラ*"), COUNTIF(INDIRECT("数出表_Excel!"&T27&"3"),"*赤*")), INDIRECT("数出表_Excel!"&T27&"3") &" "&INDIRECT("数出表_Excel!"&T27&"4") &INDIRECT("数出表_Excel!"&T27&"5"), INDIRECT("数出表_Excel!"&T27&"3")),"")} | O27: {=IFERROR(IF(OR(COUNTIF(INDIRECT("数出表_Excel!"&U27&"3"),"*キャラ*"), COUNTIF(INDIRECT("数出表_Excel!"&U27&"3"),"*赤*")), INDIRECT("数出表_Excel!"&U27&"3") &" "&INDIRECT("数出表_Excel!"&U27&"4") &INDIRECT("数出表_Excel!"&U27&"5"), INDIRECT("数出表_Excel!"&U27&"3")),"")} | P27: =IFERROR( SUBSTITUTE(ADDRESS(1, IFERROR(COLUMN(INDEX(INDIRECT("数出表_Excel!B"&$I27-1&":T"&$I27-1&""),1,MATCH(TEXT(B27,0),INDIRECT("数出表_Excel!B"&$I27-1&":T"&$I27-1&""),0))),""),4),"1",""), "") -> G | Q27: =IFERROR( SUBSTITUTE(ADDRESS(1, IFERROR(COLUMN(INDEX(INDIRECT("数出表_Excel!B"&$I27-1&":T"&$I27-1&""),1,MATCH(TEXT(C27,0),INDIRECT("数出表_Excel!B"&$I27-1&":T"&$I27-1&""),0))),""),4),"1",""), "") | R27: =IFERROR( SUBSTITUTE(ADDRESS(1, IFERROR(COLUMN(INDEX(INDIRECT("数出表_Excel!B"&$I27-1&":T"&$I27-1&""),1,MATCH(TEXT(D27,0),INDIRECT("数出表_Excel!B"&$I27-1&":T"&$I27-1&""),0))),""),4),"1",""), "") | S27: =IFERROR( SUBSTITUTE(ADDRESS(1, IFERROR(COLUMN(INDEX(INDIRECT("数出表_Excel!B"&$I27&":T"&$I27&""),1,MATCH(TEXT(E27,0),INDIRECT("数出表_Excel!B"&$I27&":T"&$I27&""),0))),""),4),"1",""), "") | T27: =IFERROR( SUBSTITUTE(ADDRESS(1, IFERROR(COLUMN(INDEX(INDIRECT("数出表_Excel!B"&$I27&":T"&$I27&""),1,MATCH(TEXT(F27,0),INDIRECT("数出表_Excel!B"&$I27&":T"&$I27&""),0))),""),4),"1",""), "") | U27: =IFERROR( SUBSTITUTE(ADDRESS(1, IFERROR(COLUMN(INDEX(INDIRECT("数出表_Excel!B"&$I27&":T"&$I27&""),1,MATCH(TEXT(G27,0),INDIRECT("数出表_Excel!B"&$I27&":T"&$I27&""),0))),""),4),"1",""), "") | V27: =TRIM(SUBSTITUTE( IF(COUNTIF(P27:U27,"A")>0,"A ","")& IF(COUNTIF(P27:U27,"B")>0,"B ","")& IF(COUNTIF(P27:U27,"C")>0,"C ","")& IF(COUNTIF(P27:U27,"D")>0,"D ","")& IF(COUNTIF(P27:U27,"E")>0,"E ","")& IF(COUNTIF(P27:U27,"F")>0,"F ","")& IF(COUNTIF(P27:U27,"G")>0,"G ","")& IF(COUNTIF(P27:U27,"H")>0,"H ","")& IF(COUNTIF(P27:U27,"I")>0,"I ","")& IF(COUNTIF(P27:U27,"J")>0,"J ","")& IF(COUNTIF(P27:U27,"K")>0,"K ","")& IF(COUNTIF(P27:U27,"L")>0,"L ","")& IF(COUNTIF(P27:U27,"M")>0,"M ","")& IF(COUNTIF(P27:U27,"N")>0,"N ","")& IF(COUNTIF(P27:U27,"O")>0,"O ","")& IF(COUNTIF(P27:U27,"P")>0,"P ","")& IF(COUNTIF(P27:U27,"Q")>0,"Q ","")& IF(COUNTIF(P27:U27,"R")>0,"R ","")& IF(COUNTIF(P27:U27,"S")>0,"S ","")& IF(COUNTIF(P27:U27,"T")>0,"T ","")& IF(COUNTIF(P27:U27,"U")>0,"U ","")& IF(COUNTIF(P27:U27,"V")>0,"V ","")& IF(COUNTIF(P27:U27,"W")>0,"W ","")& IF(COUNTIF(P27:U27,"X")>0,"X ","")& IF(COUNTIF(P27:U27,"Y")>0,"Y ","")& IF(COUNTIF(P27:U27,"Z")>0,"Z ","")," ",",")) -> G,
A28: かしはら幼稚園 | B28: 26 | I28: =I27+2 -> 61 | J28: {=IFERROR(IF(OR(COUNTIF(INDIRECT("数出表_Excel!"&P28&"3"),"*キャラ*"), COUNTIF(INDIRECT("数出表_Excel!"&P28&"3"),"*赤*")), IF(COUNTIF(A28,"*雙葉*"),INDIRECT("数出表_Excel!"&P28&"3"), INDIRECT("数出表_Excel!"&P28&"3") &" "&INDIRECT("数出表_Excel!"&P28&"4") &INDIRECT("数出表_Excel!"&P28&"5")), INDIRECT("数出表_Excel!"&P28&"3")),"")} -> 赤 飯あり120 | K28: {=IFERROR(IF(OR(COUNTIF(INDIRECT("数出表_Excel!"&Q28&"3"),"*キャラ*"), COUNTIF(INDIRECT("数出表_Excel!"&Q28&"3"),"*赤*")), INDIRECT("数出表_Excel!"&Q28&"3") &" "&INDIRECT("数出表_Excel!"&Q28&"4") &INDIRECT("数出表_Excel!"&Q28&"5"), INDIRECT("数出表_Excel!"&Q28&"3")),"")} | L28: {=IFERROR(IF(OR(COUNTIF(INDIRECT("数出表_Excel!"&R28&"3"),"*キャラ*"), COUNTIF(INDIRECT("数出表_Excel!"&R28&"3"),"*赤*")), INDIRECT("数出表_Excel!"&R28&"3") &" "&INDIRECT("数出表_Excel!"&R28&"4") &INDIRECT("数出表_Excel!"&R28&"5"), INDIRECT("数出表_Excel!"&R28&"3")),"")} | M28: {=IFERROR(IF(OR(COUNTIF(INDIRECT("数出表_Excel!"&S28&"3"),"*キャラ*"), COUNTIF(INDIRECT("数出表_Excel!"&S28&"3"),"*赤*")), INDIRECT("数出表_Excel!"&S28&"3") &" "&INDIRECT("数出表_Excel!"&S28&"4") &INDIRECT("数出表_Excel!"&S28&"5"), INDIRECT("数出表_Excel!"&S28&"3")),"")} | N28: {=IFERROR(IF(OR(COUNTIF(INDIRECT("数出表_Excel!"&T28&"3"),"*キャラ*"), COUNTIF(INDIRECT("数出表_Excel!"&T28&"3"),"*赤*")), INDIRECT("数出表_Excel!"&T28&"3") &" "&INDIRECT("数出表_Excel!"&T28&"4") &INDIRECT("数出表_Excel!"&T28&"5"), INDIRECT("数出表_Excel!"&T28&"3")),"")} | O28: {=IFERROR(IF(OR(COUNTIF(INDIRECT("数出表_Excel!"&U28&"3"),"*キャラ*"), COUNTIF(INDIRECT("数出表_Excel!"&U28&"3"),"*赤*")), INDIRECT("数出表_Excel!"&U28&"3") &" "&INDIRECT("数出表_Excel!"&U28&"4") &INDIRECT("数出表_Excel!"&U28&"5"), INDIRECT("数出表_Excel!"&U28&"3")),"")} | P28: =IFERROR( SUBSTITUTE(ADDRESS(1, IFERROR(COLUMN(INDEX(INDIRECT("数出表_Excel!B"&$I28-1&":T"&$I28-1&""),1,MATCH(TEXT(B28,0),INDIRECT("数出表_Excel!B"&$I28-1&":T"&$I28-1&""),0))),""),4),"1",""), "") -> G | Q28: =IFERROR( SUBSTITUTE(ADDRESS(1, IFERROR(COLUMN(INDEX(INDIRECT("数出表_Excel!B"&$I28-1&":T"&$I28-1&""),1,MATCH(TEXT(C28,0),INDIRECT("数出表_Excel!B"&$I28-1&":T"&$I28-1&""),0))),""),4),"1",""), "") | R28: =IFERROR( SUBSTITUTE(ADDRESS(1, IFERROR(COLUMN(INDEX(INDIRECT("数出表_Excel!B"&$I28-1&":T"&$I28-1&""),1,MATCH(TEXT(D28,0),INDIRECT("数出表_Excel!B"&$I28-1&":T"&$I28-1&""),0))),""),4),"1",""), "") | S28: =IFERROR( SUBSTITUTE(ADDRESS(1, IFERROR(COLUMN(INDEX(INDIRECT("数出表_Excel!B"&$I28&":T"&$I28&""),1,MATCH(TEXT(E28,0),INDIRECT("数出表_Excel!B"&$I28&":T"&$I28&""),0))),""),4),"1",""), "") | T28: =IFERROR( SUBSTITUTE(ADDRESS(1, IFERROR(COLUMN(INDEX(INDIRECT("数出表_Excel!B"&$I28&":T"&$I28&""),1,MATCH(TEXT(F28,0),INDIRECT("数出表_Excel!B"&$I28&":T"&$I28&""),0))),""),4),"1",""), "") | U28: =IFERROR( SUBSTITUTE(ADDRESS(1, IFERROR(COLUMN(INDEX(INDIRECT("数出表_Excel!B"&$I28&":T"&$I28&""),1,MATCH(TEXT(G28,0),INDIRECT("数出表_Excel!B"&$I28&":T"&$I28&""),0))),""),4),"1",""), "") | V28: =TRIM(SUBSTITUTE( IF(COUNTIF(P28:U28,"A")>0,"A ","")& IF(COUNTIF(P28:U28,"B")>0,"B ","")& IF(COUNTIF(P28:U28,"C")>0,"C ","")& IF(COUNTIF(P28:U28,"D")>0,"D ","")& IF(COUNTIF(P28:U28,"E")>0,"E ","")& IF(COUNTIF(P28:U28,"F")>0,"F ","")& IF(COUNTIF(P28:U28,"G")>0,"G ","")& IF(COUNTIF(P28:U28,"H")>0,"H ","")& IF(COUNTIF(P28:U28,"I")>0,"I ","")& IF(COUNTIF(P28:U28,"J")>0,"J ","")& IF(COUNTIF(P28:U28,"K")>0,"K ","")& IF(COUNTIF(P28:U28,"L")>0,"L ","")& IF(COUNTIF(P28:U28,"M")>0,"M ","")& IF(COUNTIF(P28:U28,"N")>0,"N ","")& IF(COUNTIF(P28:U28,"O")>0,"O ","")& IF(COUNTIF(P28:U28,"P")>0,"P ","")& IF(COUNTIF(P28:U28,"Q")>0,"Q ","")& IF(COUNTIF(P28:U28,"R")>0,"R ","")& IF(COUNTIF(P28:U28,"S")>0,"S ","")& IF(COUNTIF(P28:U28,"T")>0,"T ","")& IF(COUNTIF(P28:U28,"U")>0,"U ","")& IF(COUNTIF(P28:U28,"V")>0,"V ","")& IF(COUNTIF(P28:U28,"W")>0,"W ","")& IF(COUNTIF(P28:U28,"X")>0,"X ","")& IF(COUNTIF(P28:U28,"Y")>0,"Y ","")& IF(COUNTIF(P28:U28,"Z")>0,"Z ","")," ",",")) -> G,
A29: さらやま保育園 | B29: 13 | I29: =I28+2 -> 63 | J29: {=IFERROR(IF(OR(COUNTIF(INDIRECT("数出表_Excel!"&P29&"3"),"*キャラ*"), COUNTIF(INDIRECT("数出表_Excel!"&P29&"3"),"*赤*")), IF(COUNTIF(A29,"*雙葉*"),INDIRECT("数出表_Excel!"&P29&"3"), INDIRECT("数出表_Excel!"&P29&"3") &" "&INDIRECT("数出表_Excel!"&P29&"4") &INDIRECT("数出表_Excel!"&P29&"5")), INDIRECT("数出表_Excel!"&P29&"3")),"")} -> 赤 飯あり120 | K29: {=IFERROR(IF(OR(COUNTIF(INDIRECT("数出表_Excel!"&Q29&"3"),"*キャラ*"), COUNTIF(INDIRECT("数出表_Excel!"&Q29&"3"),"*赤*")), INDIRECT("数出表_Excel!"&Q29&"3") &" "&INDIRECT("数出表_Excel!"&Q29&"4") &INDIRECT("数出表_Excel!"&Q29&"5"), INDIRECT("数出表_Excel!"&Q29&"3")),"")} | L29: {=IFERROR(IF(OR(COUNTIF(INDIRECT("数出表_Excel!"&R29&"3"),"*キャラ*"), COUNTIF(INDIRECT("数出表_Excel!"&R29&"3"),"*赤*")), INDIRECT("数出表_Excel!"&R29&"3") &" "&INDIRECT("数出表_Excel!"&R29&"4") &INDIRECT("数出表_Excel!"&R29&"5"), INDIRECT("数出表_Excel!"&R29&"3")),"")} | M29: {=IFERROR(IF(OR(COUNTIF(INDIRECT("数出表_Excel!"&S29&"3"),"*キャラ*"), COUNTIF(INDIRECT("数出表_Excel!"&S29&"3"),"*赤*")), INDIRECT("数出表_Excel!"&S29&"3") &" "&INDIRECT("数出表_Excel!"&S29&"4") &INDIRECT("数出表_Excel!"&S29&"5"), INDIRECT("数出表_Excel!"&S29&"3")),"")} | N29: {=IFERROR(IF(OR(COUNTIF(INDIRECT("数出表_Excel!"&T29&"3"),"*キャラ*"), COUNTIF(INDIRECT("数出表_Excel!"&T29&"3"),"*赤*")), INDIRECT("数出表_Excel!"&T29&"3") &" "&INDIRECT("数出表_Excel!"&T29&"4") &INDIRECT("数出表_Excel!"&T29&"5"), INDIRECT("数出表_Excel!"&T29&"3")),"")} | O29: {=IFERROR(IF(OR(COUNTIF(INDIRECT("数出表_Excel!"&U29&"3"),"*キャラ*"), COUNTIF(INDIRECT("数出表_Excel!"&U29&"3"),"*赤*")), INDIRECT("数出表_Excel!"&U29&"3") &" "&INDIRECT("数出表_Excel!"&U29&"4") &INDIRECT("数出表_Excel!"&U29&"5"), INDIRECT("数出表_Excel!"&U29&"3")),"")} | P29: =IFERROR( SUBSTITUTE(ADDRESS(1, IFERROR(COLUMN(INDEX(INDIRECT("数出表_Excel!B"&$I29-1&":T"&$I29-1&""),1,MATCH(TEXT(B29,0),INDIRECT("数出表_Excel!B"&$I29-1&":T"&$I29-1&""),0))),""),4),"1",""), "") -> G | Q29: =IFERROR( SUBSTITUTE(ADDRESS(1, IFERROR(COLUMN(INDEX(INDIRECT("数出表_Excel!B"&$I29-1&":T"&$I29-1&""),1,MATCH(TEXT(C29,0),INDIRECT("数出表_Excel!B"&$I29-1&":T"&$I29-1&""),0))),""),4),"1",""), "") | R29: =IFERROR( SUBSTITUTE(ADDRESS(1, IFERROR(COLUMN(INDEX(INDIRECT("数出表_Excel!B"&$I29-1&":T"&$I29-1&""),1,MATCH(TEXT(D29,0),INDIRECT("数出表_Excel!B"&$I29-1&":T"&$I29-1&""),0))),""),4),"1",""), "") | S29: =IFERROR( SUBSTITUTE(ADDRESS(1, IFERROR(COLUMN(INDEX(INDIRECT("数出表_Excel!B"&$I29&":T"&$I29&""),1,MATCH(TEXT(E29,0),INDIRECT("数出表_Excel!B"&$I29&":T"&$I29&""),0))),""),4),"1",""), "") | T29: =IFERROR( SUBSTITUTE(ADDRESS(1, IFERROR(COLUMN(INDEX(INDIRECT("数出表_Excel!B"&$I29&":T"&$I29&""),1,MATCH(TEXT(F29,0),INDIRECT("数出表_Excel!B"&$I29&":T"&$I29&""),0))),""),4),"1",""), "") | U29: =IFERROR( SUBSTITUTE(ADDRESS(1, IFERROR(COLUMN(INDEX(INDIRECT("数出表_Excel!B"&$I29&":T"&$I29&""),1,MATCH(TEXT(G29,0),INDIRECT("数出表_Excel!B"&$I29&":T"&$I29&""),0))),""),4),"1",""), "") | V29: =TRIM(SUBSTITUTE( IF(COUNTIF(P29:U29,"A")>0,"A ","")& IF(COUNTIF(P29:U29,"B")>0,"B ","")& IF(COUNTIF(P29:U29,"C")>0,"C ","")& IF(COUNTIF(P29:U29,"D")>0,"D ","")& IF(COUNTIF(P29:U29,"E")>0,"E ","")& IF(COUNTIF(P29:U29,"F")>0,"F ","")& IF(COUNTIF(P29:U29,"G")>0,"G ","")& IF(COUNTIF(P29:U29,"H")>0,"H ","")& IF(COUNTIF(P29:U29,"I")>0,"I ","")& IF(COUNTIF(P29:U29,"J")>0,"J ","")& IF(COUNTIF(P29:U29,"K")>0,"K ","")& IF(COUNTIF(P29:U29,"L")>0,"L ","")& IF(COUNTIF(P29:U29,"M")>0,"M ","")& IF(COUNTIF(P29:U29,"N")>0,"N ","")& IF(COUNTIF(P29:U29,"O")>0,"O ","")& IF(COUNTIF(P29:U29,"P")>0,"P ","")& IF(COUNTIF(P29:U29,"Q")>0,"Q ","")& IF(COUNTIF(P29:U29,"R")>0,"R ","")& IF(COUNTIF(P29:U29,"S")>0,"S ","")& IF(COUNTIF(P29:U29,"T")>0,"T ","")& IF(COUNTIF(P29:U29,"U")>0,"U ","")& IF(COUNTIF(P29:U29,"V")>0,"V ","")& IF(COUNTIF(P29:U29,"W")>0,"W ","")& IF(COUNTIF(P29:U29,"X")>0,"X ","")& IF(COUNTIF(P29:U29,"Y")>0,"Y ","")& IF(COUNTIF(P29:U29,"Z")>0,"Z ","")," ",",")) -> G,
A30: ひよこ保育園 | B30: 1 | I30: =I29+2 -> 65 | J30: {=IFERROR(IF(OR(COUNTIF(INDIRECT("数出表_Excel!"&P30&"3"),"*キャラ*"), COUNTIF(INDIRECT("数出表_Excel!"&P30&"3"),"*赤*")), IF(COUNTIF(A30,"*雙葉*"),INDIRECT("数出表_Excel!"&P30&"3"), INDIRECT("数出表_Excel!"&P30&"3") &" "&INDIRECT("数出表_Excel!"&P30&"4") &INDIRECT("数出表_Excel!"&P30&"5")), INDIRECT("数出表_Excel!"&P30&"3")),"")} -> 赤 飯あり120 | K30: {=IFERROR(IF(OR(COUNTIF(INDIRECT("数出表_Excel!"&Q30&"3"),"*キャラ*"), COUNTIF(INDIRECT("数出表_Excel!"&Q30&"3"),"*赤*")), INDIRECT("数出表_Excel!"&Q30&"3") &" "&INDIRECT("数出表_Excel!"&Q30&"4") &INDIRECT("数出表_Excel!"&Q30&"5"), INDIRECT("数出表_Excel!"&Q30&"3")),"")} | L30: {=IFERROR(IF(OR(COUNTIF(INDIRECT("数出表_Excel!"&R30&"3"),"*キャラ*"), COUNTIF(INDIRECT("数出表_Excel!"&R30&"3"),"*赤*")), INDIRECT("数出表_Excel!"&R30&"3") &" "&INDIRECT("数出表_Excel!"&R30&"4") &INDIRECT("数出表_Excel!"&R30&"5"), INDIRECT("数出表_Excel!"&R30&"3")),"")} | M30: {=IFERROR(IF(OR(COUNTIF(INDIRECT("数出表_Excel!"&S30&"3"),"*キャラ*"), COUNTIF(INDIRECT("数出表_Excel!"&S30&"3"),"*赤*")), INDIRECT("数出表_Excel!"&S30&"3") &" "&INDIRECT("数出表_Excel!"&S30&"4") &INDIRECT("数出表_Excel!"&S30&"5"), INDIRECT("数出表_Excel!"&S30&"3")),"")} | N30: {=IFERROR(IF(OR(COUNTIF(INDIRECT("数出表_Excel!"&T30&"3"),"*キャラ*"), COUNTIF(INDIRECT("数出表_Excel!"&T30&"3"),"*赤*")), INDIRECT("数出表_Excel!"&T30&"3") &" "&INDIRECT("数出表_Excel!"&T30&"4") &INDIRECT("数出表_Excel!"&T30&"5"), INDIRECT("数出表_Excel!"&T30&"3")),"")} | O30: {=IFERROR(IF(OR(COUNTIF(INDIRECT("数出表_Excel!"&U30&"3"),"*キャラ*"), COUNTIF(INDIRECT("数出表_Excel!"&U30&"3"),"*赤*")), INDIRECT("数出表_Excel!"&U30&"3") &" "&INDIRECT("数出表_Excel!"&U30&"4") &INDIRECT("数出表_Excel!"&U30&"5"), INDIRECT("数出表_Excel!"&U30&"3")),"")} | P30: =IFERROR( SUBSTITUTE(ADDRESS(1, IFERROR(COLUMN(INDEX(INDIRECT("数出表_Excel!B"&$I30-1&":T"&$I30-1&""),1,MATCH(TEXT(B30,0),INDIRECT("数出表_Excel!B"&$I30-1&":T"&$I30-1&""),0))),""),4),"1",""), "") -> G | Q30: =IFERROR( SUBSTITUTE(ADDRESS(1, IFERROR(COLUMN(INDEX(INDIRECT("数出表_Excel!B"&$I30-1&":T"&$I30-1&""),1,MATCH(TEXT(C30,0),INDIRECT("数出表_Excel!B"&$I30-1&":T"&$I30-1&""),0))),""),4),"1",""), "") | R30: =IFERROR( SUBSTITUTE(ADDRESS(1, IFERROR(COLUMN(INDEX(INDIRECT("数出表_Excel!B"&$I30-1&":T"&$I30-1&""),1,MATCH(TEXT(D30,0),INDIRECT("数出表_Excel!B"&$I30-1&":T"&$I30-1&""),0))),""),4),"1",""), "") | S30: =IFERROR( SUBSTITUTE(ADDRESS(1, IFERROR(COLUMN(INDEX(INDIRECT("数出表_Excel!B"&$I30&":T"&$I30&""),1,MATCH(TEXT(E30,0),INDIRECT("数出表_Excel!B"&$I30&":T"&$I30&""),0))),""),4),"1",""), "") | T30: =IFERROR( SUBSTITUTE(ADDRESS(1, IFERROR(COLUMN(INDEX(INDIRECT("数出表_Excel!B"&$I30&":T"&$I30&""),1,MATCH(TEXT(F30,0),INDIRECT("数出表_Excel!B"&$I30&":T"&$I30&""),0))),""),4),"1",""), "") | U30: =IFERROR( SUBSTITUTE(ADDRESS(1, IFERROR(COLUMN(INDEX(INDIRECT("数出表_Excel!B"&$I30&":T"&$I30&""),1,MATCH(TEXT(G30,0),INDIRECT("数出表_Excel!B"&$I30&":T"&$I30&""),0))),""),4),"1",""), "") | V30: =TRIM(SUBSTITUTE( IF(COUNTIF(P30:U30,"A")>0,"A ","")& IF(COUNTIF(P30:U30,"B")>0,"B ","")& IF(COUNTIF(P30:U30,"C")>0,"C ","")& IF(COUNTIF(P30:U30,"D")>0,"D ","")& IF(COUNTIF(P30:U30,"E")>0,"E ","")& IF(COUNTIF(P30:U30,"F")>0,"F ","")& IF(COUNTIF(P30:U30,"G")>0,"G ","")& IF(COUNTIF(P30:U30,"H")>0,"H ","")& IF(COUNTIF(P30:U30,"I")>0,"I ","")& IF(COUNTIF(P30:U30,"J")>0,"J ","")& IF(COUNTIF(P30:U30,"K")>0,"K ","")& IF(COUNTIF(P30:U30,"L")>0,"L ","")& IF(COUNTIF(P30:U30,"M")>0,"M ","")& IF(COUNTIF(P30:U30,"N")>0,"N ","")& IF(COUNTIF(P30:U30,"O")>0,"O ","")& IF(COUNTIF(P30:U30,"P")>0,"P ","")& IF(COUNTIF(P30:U30,"Q")>0,"Q ","")& IF(COUNTIF(P30:U30,"R")>0,"R ","")& IF(COUNTIF(P30:U30,"S")>0,"S ","")& IF(COUNTIF(P30:U30,"T")>0,"T ","")& IF(COUNTIF(P30:U30,"U")>0,"U ","")& IF(COUNTIF(P30:U30,"V")>0,"V ","")& IF(COUNTIF(P30:U30,"W")>0,"W ","")& IF(COUNTIF(P30:U30,"X")>0,"X ","")& IF(COUNTIF(P30:U30,"Y")>0,"Y ","")& IF(COUNTIF(P30:U30,"Z")>0,"Z ","")," ",",")) -> G,
A31: リリィ保育園 | B31: 5 | I31: =I30+2 -> 67 | J31: {=IFERROR(IF(OR(COUNTIF(INDIRECT("数出表_Excel!"&P31&"3"),"*キャラ*"), COUNTIF(INDIRECT("数出表_Excel!"&P31&"3"),"*赤*")), IF(COUNTIF(A31,"*雙葉*"),INDIRECT("数出表_Excel!"&P31&"3"), INDIRECT("数出表_Excel!"&P31&"3") &" "&INDIRECT("数出表_Excel!"&P31&"4") &INDIRECT("数出表_Excel!"&P31&"5")), INDIRECT("数出表_Excel!"&P31&"3")),"")} -> 赤 飯あり120 | K31: {=IFERROR(IF(OR(COUNTIF(INDIRECT("数出表_Excel!"&Q31&"3"),"*キャラ*"), COUNTIF(INDIRECT("数出表_Excel!"&Q31&"3"),"*赤*")), INDIRECT("数出表_Excel!"&Q31&"3") &" "&INDIRECT("数出表_Excel!"&Q31&"4") &INDIRECT("数出表_Excel!"&Q31&"5"), INDIRECT("数出表_Excel!"&Q31&"3")),"")} | L31: {=IFERROR(IF(OR(COUNTIF(INDIRECT("数出表_Excel!"&R31&"3"),"*キャラ*"), COUNTIF(INDIRECT("数出表_Excel!"&R31&"3"),"*赤*")), INDIRECT("数出表_Excel!"&R31&"3") &" "&INDIRECT("数出表_Excel!"&R31&"4") &INDIRECT("数出表_Excel!"&R31&"5"), INDIRECT("数出表_Excel!"&R31&"3")),"")} | M31: {=IFERROR(IF(OR(COUNTIF(INDIRECT("数出表_Excel!"&S31&"3"),"*キャラ*"), COUNTIF(INDIRECT("数出表_Excel!"&S31&"3"),"*赤*")), INDIRECT("数出表_Excel!"&S31&"3") &" "&INDIRECT("数出表_Excel!"&S31&"4") &INDIRECT("数出表_Excel!"&S31&"5"), INDIRECT("数出表_Excel!"&S31&"3")),"")} | N31: {=IFERROR(IF(OR(COUNTIF(INDIRECT("数出表_Excel!"&T31&"3"),"*キャラ*"), COUNTIF(INDIRECT("数出表_Excel!"&T31&"3"),"*赤*")), INDIRECT("数出表_Excel!"&T31&"3") &" "&INDIRECT("数出表_Excel!"&T31&"4") &INDIRECT("数出表_Excel!"&T31&"5"), INDIRECT("数出表_Excel!"&T31&"3")),"")} | O31: {=IFERROR(IF(OR(COUNTIF(INDIRECT("数出表_Excel!"&U31&"3"),"*キャラ*"), COUNTIF(INDIRECT("数出表_Excel!"&U31&"3"),"*赤*")), INDIRECT("数出表_Excel!"&U31&"3") &" "&INDIRECT("数出表_Excel!"&U31&"4") &INDIRECT("数出表_Excel!"&U31&"5"), INDIRECT("数出表_Excel!"&U31&"3")),"")} | P31: =IFERROR( SUBSTITUTE(ADDRESS(1, IFERROR(COLUMN(INDEX(INDIRECT("数出表_Excel!B"&$I31-1&":T"&$I31-1&""),1,MATCH(TEXT(B31,0),INDIRECT("数出表_Excel!B"&$I31-1&":T"&$I31-1&""),0))),""),4),"1",""), "") -> G | Q31: =IFERROR( SUBSTITUTE(ADDRESS(1, IFERROR(COLUMN(INDEX(INDIRECT("数出表_Excel!B"&$I31-1&":T"&$I31-1&""),1,MATCH(TEXT(C31,0),INDIRECT("数出表_Excel!B"&$I31-1&":T"&$I31-1&""),0))),""),4),"1",""), "") | R31: =IFERROR( SUBSTITUTE(ADDRESS(1, IFERROR(COLUMN(INDEX(INDIRECT("数出表_Excel!B"&$I31-1&":T"&$I31-1&""),1,MATCH(TEXT(D31,0),INDIRECT("数出表_Excel!B"&$I31-1&":T"&$I31-1&""),0))),""),4),"1",""), "") | S31: =IFERROR( SUBSTITUTE(ADDRESS(1, IFERROR(COLUMN(INDEX(INDIRECT("数出表_Excel!B"&$I31&":T"&$I31&""),1,MATCH(TEXT(E31,0),INDIRECT("数出表_Excel!B"&$I31&":T"&$I31&""),0))),""),4),"1",""), "") | T31: =IFERROR( SUBSTITUTE(ADDRESS(1, IFERROR(COLUMN(INDEX(INDIRECT("数出表_Excel!B"&$I31&":T"&$I31&""),1,MATCH(TEXT(F31,0),INDIRECT("数出表_Excel!B"&$I31&":T"&$I31&""),0))),""),4),"1",""), "") | U31: =IFERROR( SUBSTITUTE(ADDRESS(1, IFERROR(COLUMN(INDEX(INDIRECT("数出表_Excel!B"&$I31&":T"&$I31&""),1,MATCH(TEXT(G31,0),INDIRECT("数出表_Excel!B"&$I31&":T"&$I31&""),0))),""),4),"1",""), "") | V31: =TRIM(SUBSTITUTE( IF(COUNTIF(P31:U31,"A")>0,"A ","")& IF(COUNTIF(P31:U31,"B")>0,"B ","")& IF(COUNTIF(P31:U31,"C")>0,"C ","")& IF(COUNTIF(P31:U31,"D")>0,"D ","")& IF(COUNTIF(P31:U31,"E")>0,"E ","")& IF(COUNTIF(P31:U31,"F")>0,"F ","")& IF(COUNTIF(P31:U31,"G")>0,"G ","")& IF(COUNTIF(P31:U31,"H")>0,"H ","")& IF(COUNTIF(P31:U31,"I")>0,"I ","")& IF(COUNTIF(P31:U31,"J")>0,"J ","")& IF(COUNTIF(P31:U31,"K")>0,"K ","")& IF(COUNTIF(P31:U31,"L")>0,"L ","")& IF(COUNTIF(P31:U31,"M")>0,"M ","")& IF(COUNTIF(P31:U31,"N")>0,"N ","")& IF(COUNTIF(P31:U31,"O")>0,"O ","")& IF(COUNTIF(P31:U31,"P")>0,"P ","")& IF(COUNTIF(P31:U31,"Q")>0,"Q ","")& IF(COUNTIF(P31:U31,"R")>0,"R ","")& IF(COUNTIF(P31:U31,"S")>0,"S ","")& IF(COUNTIF(P31:U31,"T")>0,"T ","")& IF(COUNTIF(P31:U31,"U")>0,"U ","")& IF(COUNTIF(P31:U31,"V")>0,"V ","")& IF(COUNTIF(P31:U31,"W")>0,"W ","")& IF(COUNTIF(P31:U31,"X")>0,"X ","")& IF(COUNTIF(P31:U31,"Y")>0,"Y ","")& IF(COUNTIF(P31:U31,"Z")>0,"Z ","")," ",",")) -> G,
A32: バディ博多南校 web | B32: 13 | I32: =I31+2 -> 69 | J32: {=IFERROR(IF(OR(COUNTIF(INDIRECT("数出表_Excel!"&P32&"3"),"*キャラ*"), COUNTIF(INDIRECT("数出表_Excel!"&P32&"3"),"*赤*")), IF(COUNTIF(A32,"*雙葉*"),INDIRECT("数出表_Excel!"&P32&"3"), INDIRECT("数出表_Excel!"&P32&"3") &" "&INDIRECT("数出表_Excel!"&P32&"4") &INDIRECT("数出表_Excel!"&P32&"5")), INDIRECT("数出表_Excel!"&P32&"3")),"")} -> 赤 飯あり120 | K32: {=IFERROR(IF(OR(COUNTIF(INDIRECT("数出表_Excel!"&Q32&"3"),"*キャラ*"), COUNTIF(INDIRECT("数出表_Excel!"&Q32&"3"),"*赤*")), INDIRECT("数出表_Excel!"&Q32&"3") &" "&INDIRECT("数出表_Excel!"&Q32&"4") &INDIRECT("数出表_Excel!"&Q32&"5"), INDIRECT("数出表_Excel!"&Q32&"3")),"")} | L32: {=IFERROR(IF(OR(COUNTIF(INDIRECT("数出表_Excel!"&R32&"3"),"*キャラ*"), COUNTIF(INDIRECT("数出表_Excel!"&R32&"3"),"*赤*")), INDIRECT("数出表_Excel!"&R32&"3") &" "&INDIRECT("数出表_Excel!"&R32&"4") &INDIRECT("数出表_Excel!"&R32&"5"), INDIRECT("数出表_Excel!"&R32&"3")),"")} | M32: {=IFERROR(IF(OR(COUNTIF(INDIRECT("数出表_Excel!"&S32&"3"),"*キャラ*"), COUNTIF(INDIRECT("数出表_Excel!"&S32&"3"),"*赤*")), INDIRECT("数出表_Excel!"&S32&"3") &" "&INDIRECT("数出表_Excel!"&S32&"4") &INDIRECT("数出表_Excel!"&S32&"5"), INDIRECT("数出表_Excel!"&S32&"3")),"")} | N32: {=IFERROR(IF(OR(COUNTIF(INDIRECT("数出表_Excel!"&T32&"3"),"*キャラ*"), COUNTIF(INDIRECT("数出表_Excel!"&T32&"3"),"*赤*")), INDIRECT("数出表_Excel!"&T32&"3") &" "&INDIRECT("数出表_Excel!"&T32&"4") &INDIRECT("数出表_Excel!"&T32&"5"), INDIRECT("数出表_Excel!"&T32&"3")),"")} | O32: {=IFERROR(IF(OR(COUNTIF(INDIRECT("数出表_Excel!"&U32&"3"),"*キャラ*"), COUNTIF(INDIRECT("数出表_Excel!"&U32&"3"),"*赤*")), INDIRECT("数出表_Excel!"&U32&"3") &" "&INDIRECT("数出表_Excel!"&U32&"4") &INDIRECT("数出表_Excel!"&U32&"5"), INDIRECT("数出表_Excel!"&U32&"3")),"")} | P32: =IFERROR( SUBSTITUTE(ADDRESS(1, IFERROR(COLUMN(INDEX(INDIRECT("数出表_Excel!B"&$I32-1&":T"&$I32-1&""),1,MATCH(TEXT(B32,0),INDIRECT("数出表_Excel!B"&$I32-1&":T"&$I32-1&""),0))),""),4),"1",""), "") -> G | Q32: =IFERROR( SUBSTITUTE(ADDRESS(1, IFERROR(COLUMN(INDEX(INDIRECT("数出表_Excel!B"&$I32-1&":T"&$I32-1&""),1,MATCH(TEXT(C32,0),INDIRECT("数出表_Excel!B"&$I32-1&":T"&$I32-1&""),0))),""),4),"1",""), "") | R32: =IFERROR( SUBSTITUTE(ADDRESS(1, IFERROR(COLUMN(INDEX(INDIRECT("数出表_Excel!B"&$I32-1&":T"&$I32-1&""),1,MATCH(TEXT(D32,0),INDIRECT("数出表_Excel!B"&$I32-1&":T"&$I32-1&""),0))),""),4),"1",""), "") | S32: =IFERROR( SUBSTITUTE(ADDRESS(1, IFERROR(COLUMN(INDEX(INDIRECT("数出表_Excel!B"&$I32&":T"&$I32&""),1,MATCH(TEXT(E32,0),INDIRECT("数出表_Excel!B"&$I32&":T"&$I32&""),0))),""),4),"1",""), "") | T32: =IFERROR( SUBSTITUTE(ADDRESS(1, IFERROR(COLUMN(INDEX(INDIRECT("数出表_Excel!B"&$I32&":T"&$I32&""),1,MATCH(TEXT(F32,0),INDIRECT("数出表_Excel!B"&$I32&":T"&$I32&""),0))),""),4),"1",""), "") | U32: =IFERROR( SUBSTITUTE(ADDRESS(1, IFERROR(COLUMN(INDEX(INDIRECT("数出表_Excel!B"&$I32&":T"&$I32&""),1,MATCH(TEXT(G32,0),INDIRECT("数出表_Excel!B"&$I32&":T"&$I32&""),0))),""),4),"1",""), "") | V32: =TRIM(SUBSTITUTE( IF(COUNTIF(P32:U32,"A")>0,"A ","")& IF(COUNTIF(P32:U32,"B")>0,"B ","")& IF(COUNTIF(P32:U32,"C")>0,"C ","")& IF(COUNTIF(P32:U32,"D")>0,"D ","")& IF(COUNTIF(P32:U32,"E")>0,"E ","")& IF(COUNTIF(P32:U32,"F")>0,"F ","")& IF(COUNTIF(P32:U32,"G")>0,"G ","")& IF(COUNTIF(P32:U32,"H")>0,"H ","")& IF(COUNTIF(P32:U32,"I")>0,"I ","")& IF(COUNTIF(P32:U32,"J")>0,"J ","")& IF(COUNTIF(P32:U32,"K")>0,"K ","")& IF(COUNTIF(P32:U32,"L")>0,"L ","")& IF(COUNTIF(P32:U32,"M")>0,"M ","")& IF(COUNTIF(P32:U32,"N")>0,"N ","")& IF(COUNTIF(P32:U32,"O")>0,"O ","")& IF(COUNTIF(P32:U32,"P")>0,"P ","")& IF(COUNTIF(P32:U32,"Q")>0,"Q ","")& IF(COUNTIF(P32:U32,"R")>0,"R ","")& IF(COUNTIF(P32:U32,"S")>0,"S ","")& IF(COUNTIF(P32:U32,"T")>0,"T ","")& IF(COUNTIF(P32:U32,"U")>0,"U ","")& IF(COUNTIF(P32:U32,"V")>0,"V ","")& IF(COUNTIF(P32:U32,"W")>0,"W ","")& IF(COUNTIF(P32:U32,"X")>0,"X ","")& IF(COUNTIF(P32:U32,"Y")>0,"Y ","")& IF(COUNTIF(P32:U32,"Z")>0,"Z ","")," ",",")) -> G,
A33: バディ博多南校 2号 | B33: 25 | I33: =I32+2 -> 71 | J33: {=IFERROR(IF(OR(COUNTIF(INDIRECT("数出表_Excel!"&P33&"3"),"*キャラ*"), COUNTIF(INDIRECT("数出表_Excel!"&P33&"3"),"*赤*")), IF(COUNTIF(A33,"*雙葉*"),INDIRECT("数出表_Excel!"&P33&"3"), INDIRECT("数出表_Excel!"&P33&"3") &" "&INDIRECT("数出表_Excel!"&P33&"4") &INDIRECT("数出表_Excel!"&P33&"5")), INDIRECT("数出表_Excel!"&P33&"3")),"")} -> 赤 飯あり120 | K33: {=IFERROR(IF(OR(COUNTIF(INDIRECT("数出表_Excel!"&Q33&"3"),"*キャラ*"), COUNTIF(INDIRECT("数出表_Excel!"&Q33&"3"),"*赤*")), INDIRECT("数出表_Excel!"&Q33&"3") &" "&INDIRECT("数出表_Excel!"&Q33&"4") &INDIRECT("数出表_Excel!"&Q33&"5"), INDIRECT("数出表_Excel!"&Q33&"3")),"")} | L33: {=IFERROR(IF(OR(COUNTIF(INDIRECT("数出表_Excel!"&R33&"3"),"*キャラ*"), COUNTIF(INDIRECT("数出表_Excel!"&R33&"3"),"*赤*")), INDIRECT("数出表_Excel!"&R33&"3") &" "&INDIRECT("数出表_Excel!"&R33&"4") &INDIRECT("数出表_Excel!"&R33&"5"), INDIRECT("数出表_Excel!"&R33&"3")),"")} | M33: {=IFERROR(IF(OR(COUNTIF(INDIRECT("数出表_Excel!"&S33&"3"),"*キャラ*"), COUNTIF(INDIRECT("数出表_Excel!"&S33&"3"),"*赤*")), INDIRECT("数出表_Excel!"&S33&"3") &" "&INDIRECT("数出表_Excel!"&S33&"4") &INDIRECT("数出表_Excel!"&S33&"5"), INDIRECT("数出表_Excel!"&S33&"3")),"")} | N33: {=IFERROR(IF(OR(COUNTIF(INDIRECT("数出表_Excel!"&T33&"3"),"*キャラ*"), COUNTIF(INDIRECT("数出表_Excel!"&T33&"3"),"*赤*")), INDIRECT("数出表_Excel!"&T33&"3") &" "&INDIRECT("数出表_Excel!"&T33&"4") &INDIRECT("数出表_Excel!"&T33&"5"), INDIRECT("数出表_Excel!"&T33&"3")),"")} | O33: {=IFERROR(IF(OR(COUNTIF(INDIRECT("数出表_Excel!"&U33&"3"),"*キャラ*"), COUNTIF(INDIRECT("数出表_Excel!"&U33&"3"),"*赤*")), INDIRECT("数出表_Excel!"&U33&"3") &" "&INDIRECT("数出表_Excel!"&U33&"4") &INDIRECT("数出表_Excel!"&U33&"5"), INDIRECT("数出表_Excel!"&U33&"3")),"")} | P33: =IFERROR( SUBSTITUTE(ADDRESS(1, IFERROR(COLUMN(INDEX(INDIRECT("数出表_Excel!B"&$I33-1&":T"&$I33-1&""),1,MATCH(TEXT(B33,0),INDIRECT("数出表_Excel!B"&$I33-1&":T"&$I33-1&""),0))),""),4),"1",""), "") -> G | Q33: =IFERROR( SUBSTITUTE(ADDRESS(1, IFERROR(COLUMN(INDEX(INDIRECT("数出表_Excel!B"&$I33-1&":T"&$I33-1&""),1,MATCH(TEXT(C33,0),INDIRECT("数出表_Excel!B"&$I33-1&":T"&$I33-1&""),0))),""),4),"1",""), "") | R33: =IFERROR( SUBSTITUTE(ADDRESS(1, IFERROR(COLUMN(INDEX(INDIRECT("数出表_Excel!B"&$I33-1&":T"&$I33-1&""),1,MATCH(TEXT(D33,0),INDIRECT("数出表_Excel!B"&$I33-1&":T"&$I33-1&""),0))),""),4),"1",""), "") | S33: =IFERROR( SUBSTITUTE(ADDRESS(1, IFERROR(COLUMN(INDEX(INDIRECT("数出表_Excel!B"&$I33&":T"&$I33&""),1,MATCH(TEXT(E33,0),INDIRECT("数出表_Excel!B"&$I33&":T"&$I33&""),0))),""),4),"1",""), "") | T33: =IFERROR( SUBSTITUTE(ADDRESS(1, IFERROR(COLUMN(INDEX(INDIRECT("数出表_Excel!B"&$I33&":T"&$I33&""),1,MATCH(TEXT(F33,0),INDIRECT("数出表_Excel!B"&$I33&":T"&$I33&""),0))),""),4),"1",""), "") | U33: =IFERROR( SUBSTITUTE(ADDRESS(1, IFERROR(COLUMN(INDEX(INDIRECT("数出表_Excel!B"&$I33&":T"&$I33&""),1,MATCH(TEXT(G33,0),INDIRECT("数出表_Excel!B"&$I33&":T"&$I33&""),0))),""),4),"1",""), "") | V33: =TRIM(SUBSTITUTE( IF(COUNTIF(P33:U33,"A")>0,"A ","")& IF(COUNTIF(P33:U33,"B")>0,"B ","")& IF(COUNTIF(P33:U33,"C")>0,"C ","")& IF(COUNTIF(P33:U33,"D")>0,"D ","")& IF(COUNTIF(P33:U33,"E")>0,"E ","")& IF(COUNTIF(P33:U33,"F")>0,"F ","")& IF(COUNTIF(P33:U33,"G")>0,"G ","")& IF(COUNTIF(P33:U33,"H")>0,"H ","")& IF(COUNTIF(P33:U33,"I")>0,"I ","")& IF(COUNTIF(P33:U33,"J")>0,"J ","")& IF(COUNTIF(P33:U33,"K")>0,"K ","")& IF(COUNTIF(P33:U33,"L")>0,"L ","")& IF(COUNTIF(P33:U33,"M")>0,"M ","")& IF(COUNTIF(P33:U33,"N")>0,"N ","")& IF(COUNTIF(P33:U33,"O")>0,"O ","")& IF(COUNTIF(P33:U33,"P")>0,"P ","")& IF(COUNTIF(P33:U33,"Q")>0,"Q ","")& IF(COUNTIF(P33:U33,"R")>0,"R ","")& IF(COUNTIF(P33:U33,"S")>0,"S ","")& IF(COUNTIF(P33:U33,"T")>0,"T ","")& IF(COUNTIF(P33:U33,"U")>0,"U ","")& IF(COUNTIF(P33:U33,"V")>0,"V ","")& IF(COUNTIF(P33:U33,"W")>0,"W ","")& IF(COUNTIF(P33:U33,"X")>0,"X ","")& IF(COUNTIF(P33:U33,"Y")>0,"Y ","")& IF(COUNTIF(P33:U33,"Z")>0,"Z ","")," ",",")) -> G,
A34: つるた保育園 | B34: 14 | I34: =I33+2 -> 73 | J34: {=IFERROR(IF(OR(COUNTIF(INDIRECT("数出表_Excel!"&P34&"3"),"*キャラ*"), COUNTIF(INDIRECT("数出表_Excel!"&P34&"3"),"*赤*")), IF(COUNTIF(A34,"*雙葉*"),INDIRECT("数出表_Excel!"&P34&"3"), INDIRECT("数出表_Excel!"&P34&"3") &" "&INDIRECT("数出表_Excel!"&P34&"4") &INDIRECT("数出表_Excel!"&P34&"5")), INDIRECT("数出表_Excel!"&P34&"3")),"")} -> キャラ弁当 飯あり120 | K34: {=IFERROR(IF(OR(COUNTIF(INDIRECT("数出表_Excel!"&Q34&"3"),"*キャラ*"), COUNTIF(INDIRECT("数出表_Excel!"&Q34&"3"),"*赤*")), INDIRECT("数出表_Excel!"&Q34&"3") &" "&INDIRECT("数出表_Excel!"&Q34&"4") &INDIRECT("数出表_Excel!"&Q34&"5"), INDIRECT("数出表_Excel!"&Q34&"3")),"")} | L34: {=IFERROR(IF(OR(COUNTIF(INDIRECT("数出表_Excel!"&R34&"3"),"*キャラ*"), COUNTIF(INDIRECT("数出表_Excel!"&R34&"3"),"*赤*")), INDIRECT("数出表_Excel!"&R34&"3") &" "&INDIRECT("数出表_Excel!"&R34&"4") &INDIRECT("数出表_Excel!"&R34&"5"), INDIRECT("数出表_Excel!"&R34&"3")),"")} | M34: {=IFERROR(IF(OR(COUNTIF(INDIRECT("数出表_Excel!"&S34&"3"),"*キャラ*"), COUNTIF(INDIRECT("数出表_Excel!"&S34&"3"),"*赤*")), INDIRECT("数出表_Excel!"&S34&"3") &" "&INDIRECT("数出表_Excel!"&S34&"4") &INDIRECT("数出表_Excel!"&S34&"5"), INDIRECT("数出表_Excel!"&S34&"3")),"")} | N34: {=IFERROR(IF(OR(COUNTIF(INDIRECT("数出表_Excel!"&T34&"3"),"*キャラ*"), COUNTIF(INDIRECT("数出表_Excel!"&T34&"3"),"*赤*")), INDIRECT("数出表_Excel!"&T34&"3") &" "&INDIRECT("数出表_Excel!"&T34&"4") &INDIRECT("数出表_Excel!"&T34&"5"), INDIRECT("数出表_Excel!"&T34&"3")),"")} | O34: {=IFERROR(IF(OR(COUNTIF(INDIRECT("数出表_Excel!"&U34&"3"),"*キャラ*"), COUNTIF(INDIRECT("数出表_Excel!"&U34&"3"),"*赤*")), INDIRECT("数出表_Excel!"&U34&"3") &" "&INDIRECT("数出表_Excel!"&U34&"4") &INDIRECT("数出表_Excel!"&U34&"5"), INDIRECT("数出表_Excel!"&U34&"3")),"")} | P34: =IFERROR( SUBSTITUTE(ADDRESS(1, IFERROR(COLUMN(INDEX(INDIRECT("数出表_Excel!B"&$I34-1&":T"&$I34-1&""),1,MATCH(TEXT(B34,0),INDIRECT("数出表_Excel!B"&$I34-1&":T"&$I34-1&""),0))),""),4),"1",""), "") -> D | Q34: =IFERROR( SUBSTITUTE(ADDRESS(1, IFERROR(COLUMN(INDEX(INDIRECT("数出表_Excel!B"&$I34-1&":T"&$I34-1&""),1,MATCH(TEXT(C34,0),INDIRECT("数出表_Excel!B"&$I34-1&":T"&$I34-1&""),0))),""),4),"1",""), "") | R34: =IFERROR( SUBSTITUTE(ADDRESS(1, IFERROR(COLUMN(INDEX(INDIRECT("数出表_Excel!B"&$I34-1&":T"&$I34-1&""),1,MATCH(TEXT(D34,0),INDIRECT("数出表_Excel!B"&$I34-1&":T"&$I34-1&""),0))),""),4),"1",""), "") | S34: =IFERROR( SUBSTITUTE(ADDRESS(1, IFERROR(COLUMN(INDEX(INDIRECT("数出表_Excel!B"&$I34&":T"&$I34&""),1,MATCH(TEXT(E34,0),INDIRECT("数出表_Excel!B"&$I34&":T"&$I34&""),0))),""),4),"1",""), "") | T34: =IFERROR( SUBSTITUTE(ADDRESS(1, IFERROR(COLUMN(INDEX(INDIRECT("数出表_Excel!B"&$I34&":T"&$I34&""),1,MATCH(TEXT(F34,0),INDIRECT("数出表_Excel!B"&$I34&":T"&$I34&""),0))),""),4),"1",""), "") | U34: =IFERROR( SUBSTITUTE(ADDRESS(1, IFERROR(COLUMN(INDEX(INDIRECT("数出表_Excel!B"&$I34&":T"&$I34&""),1,MATCH(TEXT(G34,0),INDIRECT("数出表_Excel!B"&$I34&":T"&$I34&""),0))),""),4),"1",""), "") | V34: =TRIM(SUBSTITUTE( IF(COUNTIF(P34:U34,"A")>0,"A ","")& IF(COUNTIF(P34:U34,"B")>0,"B ","")& IF(COUNTIF(P34:U34,"C")>0,"C ","")& IF(COUNTIF(P34:U34,"D")>0,"D ","")& IF(COUNTIF(P34:U34,"E")>0,"E ","")& IF(COUNTIF(P34:U34,"F")>0,"F ","")& IF(COUNTIF(P34:U34,"G")>0,"G ","")& IF(COUNTIF(P34:U34,"H")>0,"H ","")& IF(COUNTIF(P34:U34,"I")>0,"I ","")& IF(COUNTIF(P34:U34,"J")>0,"J ","")& IF(COUNTIF(P34:U34,"K")>0,"K ","")& IF(COUNTIF(P34:U34,"L")>0,"L ","")& IF(COUNTIF(P34:U34,"M")>0,"M ","")& IF(COUNTIF(P34:U34,"N")>0,"N ","")& IF(COUNTIF(P34:U34,"O")>0,"O ","")& IF(COUNTIF(P34:U34,"P")>0,"P ","")& IF(COUNTIF(P34:U34,"Q")>0,"Q ","")& IF(COUNTIF(P34:U34,"R")>0,"R ","")& IF(COUNTIF(P34:U34,"S")>0,"S ","")& IF(COUNTIF(P34:U34,"T")>0,"T ","")& IF(COUNTIF(P34:U34,"U")>0,"U ","")& IF(COUNTIF(P34:U34,"V")>0,"V ","")& IF(COUNTIF(P34:U34,"W")>0,"W ","")& IF(COUNTIF(P34:U34,"X")>0,"X ","")& IF(COUNTIF(P34:U34,"Y")>0,"Y ","")& IF(COUNTIF(P34:U34,"Z")>0,"Z ","")," ",",")) -> D,
A35: 宝幼稚園 | B35: 15 | C35: 99 | E35: 3 | F35: 15 | I35: =I34+2 -> 75 | J35: {=IFERROR(IF(OR(COUNTIF(INDIRECT("数出表_Excel!"&P35&"3"),"*キャラ*"), COUNTIF(INDIRECT("数出表_Excel!"&P35&"3"),"*赤*")), IF(COUNTIF(A35,"*雙葉*"),INDIRECT("数出表_Excel!"&P35&"3"), INDIRECT("数出表_Excel!"&P35&"3") &" "&INDIRECT("数出表_Excel!"&P35&"4") &INDIRECT("数出表_Excel!"&P35&"5")), INDIRECT("数出表_Excel!"&P35&"3")),"")} -> 赤 飯あり120 | K35: {=IFERROR(IF(OR(COUNTIF(INDIRECT("数出表_Excel!"&Q35&"3"),"*キャラ*"), COUNTIF(INDIRECT("数出表_Excel!"&Q35&"3"),"*赤*")), INDIRECT("数出表_Excel!"&Q35&"3") &" "&INDIRECT("数出表_Excel!"&Q35&"4") &INDIRECT("数出表_Excel!"&Q35&"5"), INDIRECT("数出表_Excel!"&Q35&"3")),"")} -> 赤 飯なし | L35: {=IFERROR(IF(OR(COUNTIF(INDIRECT("数出表_Excel!"&R35&"3"),"*キャラ*"), COUNTIF(INDIRECT("数出表_Excel!"&R35&"3"),"*赤*")), INDIRECT("数出表_Excel!"&R35&"3") &" "&INDIRECT("数出表_Excel!"&R35&"4") &INDIRECT("数出表_Excel!"&R35&"5"), INDIRECT("数出表_Excel!"&R35&"3")),"")} | M35: {=IFERROR(IF(OR(COUNTIF(INDIRECT("数出表_Excel!"&S35&"3"),"*キャラ*"), COUNTIF(INDIRECT("数出表_Excel!"&S35&"3"),"*赤*")), INDIRECT("数出表_Excel!"&S35&"3") &" "&INDIRECT("数出表_Excel!"&S35&"4") &INDIRECT("数出表_Excel!"&S35&"5"), INDIRECT("数出表_Excel!"&S35&"3")),"")} -> 赤 飯あり120 | N35: {=IFERROR(IF(OR(COUNTIF(INDIRECT("数出表_Excel!"&T35&"3"),"*キャラ*"), COUNTIF(INDIRECT("数出表_Excel!"&T35&"3"),"*赤*")), INDIRECT("数出表_Excel!"&T35&"3") &" "&INDIRECT("数出表_Excel!"&T35&"4") &INDIRECT("数出表_Excel!"&T35&"5"), INDIRECT("数出表_Excel!"&T35&"3")),"")} -> 赤 飯なし | O35: {=IFERROR(IF(OR(COUNTIF(INDIRECT("数出表_Excel!"&U35&"3"),"*キャラ*"), COUNTIF(INDIRECT("数出表_Excel!"&U35&"3"),"*赤*")), INDIRECT("数出表_Excel!"&U35&"3") &" "&INDIRECT("数出表_Excel!"&U35&"4") &INDIRECT("数出表_Excel!"&U35&"5"), INDIRECT("数出表_Excel!"&U35&"3")),"")} | P35: =IFERROR( SUBSTITUTE(ADDRESS(1, IFERROR(COLUMN(INDEX(INDIRECT("数出表_Excel!B"&$I35-1&":T"&$I35-1&""),1,MATCH(TEXT(B35,0),INDIRECT("数出表_Excel!B"&$I35-1&":T"&$I35-1&""),0))),""),4),"1",""), "") -> G | Q35: =IFERROR( SUBSTITUTE(ADDRESS(1, IFERROR(COLUMN(INDEX(INDIRECT("数出表_Excel!B"&$I35-1&":T"&$I35-1&""),1,MATCH(TEXT(C35,0),INDIRECT("数出表_Excel!B"&$I35-1&":T"&$I35-1&""),0))),""),4),"1",""), "") -> K | R35: =IFERROR( SUBSTITUTE(ADDRESS(1, IFERROR(COLUMN(INDEX(INDIRECT("数出表_Excel!B"&$I35-1&":T"&$I35-1&""),1,MATCH(TEXT(D35,0),INDIRECT("数出表_Excel!B"&$I35-1&":T"&$I35-1&""),0))),""),4),"1",""), "") | S35: =IFERROR( SUBSTITUTE(ADDRESS(1, IFERROR(COLUMN(INDEX(INDIRECT("数出表_Excel!B"&$I35&":T"&$I35&""),1,MATCH(TEXT(E35,0),INDIRECT("数出表_Excel!B"&$I35&":T"&$I35&""),0))),""),4),"1",""), "") -> G | T35: =IFERROR( SUBSTITUTE(ADDRESS(1, IFERROR(COLUMN(INDEX(INDIRECT("数出表_Excel!B"&$I35&":T"&$I35&""),1,MATCH(TEXT(F35,0),INDIRECT("数出表_Excel!B"&$I35&":T"&$I35&""),0))),""),4),"1",""), "") -> K | U35: =IFERROR( SUBSTITUTE(ADDRESS(1, IFERROR(COLUMN(INDEX(INDIRECT("数出表_Excel!B"&$I35&":T"&$I35&""),1,MATCH(TEXT(G35,0),INDIRECT("数出表_Excel!B"&$I35&":T"&$I35&""),0))),""),4),"1",""), "") | V35: =TRIM(SUBSTITUTE( IF(COUNTIF(P35:U35,"A")>0,"A ","")& IF(COUNTIF(P35:U35,"B")>0,"B ","")& IF(COUNTIF(P35:U35,"C")>0,"C ","")& IF(COUNTIF(P35:U35,"D")>0,"D ","")& IF(COUNTIF(P35:U35,"E")>0,"E ","")& IF(COUNTIF(P35:U35,"F")>0,"F ","")& IF(COUNTIF(P35:U35,"G")>0,"G ","")& IF(COUNTIF(P35:U35,"H")>0,"H ","")& IF(COUNTIF(P35:U35,"I")>0,"I ","")& IF(COUNTIF(P35:U35,"J")>0,"J ","")& IF(COUNTIF(P35:U35,"K")>0,"K ","")& IF(COUNTIF(P35:U35,"L")>0,"L ","")& IF(COUNTIF(P35:U35,"M")>0,"M ","")& IF(COUNTIF(P35:U35,"N")>0,"N ","")& IF(COUNTIF(P35:U35,"O")>0,"O ","")& IF(COUNTIF(P35:U35,"P")>0,"P ","")& IF(COUNTIF(P35:U35,"Q")>0,"Q ","")& IF(COUNTIF(P35:U35,"R")>0,"R ","")& IF(COUNTIF(P35:U35,"S")>0,"S ","")& IF(COUNTIF(P35:U35,"T")>0,"T ","")& IF(COUNTIF(P35:U35,"U")>0,"U ","")& IF(COUNTIF(P35:U35,"V")>0,"V ","")& IF(COUNTIF(P35:U35,"W")>0,"W ","")& IF(COUNTIF(P35:U35,"X")>0,"X ","")& IF(COUNTIF(P35:U35,"Y")>0,"Y ","")& IF(COUNTIF(P35:U35,"Z")>0,"Z ","")," ",",")) -> G,K,
A36: 須玖幼稚園 | B36: 87 | C36: 12 | E36: 12 | I36: =I35+2 -> 77 | J36: {=IFERROR(IF(OR(COUNTIF(INDIRECT("数出表_Excel!"&P36&"3"),"*キャラ*"), COUNTIF(INDIRECT("数出表_Excel!"&P36&"3"),"*赤*")), IF(COUNTIF(A36,"*雙葉*"),INDIRECT("数出表_Excel!"&P36&"3"), INDIRECT("数出表_Excel!"&P36&"3") &" "&INDIRECT("数出表_Excel!"&P36&"4") &INDIRECT("数出表_Excel!"&P36&"5")), INDIRECT("数出表_Excel!"&P36&"3")),"")} -> 赤 飯あり120 | K36: {=IFERROR(IF(OR(COUNTIF(INDIRECT("数出表_Excel!"&Q36&"3"),"*キャラ*"), COUNTIF(INDIRECT("数出表_Excel!"&Q36&"3"),"*赤*")), INDIRECT("数出表_Excel!"&Q36&"3") &" "&INDIRECT("数出表_Excel!"&Q36&"4") &INDIRECT("数出表_Excel!"&Q36&"5"), INDIRECT("数出表_Excel!"&Q36&"3")),"")} -> 赤 おにぎり半俵 | L36: {=IFERROR(IF(OR(COUNTIF(INDIRECT("数出表_Excel!"&R36&"3"),"*キャラ*"), COUNTIF(INDIRECT("数出表_Excel!"&R36&"3"),"*赤*")), INDIRECT("数出表_Excel!"&R36&"3") &" "&INDIRECT("数出表_Excel!"&R36&"4") &INDIRECT("数出表_Excel!"&R36&"5"), INDIRECT("数出表_Excel!"&R36&"3")),"")} | M36: {=IFERROR(IF(OR(COUNTIF(INDIRECT("数出表_Excel!"&S36&"3"),"*キャラ*"), COUNTIF(INDIRECT("数出表_Excel!"&S36&"3"),"*赤*")), INDIRECT("数出表_Excel!"&S36&"3") &" "&INDIRECT("数出表_Excel!"&S36&"4") &INDIRECT("数出表_Excel!"&S36&"5"), INDIRECT("数出表_Excel!"&S36&"3")),"")} -> 赤 飯あり120 | N36: {=IFERROR(IF(OR(COUNTIF(INDIRECT("数出表_Excel!"&T36&"3"),"*キャラ*"), COUNTIF(INDIRECT("数出表_Excel!"&T36&"3"),"*赤*")), INDIRECT("数出表_Excel!"&T36&"3") &" "&INDIRECT("数出表_Excel!"&T36&"4") &INDIRECT("数出表_Excel!"&T36&"5"), INDIRECT("数出表_Excel!"&T36&"3")),"")} | O36: {=IFERROR(IF(OR(COUNTIF(INDIRECT("数出表_Excel!"&U36&"3"),"*キャラ*"), COUNTIF(INDIRECT("数出表_Excel!"&U36&"3"),"*赤*")), INDIRECT("数出表_Excel!"&U36&"3") &" "&INDIRECT("数出表_Excel!"&U36&"4") &INDIRECT("数出表_Excel!"&U36&"5"), INDIRECT("数出表_Excel!"&U36&"3")),"")} | P36: =IFERROR( SUBSTITUTE(ADDRESS(1, IFERROR(COLUMN(INDEX(INDIRECT("数出表_Excel!B"&$I36-1&":T"&$I36-1&""),1,MATCH(TEXT(B36,0),INDIRECT("数出表_Excel!B"&$I36-1&":T"&$I36-1&""),0))),""),4),"1",""), "") -> G | Q36: =IFERROR( SUBSTITUTE(ADDRESS(1, IFERROR(COLUMN(INDEX(INDIRECT("数出表_Excel!B"&$I36-1&":T"&$I36-1&""),1,MATCH(TEXT(C36,0),INDIRECT("数出表_Excel!B"&$I36-1&":T"&$I36-1&""),0))),""),4),"1",""), "") -> J | R36: =IFERROR( SUBSTITUTE(ADDRESS(1, IFERROR(COLUMN(INDEX(INDIRECT("数出表_Excel!B"&$I36-1&":T"&$I36-1&""),1,MATCH(TEXT(D36,0),INDIRECT("数出表_Excel!B"&$I36-1&":T"&$I36-1&""),0))),""),4),"1",""), "") | S36: =IFERROR( SUBSTITUTE(ADDRESS(1, IFERROR(COLUMN(INDEX(INDIRECT("数出表_Excel!B"&$I36&":T"&$I36&""),1,MATCH(TEXT(E36,0),INDIRECT("数出表_Excel!B"&$I36&":T"&$I36&""),0))),""),4),"1",""), "") -> G | T36: =IFERROR( SUBSTITUTE(ADDRESS(1, IFERROR(COLUMN(INDEX(INDIRECT("数出表_Excel!B"&$I36&":T"&$I36&""),1,MATCH(TEXT(F36,0),INDIRECT("数出表_Excel!B"&$I36&":T"&$I36&""),0))),""),4),"1",""), "") | U36: =IFERROR( SUBSTITUTE(ADDRESS(1, IFERROR(COLUMN(INDEX(INDIRECT("数出表_Excel!B"&$I36&":T"&$I36&""),1,MATCH(TEXT(G36,0),INDIRECT("数出表_Excel!B"&$I36&":T"&$I36&""),0))),""),4),"1",""), "") | V36: =TRIM(SUBSTITUTE( IF(COUNTIF(P36:U36,"A")>0,"A ","")& IF(COUNTIF(P36:U36,"B")>0,"B ","")& IF(COUNTIF(P36:U36,"C")>0,"C ","")& IF(COUNTIF(P36:U36,"D")>0,"D ","")& IF(COUNTIF(P36:U36,"E")>0,"E ","")& IF(COUNTIF(P36:U36,"F")>0,"F ","")& IF(COUNTIF(P36:U36,"G")>0,"G ","")& IF(COUNTIF(P36:U36,"H")>0,"H ","")& IF(COUNTIF(P36:U36,"I")>0,"I ","")& IF(COUNTIF(P36:U36,"J")>0,"J ","")& IF(COUNTIF(P36:U36,"K")>0,"K ","")& IF(COUNTIF(P36:U36,"L")>0,"L ","")& IF(COUNTIF(P36:U36,"M")>0,"M ","")& IF(COUNTIF(P36:U36,"N")>0,"N ","")& IF(COUNTIF(P36:U36,"O")>0,"O ","")& IF(COUNTIF(P36:U36,"P")>0,"P ","")& IF(COUNTIF(P36:U36,"Q")>0,"Q ","")& IF(COUNTIF(P36:U36,"R")>0,"R ","")& IF(COUNTIF(P36:U36,"S")>0,"S ","")& IF(COUNTIF(P36:U36,"T")>0,"T ","")& IF(COUNTIF(P36:U36,"U")>0,"U ","")& IF(COUNTIF(P36:U36,"V")>0,"V ","")& IF(COUNTIF(P36:U36,"W")>0,"W ","")& IF(COUNTIF(P36:U36,"X")>0,"X ","")& IF(COUNTIF(P36:U36,"Y")>0,"Y ","")& IF(COUNTIF(P36:U36,"Z")>0,"Z ","")," ",",")) -> G,J,
A37: 南ヶ丘幼稚園 | B37: 118 | C37: 16 | E37: 14 | I37: =I36+2 -> 79 | J37: {=IFERROR(IF(OR(COUNTIF(INDIRECT("数出表_Excel!"&P37&"3"),"*キャラ*"), COUNTIF(INDIRECT("数出表_Excel!"&P37&"3"),"*赤*")), IF(COUNTIF(A37,"*雙葉*"),INDIRECT("数出表_Excel!"&P37&"3"), INDIRECT("数出表_Excel!"&P37&"3") &" "&INDIRECT("数出表_Excel!"&P37&"4") &INDIRECT("数出表_Excel!"&P37&"5")), INDIRECT("数出表_Excel!"&P37&"3")),"")} -> 赤 飯あり120 | K37: {=IFERROR(IF(OR(COUNTIF(INDIRECT("数出表_Excel!"&Q37&"3"),"*キャラ*"), COUNTIF(INDIRECT("数出表_Excel!"&Q37&"3"),"*赤*")), INDIRECT("数出表_Excel!"&Q37&"3") &" "&INDIRECT("数出表_Excel!"&Q37&"4") &INDIRECT("数出表_Excel!"&Q37&"5"), INDIRECT("数出表_Excel!"&Q37&"3")),"")} -> 赤 おにぎり半俵 | L37: {=IFERROR(IF(OR(COUNTIF(INDIRECT("数出表_Excel!"&R37&"3"),"*キャラ*"), COUNTIF(INDIRECT("数出表_Excel!"&R37&"3"),"*赤*")), INDIRECT("数出表_Excel!"&R37&"3") &" "&INDIRECT("数出表_Excel!"&R37&"4") &INDIRECT("数出表_Excel!"&R37&"5"), INDIRECT("数出表_Excel!"&R37&"3")),"")} | M37: {=IFERROR(IF(OR(COUNTIF(INDIRECT("数出表_Excel!"&S37&"3"),"*キャラ*"), COUNTIF(INDIRECT("数出表_Excel!"&S37&"3"),"*赤*")), INDIRECT("数出表_Excel!"&S37&"3") &" "&INDIRECT("数出表_Excel!"&S37&"4") &INDIRECT("数出表_Excel!"&S37&"5"), INDIRECT("数出表_Excel!"&S37&"3")),"")} -> 赤 飯あり120 | N37: {=IFERROR(IF(OR(COUNTIF(INDIRECT("数出表_Excel!"&T37&"3"),"*キャラ*"), COUNTIF(INDIRECT("数出表_Excel!"&T37&"3"),"*赤*")), INDIRECT("数出表_Excel!"&T37&"3") &" "&INDIRECT("数出表_Excel!"&T37&"4") &INDIRECT("数出表_Excel!"&T37&"5"), INDIRECT("数出表_Excel!"&T37&"3")),"")} | O37: {=IFERROR(IF(OR(COUNTIF(INDIRECT("数出表_Excel!"&U37&"3"),"*キャラ*"), COUNTIF(INDIRECT("数出表_Excel!"&U37&"3"),"*赤*")), INDIRECT("数出表_Excel!"&U37&"3") &" "&INDIRECT("数出表_Excel!"&U37&"4") &INDIRECT("数出表_Excel!"&U37&"5"), INDIRECT("数出表_Excel!"&U37&"3")),"")} | P37: =IFERROR( SUBSTITUTE(ADDRESS(1, IFERROR(COLUMN(INDEX(INDIRECT("数出表_Excel!B"&$I37-1&":T"&$I37-1&""),1,MATCH(TEXT(B37,0),INDIRECT("数出表_Excel!B"&$I37-1&":T"&$I37-1&""),0))),""),4),"1",""), "") -> G | Q37: =IFERROR( SUBSTITUTE(ADDRESS(1, IFERROR(COLUMN(INDEX(INDIRECT("数出表_Excel!B"&$I37-1&":T"&$I37-1&""),1,MATCH(TEXT(C37,0),INDIRECT("数出表_Excel!B"&$I37-1&":T"&$I37-1&""),0))),""),4),"1",""), "") -> J | R37: =IFERROR( SUBSTITUTE(ADDRESS(1, IFERROR(COLUMN(INDEX(INDIRECT("数出表_Excel!B"&$I37-1&":T"&$I37-1&""),1,MATCH(TEXT(D37,0),INDIRECT("数出表_Excel!B"&$I37-1&":T"&$I37-1&""),0))),""),4),"1",""), "") | S37: =IFERROR( SUBSTITUTE(ADDRESS(1, IFERROR(COLUMN(INDEX(INDIRECT("数出表_Excel!B"&$I37&":T"&$I37&""),1,MATCH(TEXT(E37,0),INDIRECT("数出表_Excel!B"&$I37&":T"&$I37&""),0))),""),4),"1",""), "") -> G | T37: =IFERROR( SUBSTITUTE(ADDRESS(1, IFERROR(COLUMN(INDEX(INDIRECT("数出表_Excel!B"&$I37&":T"&$I37&""),1,MATCH(TEXT(F37,0),INDIRECT("数出表_Excel!B"&$I37&":T"&$I37&""),0))),""),4),"1",""), "") | U37: =IFERROR( SUBSTITUTE(ADDRESS(1, IFERROR(COLUMN(INDEX(INDIRECT("数出表_Excel!B"&$I37&":T"&$I37&""),1,MATCH(TEXT(G37,0),INDIRECT("数出表_Excel!B"&$I37&":T"&$I37&""),0))),""),4),"1",""), "") | V37: =TRIM(SUBSTITUTE( IF(COUNTIF(P37:U37,"A")>0,"A ","")& IF(COUNTIF(P37:U37,"B")>0,"B ","")& IF(COUNTIF(P37:U37,"C")>0,"C ","")& IF(COUNTIF(P37:U37,"D")>0,"D ","")& IF(COUNTIF(P37:U37,"E")>0,"E ","")& IF(COUNTIF(P37:U37,"F")>0,"F ","")& IF(COUNTIF(P37:U37,"G")>0,"G ","")& IF(COUNTIF(P37:U37,"H")>0,"H ","")& IF(COUNTIF(P37:U37,"I")>0,"I ","")& IF(COUNTIF(P37:U37,"J")>0,"J ","")& IF(COUNTIF(P37:U37,"K")>0,"K ","")& IF(COUNTIF(P37:U37,"L")>0,"L ","")& IF(COUNTIF(P37:U37,"M")>0,"M ","")& IF(COUNTIF(P37:U37,"N")>0,"N ","")& IF(COUNTIF(P37:U37,"O")>0,"O ","")& IF(COUNTIF(P37:U37,"P")>0,"P ","")& IF(COUNTIF(P37:U37,"Q")>0,"Q ","")& IF(COUNTIF(P37:U37,"R")>0,"R ","")& IF(COUNTIF(P37:U37,"S")>0,"S ","")& IF(COUNTIF(P37:U37,"T")>0,"T ","")& IF(COUNTIF(P37:U37,"U")>0,"U ","")& IF(COUNTIF(P37:U37,"V")>0,"V ","")& IF(COUNTIF(P37:U37,"W")>0,"W ","")& IF(COUNTIF(P37:U37,"X")>0,"X ","")& IF(COUNTIF(P37:U37,"Y")>0,"Y ","")& IF(COUNTIF(P37:U37,"Z")>0,"Z ","")," ",",")) -> G,J,
A38: 南ヶ丘第二幼稚園 | B38: 209 | E38: 24 | I38: =I37+2 -> 81 | J38: {=IFERROR(IF(OR(COUNTIF(INDIRECT("数出表_Excel!"&P38&"3"),"*キャラ*"), COUNTIF(INDIRECT("数出表_Excel!"&P38&"3"),"*赤*")), IF(COUNTIF(A38,"*雙葉*"),INDIRECT("数出表_Excel!"&P38&"3"), INDIRECT("数出表_Excel!"&P38&"3") &" "&INDIRECT("数出表_Excel!"&P38&"4") &INDIRECT("数出表_Excel!"&P38&"5")), INDIRECT("数出表_Excel!"&P38&"3")),"")} -> 赤 飯あり120 | K38: {=IFERROR(IF(OR(COUNTIF(INDIRECT("数出表_Excel!"&Q38&"3"),"*キャラ*"), COUNTIF(INDIRECT("数出表_Excel!"&Q38&"3"),"*赤*")), INDIRECT("数出表_Excel!"&Q38&"3") &" "&INDIRECT("数出表_Excel!"&Q38&"4") &INDIRECT("数出表_Excel!"&Q38&"5"), INDIRECT("数出表_Excel!"&Q38&"3")),"")} | L38: {=IFERROR(IF(OR(COUNTIF(INDIRECT("数出表_Excel!"&R38&"3"),"*キャラ*"), COUNTIF(INDIRECT("数出表_Excel!"&R38&"3"),"*赤*")), INDIRECT("数出表_Excel!"&R38&"3") &" "&INDIRECT("数出表_Excel!"&R38&"4") &INDIRECT("数出表_Excel!"&R38&"5"), INDIRECT("数出表_Excel!"&R38&"3")),"")} | M38: {=IFERROR(IF(OR(COUNTIF(INDIRECT("数出表_Excel!"&S38&"3"),"*キャラ*"), COUNTIF(INDIRECT("数出表_Excel!"&S38&"3"),"*赤*")), INDIRECT("数出表_Excel!"&S38&"3") &" "&INDIRECT("数出表_Excel!"&S38&"4") &INDIRECT("数出表_Excel!"&S38&"5"), INDIRECT("数出表_Excel!"&S38&"3")),"")} -> 赤 飯あり120 | N38: {=IFERROR(IF(OR(COUNTIF(INDIRECT("数出表_Excel!"&T38&"3"),"*キャラ*"), COUNTIF(INDIRECT("数出表_Excel!"&T38&"3"),"*赤*")), INDIRECT("数出表_Excel!"&T38&"3") &" "&INDIRECT("数出表_Excel!"&T38&"4") &INDIRECT("数出表_Excel!"&T38&"5"), INDIRECT("数出表_Excel!"&T38&"3")),"")} | O38: {=IFERROR(IF(OR(COUNTIF(INDIRECT("数出表_Excel!"&U38&"3"),"*キャラ*"), COUNTIF(INDIRECT("数出表_Excel!"&U38&"3"),"*赤*")), INDIRECT("数出表_Excel!"&U38&"3") &" "&INDIRECT("数出表_Excel!"&U38&"4") &INDIRECT("数出表_Excel!"&U38&"5"), INDIRECT("数出表_Excel!"&U38&"3")),"")} | P38: =IFERROR( SUBSTITUTE(ADDRESS(1, IFERROR(COLUMN(INDEX(INDIRECT("数出表_Excel!B"&$I38-1&":T"&$I38-1&""),1,MATCH(TEXT(B38,0),INDIRECT("数出表_Excel!B"&$I38-1&":T"&$I38-1&""),0))),""),4),"1",""), "") -> G | Q38: =IFERROR( SUBSTITUTE(ADDRESS(1, IFERROR(COLUMN(INDEX(INDIRECT("数出表_Excel!B"&$I38-1&":T"&$I38-1&""),1,MATCH(TEXT(C38,0),INDIRECT("数出表_Excel!B"&$I38-1&":T"&$I38-1&""),0))),""),4),"1",""), "") | R38: =IFERROR( SUBSTITUTE(ADDRESS(1, IFERROR(COLUMN(INDEX(INDIRECT("数出表_Excel!B"&$I38-1&":T"&$I38-1&""),1,MATCH(TEXT(D38,0),INDIRECT("数出表_Excel!B"&$I38-1&":T"&$I38-1&""),0))),""),4),"1",""), "") | S38: =IFERROR( SUBSTITUTE(ADDRESS(1, IFERROR(COLUMN(INDEX(INDIRECT("数出表_Excel!B"&$I38&":T"&$I38&""),1,MATCH(TEXT(E38,0),INDIRECT("数出表_Excel!B"&$I38&":T"&$I38&""),0))),""),4),"1",""), "") -> G | T38: =IFERROR( SUBSTITUTE(ADDRESS(1, IFERROR(COLUMN(INDEX(INDIRECT("数出表_Excel!B"&$I38&":T"&$I38&""),1,MATCH(TEXT(F38,0),INDIRECT("数出表_Excel!B"&$I38&":T"&$I38&""),0))),""),4),"1",""), "") | U38: =IFERROR( SUBSTITUTE(ADDRESS(1, IFERROR(COLUMN(INDEX(INDIRECT("数出表_Excel!B"&$I38&":T"&$I38&""),1,MATCH(TEXT(G38,0),INDIRECT("数出表_Excel!B"&$I38&":T"&$I38&""),0))),""),4),"1",""), "") | V38: =TRIM(SUBSTITUTE( IF(COUNTIF(P38:U38,"A")>0,"A ","")& IF(COUNTIF(P38:U38,"B")>0,"B ","")& IF(COUNTIF(P38:U38,"C")>0,"C ","")& IF(COUNTIF(P38:U38,"D")>0,"D ","")& IF(COUNTIF(P38:U38,"E")>0,"E ","")& IF(COUNTIF(P38:U38,"F")>0,"F ","")& IF(COUNTIF(P38:U38,"G")>0,"G ","")& IF(COUNTIF(P38:U38,"H")>0,"H ","")& IF(COUNTIF(P38:U38,"I")>0,"I ","")& IF(COUNTIF(P38:U38,"J")>0,"J ","")& IF(COUNTIF(P38:U38,"K")>0,"K ","")& IF(COUNTIF(P38:U38,"L")>0,"L ","")& IF(COUNTIF(P38:U38,"M")>0,"M ","")& IF(COUNTIF(P38:U38,"N")>0,"N ","")& IF(COUNTIF(P38:U38,"O")>0,"O ","")& IF(COUNTIF(P38:U38,"P")>0,"P ","")& IF(COUNTIF(P38:U38,"Q")>0,"Q ","")& IF(COUNTIF(P38:U38,"R")>0,"R ","")& IF(COUNTIF(P38:U38,"S")>0,"S ","")& IF(COUNTIF(P38:U38,"T")>0,"T ","")& IF(COUNTIF(P38:U38,"U")>0,"U ","")& IF(COUNTIF(P38:U38,"V")>0,"V ","")& IF(COUNTIF(P38:U38,"W")>0,"W ","")& IF(COUNTIF(P38:U38,"X")>0,"X ","")& IF(COUNTIF(P38:U38,"Y")>0,"Y ","")& IF(COUNTIF(P38:U38,"Z")>0,"Z ","")," ",",")) -> G,
A39: 月の浦幼稚園 | B39: 89 | C39: 11 | E39: 12 | I39: =I38+2 -> 83 | J39: {=IFERROR(IF(OR(COUNTIF(INDIRECT("数出表_Excel!"&P39&"3"),"*キャラ*"), COUNTIF(INDIRECT("数出表_Excel!"&P39&"3"),"*赤*")), IF(COUNTIF(A39,"*雙葉*"),INDIRECT("数出表_Excel!"&P39&"3"), INDIRECT("数出表_Excel!"&P39&"3") &" "&INDIRECT("数出表_Excel!"&P39&"4") &INDIRECT("数出表_Excel!"&P39&"5")), INDIRECT("数出表_Excel!"&P39&"3")),"")} -> 赤 飯あり120 | K39: {=IFERROR(IF(OR(COUNTIF(INDIRECT("数出表_Excel!"&Q39&"3"),"*キャラ*"), COUNTIF(INDIRECT("数出表_Excel!"&Q39&"3"),"*赤*")), INDIRECT("数出表_Excel!"&Q39&"3") &" "&INDIRECT("数出表_Excel!"&Q39&"4") &INDIRECT("数出表_Excel!"&Q39&"5"), INDIRECT("数出表_Excel!"&Q39&"3")),"")} -> 赤 おにぎり半俵 | L39: {=IFERROR(IF(OR(COUNTIF(INDIRECT("数出表_Excel!"&R39&"3"),"*キャラ*"), COUNTIF(INDIRECT("数出表_Excel!"&R39&"3"),"*赤*")), INDIRECT("数出表_Excel!"&R39&"3") &" "&INDIRECT("数出表_Excel!"&R39&"4") &INDIRECT("数出表_Excel!"&R39&"5"), INDIRECT("数出表_Excel!"&R39&"3")),"")} | M39: {=IFERROR(IF(OR(COUNTIF(INDIRECT("数出表_Excel!"&S39&"3"),"*キャラ*"), COUNTIF(INDIRECT("数出表_Excel!"&S39&"3"),"*赤*")), INDIRECT("数出表_Excel!"&S39&"3") &" "&INDIRECT("数出表_Excel!"&S39&"4") &INDIRECT("数出表_Excel!"&S39&"5"), INDIRECT("数出表_Excel!"&S39&"3")),"")} -> 赤 飯あり120 | N39: {=IFERROR(IF(OR(COUNTIF(INDIRECT("数出表_Excel!"&T39&"3"),"*キャラ*"), COUNTIF(INDIRECT("数出表_Excel!"&T39&"3"),"*赤*")), INDIRECT("数出表_Excel!"&T39&"3") &" "&INDIRECT("数出表_Excel!"&T39&"4") &INDIRECT("数出表_Excel!"&T39&"5"), INDIRECT("数出表_Excel!"&T39&"3")),"")} | O39: {=IFERROR(IF(OR(COUNTIF(INDIRECT("数出表_Excel!"&U39&"3"),"*キャラ*"), COUNTIF(INDIRECT("数出表_Excel!"&U39&"3"),"*赤*")), INDIRECT("数出表_Excel!"&U39&"3") &" "&INDIRECT("数出表_Excel!"&U39&"4") &INDIRECT("数出表_Excel!"&U39&"5"), INDIRECT("数出表_Excel!"&U39&"3")),"")} | P39: =IFERROR( SUBSTITUTE(ADDRESS(1, IFERROR(COLUMN(INDEX(INDIRECT("数出表_Excel!B"&$I39-1&":T"&$I39-1&""),1,MATCH(TEXT(B39,0),INDIRECT("数出表_Excel!B"&$I39-1&":T"&$I39-1&""),0))),""),4),"1",""), "") -> G | Q39: =IFERROR( SUBSTITUTE(ADDRESS(1, IFERROR(COLUMN(INDEX(INDIRECT("数出表_Excel!B"&$I39-1&":T"&$I39-1&""),1,MATCH(TEXT(C39,0),INDIRECT("数出表_Excel!B"&$I39-1&":T"&$I39-1&""),0))),""),4),"1",""), "") -> J | R39: =IFERROR( SUBSTITUTE(ADDRESS(1, IFERROR(COLUMN(INDEX(INDIRECT("数出表_Excel!B"&$I39-1&":T"&$I39-1&""),1,MATCH(TEXT(D39,0),INDIRECT("数出表_Excel!B"&$I39-1&":T"&$I39-1&""),0))),""),4),"1",""), "") | S39: =IFERROR( SUBSTITUTE(ADDRESS(1, IFERROR(COLUMN(INDEX(INDIRECT("数出表_Excel!B"&$I39&":T"&$I39&""),1,MATCH(TEXT(E39,0),INDIRECT("数出表_Excel!B"&$I39&":T"&$I39&""),0))),""),4),"1",""), "") -> G | T39: =IFERROR( SUBSTITUTE(ADDRESS(1, IFERROR(COLUMN(INDEX(INDIRECT("数出表_Excel!B"&$I39&":T"&$I39&""),1,MATCH(TEXT(F39,0),INDIRECT("数出表_Excel!B"&$I39&":T"&$I39&""),0))),""),4),"1",""), "") | U39: =IFERROR( SUBSTITUTE(ADDRESS(1, IFERROR(COLUMN(INDEX(INDIRECT("数出表_Excel!B"&$I39&":T"&$I39&""),1,MATCH(TEXT(G39,0),INDIRECT("数出表_Excel!B"&$I39&":T"&$I39&""),0))),""),4),"1",""), "") | V39: =TRIM(SUBSTITUTE( IF(COUNTIF(P39:U39,"A")>0,"A ","")& IF(COUNTIF(P39:U39,"B")>0,"B ","")& IF(COUNTIF(P39:U39,"C")>0,"C ","")& IF(COUNTIF(P39:U39,"D")>0,"D ","")& IF(COUNTIF(P39:U39,"E")>0,"E ","")& IF(COUNTIF(P39:U39,"F")>0,"F ","")& IF(COUNTIF(P39:U39,"G")>0,"G ","")& IF(COUNTIF(P39:U39,"H")>0,"H ","")& IF(COUNTIF(P39:U39,"I")>0,"I ","")& IF(COUNTIF(P39:U39,"J")>0,"J ","")& IF(COUNTIF(P39:U39,"K")>0,"K ","")& IF(COUNTIF(P39:U39,"L")>0,"L ","")& IF(COUNTIF(P39:U39,"M")>0,"M ","")& IF(COUNTIF(P39:U39,"N")>0,"N ","")& IF(COUNTIF(P39:U39,"O")>0,"O ","")& IF(COUNTIF(P39:U39,"P")>0,"P ","")& IF(COUNTIF(P39:U39,"Q")>0,"Q ","")& IF(COUNTIF(P39:U39,"R")>0,"R ","")& IF(COUNTIF(P39:U39,"S")>0,"S ","")& IF(COUNTIF(P39:U39,"T")>0,"T ","")& IF(COUNTIF(P39:U39,"U")>0,"U ","")& IF(COUNTIF(P39:U39,"V")>0,"V ","")& IF(COUNTIF(P39:U39,"W")>0,"W ","")& IF(COUNTIF(P39:U39,"X")>0,"X ","")& IF(COUNTIF(P39:U39,"Y")>0,"Y ","")& IF(COUNTIF(P39:U39,"Z")>0,"Z ","")," ",",")) -> G,J,
A40: 大野南幼稚園 | B40: 148 | E40: 17 | I40: =I39+2 -> 85 | J40: {=IFERROR(IF(OR(COUNTIF(INDIRECT("数出表_Excel!"&P40&"3"),"*キャラ*"), COUNTIF(INDIRECT("数出表_Excel!"&P40&"3"),"*赤*")), IF(COUNTIF(A40,"*雙葉*"),INDIRECT("数出表_Excel!"&P40&"3"), INDIRECT("数出表_Excel!"&P40&"3") &" "&INDIRECT("数出表_Excel!"&P40&"4") &INDIRECT("数出表_Excel!"&P40&"5")), INDIRECT("数出表_Excel!"&P40&"3")),"")} -> 赤 飯あり120 | K40: {=IFERROR(IF(OR(COUNTIF(INDIRECT("数出表_Excel!"&Q40&"3"),"*キャラ*"), COUNTIF(INDIRECT("数出表_Excel!"&Q40&"3"),"*赤*")), INDIRECT("数出表_Excel!"&Q40&"3") &" "&INDIRECT("数出表_Excel!"&Q40&"4") &INDIRECT("数出表_Excel!"&Q40&"5"), INDIRECT("数出表_Excel!"&Q40&"3")),"")} | L40: {=IFERROR(IF(OR(COUNTIF(INDIRECT("数出表_Excel!"&R40&"3"),"*キャラ*"), COUNTIF(INDIRECT("数出表_Excel!"&R40&"3"),"*赤*")), INDIRECT("数出表_Excel!"&R40&"3") &" "&INDIRECT("数出表_Excel!"&R40&"4") &INDIRECT("数出表_Excel!"&R40&"5"), INDIRECT("数出表_Excel!"&R40&"3")),"")} | M40: {=IFERROR(IF(OR(COUNTIF(INDIRECT("数出表_Excel!"&S40&"3"),"*キャラ*"), COUNTIF(INDIRECT("数出表_Excel!"&S40&"3"),"*赤*")), INDIRECT("数出表_Excel!"&S40&"3") &" "&INDIRECT("数出表_Excel!"&S40&"4") &INDIRECT("数出表_Excel!"&S40&"5"), INDIRECT("数出表_Excel!"&S40&"3")),"")} -> 赤 飯あり120 | N40: {=IFERROR(IF(OR(COUNTIF(INDIRECT("数出表_Excel!"&T40&"3"),"*キャラ*"), COUNTIF(INDIRECT("数出表_Excel!"&T40&"3"),"*赤*")), INDIRECT("数出表_Excel!"&T40&"3") &" "&INDIRECT("数出表_Excel!"&T40&"4") &INDIRECT("数出表_Excel!"&T40&"5"), INDIRECT("数出表_Excel!"&T40&"3")),"")} | O40: {=IFERROR(IF(OR(COUNTIF(INDIRECT("数出表_Excel!"&U40&"3"),"*キャラ*"), COUNTIF(INDIRECT("数出表_Excel!"&U40&"3"),"*赤*")), INDIRECT("数出表_Excel!"&U40&"3") &" "&INDIRECT("数出表_Excel!"&U40&"4") &INDIRECT("数出表_Excel!"&U40&"5"), INDIRECT("数出表_Excel!"&U40&"3")),"")} | P40: =IFERROR( SUBSTITUTE(ADDRESS(1, IFERROR(COLUMN(INDEX(INDIRECT("数出表_Excel!B"&$I40-1&":T"&$I40-1&""),1,MATCH(TEXT(B40,0),INDIRECT("数出表_Excel!B"&$I40-1&":T"&$I40-1&""),0))),""),4),"1",""), "") -> G | Q40: =IFERROR( SUBSTITUTE(ADDRESS(1, IFERROR(COLUMN(INDEX(INDIRECT("数出表_Excel!B"&$I40-1&":T"&$I40-1&""),1,MATCH(TEXT(C40,0),INDIRECT("数出表_Excel!B"&$I40-1&":T"&$I40-1&""),0))),""),4),"1",""), "") | R40: =IFERROR( SUBSTITUTE(ADDRESS(1, IFERROR(COLUMN(INDEX(INDIRECT("数出表_Excel!B"&$I40-1&":T"&$I40-1&""),1,MATCH(TEXT(D40,0),INDIRECT("数出表_Excel!B"&$I40-1&":T"&$I40-1&""),0))),""),4),"1",""), "") | S40: =IFERROR( SUBSTITUTE(ADDRESS(1, IFERROR(COLUMN(INDEX(INDIRECT("数出表_Excel!B"&$I40&":T"&$I40&""),1,MATCH(TEXT(E40,0),INDIRECT("数出表_Excel!B"&$I40&":T"&$I40&""),0))),""),4),"1",""), "") -> G | T40: =IFERROR( SUBSTITUTE(ADDRESS(1, IFERROR(COLUMN(INDEX(INDIRECT("数出表_Excel!B"&$I40&":T"&$I40&""),1,MATCH(TEXT(F40,0),INDIRECT("数出表_Excel!B"&$I40&":T"&$I40&""),0))),""),4),"1",""), "") | U40: =IFERROR( SUBSTITUTE(ADDRESS(1, IFERROR(COLUMN(INDEX(INDIRECT("数出表_Excel!B"&$I40&":T"&$I40&""),1,MATCH(TEXT(G40,0),INDIRECT("数出表_Excel!B"&$I40&":T"&$I40&""),0))),""),4),"1",""), "") | V40: =TRIM(SUBSTITUTE( IF(COUNTIF(P40:U40,"A")>0,"A ","")& IF(COUNTIF(P40:U40,"B")>0,"B ","")& IF(COUNTIF(P40:U40,"C")>0,"C ","")& IF(COUNTIF(P40:U40,"D")>0,"D ","")& IF(COUNTIF(P40:U40,"E")>0,"E ","")& IF(COUNTIF(P40:U40,"F")>0,"F ","")& IF(COUNTIF(P40:U40,"G")>0,"G ","")& IF(COUNTIF(P40:U40,"H")>0,"H ","")& IF(COUNTIF(P40:U40,"I")>0,"I ","")& IF(COUNTIF(P40:U40,"J")>0,"J ","")& IF(COUNTIF(P40:U40,"K")>0,"K ","")& IF(COUNTIF(P40:U40,"L")>0,"L ","")& IF(COUNTIF(P40:U40,"M")>0,"M ","")& IF(COUNTIF(P40:U40,"N")>0,"N ","")& IF(COUNTIF(P40:U40,"O")>0,"O ","")& IF(COUNTIF(P40:U40,"P")>0,"P ","")& IF(COUNTIF(P40:U40,"Q")>0,"Q ","")& IF(COUNTIF(P40:U40,"R")>0,"R ","")& IF(COUNTIF(P40:U40,"S")>0,"S ","")& IF(COUNTIF(P40:U40,"T")>0,"T ","")& IF(COUNTIF(P40:U40,"U")>0,"U ","")& IF(COUNTIF(P40:U40,"V")>0,"V ","")& IF(COUNTIF(P40:U40,"W")>0,"W ","")& IF(COUNTIF(P40:U40,"X")>0,"X ","")& IF(COUNTIF(P40:U40,"Y")>0,"Y ","")& IF(COUNTIF(P40:U40,"Z")>0,"Z ","")," ",",")) -> G,
A41: 児童発達支援 いろは そうり | B41: 4 | I41: =I40+2 -> 87 | J41: {=IFERROR(IF(OR(COUNTIF(INDIRECT("数出表_Excel!"&P41&"3"),"*キャラ*"), COUNTIF(INDIRECT("数出表_Excel!"&P41&"3"),"*赤*")), IF(COUNTIF(A41,"*雙葉*"),INDIRECT("数出表_Excel!"&P41&"3"), INDIRECT("数出表_Excel!"&P41&"3") &" "&INDIRECT("数出表_Excel!"&P41&"4") &INDIRECT("数出表_Excel!"&P41&"5")), INDIRECT("数出表_Excel!"&P41&"3")),"")} -> 赤 飯あり120 | K41: {=IFERROR(IF(OR(COUNTIF(INDIRECT("数出表_Excel!"&Q41&"3"),"*キャラ*"), COUNTIF(INDIRECT("数出表_Excel!"&Q41&"3"),"*赤*")), INDIRECT("数出表_Excel!"&Q41&"3") &" "&INDIRECT("数出表_Excel!"&Q41&"4") &INDIRECT("数出表_Excel!"&Q41&"5"), INDIRECT("数出表_Excel!"&Q41&"3")),"")} | L41: {=IFERROR(IF(OR(COUNTIF(INDIRECT("数出表_Excel!"&R41&"3"),"*キャラ*"), COUNTIF(INDIRECT("数出表_Excel!"&R41&"3"),"*赤*")), INDIRECT("数出表_Excel!"&R41&"3") &" "&INDIRECT("数出表_Excel!"&R41&"4") &INDIRECT("数出表_Excel!"&R41&"5"), INDIRECT("数出表_Excel!"&R41&"3")),"")} | M41: {=IFERROR(IF(OR(COUNTIF(INDIRECT("数出表_Excel!"&S41&"3"),"*キャラ*"), COUNTIF(INDIRECT("数出表_Excel!"&S41&"3"),"*赤*")), INDIRECT("数出表_Excel!"&S41&"3") &" "&INDIRECT("数出表_Excel!"&S41&"4") &INDIRECT("数出表_Excel!"&S41&"5"), INDIRECT("数出表_Excel!"&S41&"3")),"")} | N41: {=IFERROR(IF(OR(COUNTIF(INDIRECT("数出表_Excel!"&T41&"3"),"*キャラ*"), COUNTIF(INDIRECT("数出表_Excel!"&T41&"3"),"*赤*")), INDIRECT("数出表_Excel!"&T41&"3") &" "&INDIRECT("数出表_Excel!"&T41&"4") &INDIRECT("数出表_Excel!"&T41&"5"), INDIRECT("数出表_Excel!"&T41&"3")),"")} | O41: {=IFERROR(IF(OR(COUNTIF(INDIRECT("数出表_Excel!"&U41&"3"),"*キャラ*"), COUNTIF(INDIRECT("数出表_Excel!"&U41&"3"),"*赤*")), INDIRECT("数出表_Excel!"&U41&"3") &" "&INDIRECT("数出表_Excel!"&U41&"4") &INDIRECT("数出表_Excel!"&U41&"5"), INDIRECT("数出表_Excel!"&U41&"3")),"")} | P41: =IFERROR( SUBSTITUTE(ADDRESS(1, IFERROR(COLUMN(INDEX(INDIRECT("数出表_Excel!B"&$I41-1&":T"&$I41-1&""),1,MATCH(TEXT(B41,0),INDIRECT("数出表_Excel!B"&$I41-1&":T"&$I41-1&""),0))),""),4),"1",""), "") -> G | Q41: =IFERROR( SUBSTITUTE(ADDRESS(1, IFERROR(COLUMN(INDEX(INDIRECT("数出表_Excel!B"&$I41-1&":T"&$I41-1&""),1,MATCH(TEXT(C41,0),INDIRECT("数出表_Excel!B"&$I41-1&":T"&$I41-1&""),0))),""),4),"1",""), "") | R41: =IFERROR( SUBSTITUTE(ADDRESS(1, IFERROR(COLUMN(INDEX(INDIRECT("数出表_Excel!B"&$I41-1&":T"&$I41-1&""),1,MATCH(TEXT(D41,0),INDIRECT("数出表_Excel!B"&$I41-1&":T"&$I41-1&""),0))),""),4),"1",""), "") | S41: =IFERROR( SUBSTITUTE(ADDRESS(1, IFERROR(COLUMN(INDEX(INDIRECT("数出表_Excel!B"&$I41&":T"&$I41&""),1,MATCH(TEXT(E41,0),INDIRECT("数出表_Excel!B"&$I41&":T"&$I41&""),0))),""),4),"1",""), "") | T41: =IFERROR( SUBSTITUTE(ADDRESS(1, IFERROR(COLUMN(INDEX(INDIRECT("数出表_Excel!B"&$I41&":T"&$I41&""),1,MATCH(TEXT(F41,0),INDIRECT("数出表_Excel!B"&$I41&":T"&$I41&""),0))),""),4),"1",""), "") | U41: =IFERROR( SUBSTITUTE(ADDRESS(1, IFERROR(COLUMN(INDEX(INDIRECT("数出表_Excel!B"&$I41&":T"&$I41&""),1,MATCH(TEXT(G41,0),INDIRECT("数出表_Excel!B"&$I41&":T"&$I41&""),0))),""),4),"1",""), "") | V41: =TRIM(SUBSTITUTE( IF(COUNTIF(P41:U41,"A")>0,"A ","")& IF(COUNTIF(P41:U41,"B")>0,"B ","")& IF(COUNTIF(P41:U41,"C")>0,"C ","")& IF(COUNTIF(P41:U41,"D")>0,"D ","")& IF(COUNTIF(P41:U41,"E")>0,"E ","")& IF(COUNTIF(P41:U41,"F")>0,"F ","")& IF(COUNTIF(P41:U41,"G")>0,"G ","")& IF(COUNTIF(P41:U41,"H")>0,"H ","")& IF(COUNTIF(P41:U41,"I")>0,"I ","")& IF(COUNTIF(P41:U41,"J")>0,"J ","")& IF(COUNTIF(P41:U41,"K")>0,"K ","")& IF(COUNTIF(P41:U41,"L")>0,"L ","")& IF(COUNTIF(P41:U41,"M")>0,"M ","")& IF(COUNTIF(P41:U41,"N")>0,"N ","")& IF(COUNTIF(P41:U41,"O")>0,"O ","")& IF(COUNTIF(P41:U41,"P")>0,"P ","")& IF(COUNTIF(P41:U41,"Q")>0,"Q ","")& IF(COUNTIF(P41:U41,"R")>0,"R ","")& IF(COUNTIF(P41:U41,"S")>0,"S ","")& IF(COUNTIF(P41:U41,"T")>0,"T ","")& IF(COUNTIF(P41:U41,"U")>0,"U ","")& IF(COUNTIF(P41:U41,"V")>0,"V ","")& IF(COUNTIF(P41:U41,"W")>0,"W ","")& IF(COUNTIF(P41:U41,"X")>0,"X ","")& IF(COUNTIF(P41:U41,"Y")>0,"Y ","")& IF(COUNTIF(P41:U41,"Z")>0,"Z ","")," ",",")) -> G,
A42: 児童発達支援 いろは | B42: 4 | E42: 1 | I42: =I41+2 -> 89 | J42: {=IFERROR(IF(OR(COUNTIF(INDIRECT("数出表_Excel!"&P42&"3"),"*キャラ*"), COUNTIF(INDIRECT("数出表_Excel!"&P42&"3"),"*赤*")), IF(COUNTIF(A42,"*雙葉*"),INDIRECT("数出表_Excel!"&P42&"3"), INDIRECT("数出表_Excel!"&P42&"3") &" "&INDIRECT("数出表_Excel!"&P42&"4") &INDIRECT("数出表_Excel!"&P42&"5")), INDIRECT("数出表_Excel!"&P42&"3")),"")} -> 赤 飯あり120 | K42: {=IFERROR(IF(OR(COUNTIF(INDIRECT("数出表_Excel!"&Q42&"3"),"*キャラ*"), COUNTIF(INDIRECT("数出表_Excel!"&Q42&"3"),"*赤*")), INDIRECT("数出表_Excel!"&Q42&"3") &" "&INDIRECT("数出表_Excel!"&Q42&"4") &INDIRECT("数出表_Excel!"&Q42&"5"), INDIRECT("数出表_Excel!"&Q42&"3")),"")} | L42: {=IFERROR(IF(OR(COUNTIF(INDIRECT("数出表_Excel!"&R42&"3"),"*キャラ*"), COUNTIF(INDIRECT("数出表_Excel!"&R42&"3"),"*赤*")), INDIRECT("数出表_Excel!"&R42&"3") &" "&INDIRECT("数出表_Excel!"&R42&"4") &INDIRECT("数出表_Excel!"&R42&"5"), INDIRECT("数出表_Excel!"&R42&"3")),"")} | M42: {=IFERROR(IF(OR(COUNTIF(INDIRECT("数出表_Excel!"&S42&"3"),"*キャラ*"), COUNTIF(INDIRECT("数出表_Excel!"&S42&"3"),"*赤*")), INDIRECT("数出表_Excel!"&S42&"3") &" "&INDIRECT("数出表_Excel!"&S42&"4") &INDIRECT("数出表_Excel!"&S42&"5"), INDIRECT("数出表_Excel!"&S42&"3")),"")} -> 赤 飯あり120 | N42: {=IFERROR(IF(OR(COUNTIF(INDIRECT("数出表_Excel!"&T42&"3"),"*キャラ*"), COUNTIF(INDIRECT("数出表_Excel!"&T42&"3"),"*赤*")), INDIRECT("数出表_Excel!"&T42&"3") &" "&INDIRECT("数出表_Excel!"&T42&"4") &INDIRECT("数出表_Excel!"&T42&"5"), INDIRECT("数出表_Excel!"&T42&"3")),"")} | O42: {=IFERROR(IF(OR(COUNTIF(INDIRECT("数出表_Excel!"&U42&"3"),"*キャラ*"), COUNTIF(INDIRECT("数出表_Excel!"&U42&"3"),"*赤*")), INDIRECT("数出表_Excel!"&U42&"3") &" "&INDIRECT("数出表_Excel!"&U42&"4") &INDIRECT("数出表_Excel!"&U42&"5"), INDIRECT("数出表_Excel!"&U42&"3")),"")} | P42: =IFERROR( SUBSTITUTE(ADDRESS(1, IFERROR(COLUMN(INDEX(INDIRECT("数出表_Excel!B"&$I42-1&":T"&$I42-1&""),1,MATCH(TEXT(B42,0),INDIRECT("数出表_Excel!B"&$I42-1&":T"&$I42-1&""),0))),""),4),"1",""), "") -> G | Q42: =IFERROR( SUBSTITUTE(ADDRESS(1, IFERROR(COLUMN(INDEX(INDIRECT("数出表_Excel!B"&$I42-1&":T"&$I42-1&""),1,MATCH(TEXT(C42,0),INDIRECT("数出表_Excel!B"&$I42-1&":T"&$I42-1&""),0))),""),4),"1",""), "") | R42: =IFERROR( SUBSTITUTE(ADDRESS(1, IFERROR(COLUMN(INDEX(INDIRECT("数出表_Excel!B"&$I42-1&":T"&$I42-1&""),1,MATCH(TEXT(D42,0),INDIRECT("数出表_Excel!B"&$I42-1&":T"&$I42-1&""),0))),""),4),"1",""), "") | S42: =IFERROR( SUBSTITUTE(ADDRESS(1, IFERROR(COLUMN(INDEX(INDIRECT("数出表_Excel!B"&$I42&":T"&$I42&""),1,MATCH(TEXT(E42,0),INDIRECT("数出表_Excel!B"&$I42&":T"&$I42&""),0))),""),4),"1",""), "") -> G | T42: =IFERROR( SUBSTITUTE(ADDRESS(1, IFERROR(COLUMN(INDEX(INDIRECT("数出表_Excel!B"&$I42&":T"&$I42&""),1,MATCH(TEXT(F42,0),INDIRECT("数出表_Excel!B"&$I42&":T"&$I42&""),0))),""),4),"1",""), "") | U42: =IFERROR( SUBSTITUTE(ADDRESS(1, IFERROR(COLUMN(INDEX(INDIRECT("数出表_Excel!B"&$I42&":T"&$I42&""),1,MATCH(TEXT(G42,0),INDIRECT("数出表_Excel!B"&$I42&":T"&$I42&""),0))),""),4),"1",""), "") | V42: =TRIM(SUBSTITUTE( IF(COUNTIF(P42:U42,"A")>0,"A ","")& IF(COUNTIF(P42:U42,"B")>0,"B ","")& IF(COUNTIF(P42:U42,"C")>0,"C ","")& IF(COUNTIF(P42:U42,"D")>0,"D ","")& IF(COUNTIF(P42:U42,"E")>0,"E ","")& IF(COUNTIF(P42:U42,"F")>0,"F ","")& IF(COUNTIF(P42:U42,"G")>0,"G ","")& IF(COUNTIF(P42:U42,"H")>0,"H ","")& IF(COUNTIF(P42:U42,"I")>0,"I ","")& IF(COUNTIF(P42:U42,"J")>0,"J ","")& IF(COUNTIF(P42:U42,"K")>0,"K ","")& IF(COUNTIF(P42:U42,"L")>0,"L ","")& IF(COUNTIF(P42:U42,"M")>0,"M ","")& IF(COUNTIF(P42:U42,"N")>0,"N ","")& IF(COUNTIF(P42:U42,"O")>0,"O ","")& IF(COUNTIF(P42:U42,"P")>0,"P ","")& IF(COUNTIF(P42:U42,"Q")>0,"Q ","")& IF(COUNTIF(P42:U42,"R")>0,"R ","")& IF(COUNTIF(P42:U42,"S")>0,"S ","")& IF(COUNTIF(P42:U42,"T")>0,"T ","")& IF(COUNTIF(P42:U42,"U")>0,"U ","")& IF(COUNTIF(P42:U42,"V")>0,"V ","")& IF(COUNTIF(P42:U42,"W")>0,"W ","")& IF(COUNTIF(P42:U42,"X")>0,"X ","")& IF(COUNTIF(P42:U42,"Y")>0,"Y ","")& IF(COUNTIF(P42:U42,"Z")>0,"Z ","")," ",",")) -> G,
A43: イーズィピーズィーイングリッシ | B43: 16 | E43: 2 | I43: =I42+2 -> 91 | J43: {=IFERROR(IF(OR(COUNTIF(INDIRECT("数出表_Excel!"&P43&"3"),"*キャラ*"), COUNTIF(INDIRECT("数出表_Excel!"&P43&"3"),"*赤*")), IF(COUNTIF(A43,"*雙葉*"),INDIRECT("数出表_Excel!"&P43&"3"), INDIRECT("数出表_Excel!"&P43&"3") &" "&INDIRECT("数出表_Excel!"&P43&"4") &INDIRECT("数出表_Excel!"&P43&"5")), INDIRECT("数出表_Excel!"&P43&"3")),"")} -> キャラ弁当 飯あり120 | K43: {=IFERROR(IF(OR(COUNTIF(INDIRECT("数出表_Excel!"&Q43&"3"),"*キャラ*"), COUNTIF(INDIRECT("数出表_Excel!"&Q43&"3"),"*赤*")), INDIRECT("数出表_Excel!"&Q43&"3") &" "&INDIRECT("数出表_Excel!"&Q43&"4") &INDIRECT("数出表_Excel!"&Q43&"5"), INDIRECT("数出表_Excel!"&Q43&"3")),"")} | L43: {=IFERROR(IF(OR(COUNTIF(INDIRECT("数出表_Excel!"&R43&"3"),"*キャラ*"), COUNTIF(INDIRECT("数出表_Excel!"&R43&"3"),"*赤*")), INDIRECT("数出表_Excel!"&R43&"3") &" "&INDIRECT("数出表_Excel!"&R43&"4") &INDIRECT("数出表_Excel!"&R43&"5"), INDIRECT("数出表_Excel!"&R43&"3")),"")} | M43: {=IFERROR(IF(OR(COUNTIF(INDIRECT("数出表_Excel!"&S43&"3"),"*キャラ*"), COUNTIF(INDIRECT("数出表_Excel!"&S43&"3"),"*赤*")), INDIRECT("数出表_Excel!"&S43&"3") &" "&INDIRECT("数出表_Excel!"&S43&"4") &INDIRECT("数出表_Excel!"&S43&"5"), INDIRECT("数出表_Excel!"&S43&"3")),"")} -> キャラ弁当 飯あり120 | N43: {=IFERROR(IF(OR(COUNTIF(INDIRECT("数出表_Excel!"&T43&"3"),"*キャラ*"), COUNTIF(INDIRECT("数出表_Excel!"&T43&"3"),"*赤*")), INDIRECT("数出表_Excel!"&T43&"3") &" "&INDIRECT("数出表_Excel!"&T43&"4") &INDIRECT("数出表_Excel!"&T43&"5"), INDIRECT("数出表_Excel!"&T43&"3")),"")} | O43: {=IFERROR(IF(OR(COUNTIF(INDIRECT("数出表_Excel!"&U43&"3"),"*キャラ*"), COUNTIF(INDIRECT("数出表_Excel!"&U43&"3"),"*赤*")), INDIRECT("数出表_Excel!"&U43&"3") &" "&INDIRECT("数出表_Excel!"&U43&"4") &INDIRECT("数出表_Excel!"&U43&"5"), INDIRECT("数出表_Excel!"&U43&"3")),"")} | P43: =IFERROR( SUBSTITUTE(ADDRESS(1, IFERROR(COLUMN(INDEX(INDIRECT("数出表_Excel!B"&$I43-1&":T"&$I43-1&""),1,MATCH(TEXT(B43,0),INDIRECT("数出表_Excel!B"&$I43-1&":T"&$I43-1&""),0))),""),4),"1",""), "") -> D | Q43: =IFERROR( SUBSTITUTE(ADDRESS(1, IFERROR(COLUMN(INDEX(INDIRECT("数出表_Excel!B"&$I43-1&":T"&$I43-1&""),1,MATCH(TEXT(C43,0),INDIRECT("数出表_Excel!B"&$I43-1&":T"&$I43-1&""),0))),""),4),"1",""), "") | R43: =IFERROR( SUBSTITUTE(ADDRESS(1, IFERROR(COLUMN(INDEX(INDIRECT("数出表_Excel!B"&$I43-1&":T"&$I43-1&""),1,MATCH(TEXT(D43,0),INDIRECT("数出表_Excel!B"&$I43-1&":T"&$I43-1&""),0))),""),4),"1",""), "") | S43: =IFERROR( SUBSTITUTE(ADDRESS(1, IFERROR(COLUMN(INDEX(INDIRECT("数出表_Excel!B"&$I43&":T"&$I43&""),1,MATCH(TEXT(E43,0),INDIRECT("数出表_Excel!B"&$I43&":T"&$I43&""),0))),""),4),"1",""), "") -> D | T43: =IFERROR( SUBSTITUTE(ADDRESS(1, IFERROR(COLUMN(INDEX(INDIRECT("数出表_Excel!B"&$I43&":T"&$I43&""),1,MATCH(TEXT(F43,0),INDIRECT("数出表_Excel!B"&$I43&":T"&$I43&""),0))),""),4),"1",""), "") | U43: =IFERROR( SUBSTITUTE(ADDRESS(1, IFERROR(COLUMN(INDEX(INDIRECT("数出表_Excel!B"&$I43&":T"&$I43&""),1,MATCH(TEXT(G43,0),INDIRECT("数出表_Excel!B"&$I43&":T"&$I43&""),0))),""),4),"1",""), "") | V43: =TRIM(SUBSTITUTE( IF(COUNTIF(P43:U43,"A")>0,"A ","")& IF(COUNTIF(P43:U43,"B")>0,"B ","")& IF(COUNTIF(P43:U43,"C")>0,"C ","")& IF(COUNTIF(P43:U43,"D")>0,"D ","")& IF(COUNTIF(P43:U43,"E")>0,"E ","")& IF(COUNTIF(P43:U43,"F")>0,"F ","")& IF(COUNTIF(P43:U43,"G")>0,"G ","")& IF(COUNTIF(P43:U43,"H")>0,"H ","")& IF(COUNTIF(P43:U43,"I")>0,"I ","")& IF(COUNTIF(P43:U43,"J")>0,"J ","")& IF(COUNTIF(P43:U43,"K")>0,"K ","")& IF(COUNTIF(P43:U43,"L")>0,"L ","")& IF(COUNTIF(P43:U43,"M")>0,"M ","")& IF(COUNTIF(P43:U43,"N")>0,"N ","")& IF(COUNTIF(P43:U43,"O")>0,"O ","")& IF(COUNTIF(P43:U43,"P")>0,"P ","")& IF(COUNTIF(P43:U43,"Q")>0,"Q ","")& IF(COUNTIF(P43:U43,"R")>0,"R ","")& IF(COUNTIF(P43:U43,"S")>0,"S ","")& IF(COUNTIF(P43:U43,"T")>0,"T ","")& IF(COUNTIF(P43:U43,"U")>0,"U ","")& IF(COUNTIF(P43:U43,"V")>0,"V ","")& IF(COUNTIF(P43:U43,"W")>0,"W ","")& IF(COUNTIF(P43:U43,"X")>0,"X ","")& IF(COUNTIF(P43:U43,"Y")>0,"Y ","")& IF(COUNTIF(P43:U43,"Z")>0,"Z ","")," ",",")) -> D,
A44: 香蘭幼稚園 | B44: 278 | E44: 27 | I44: =I43+2 -> 93 | J44: {=IFERROR(IF(OR(COUNTIF(INDIRECT("数出表_Excel!"&P44&"3"),"*キャラ*"), COUNTIF(INDIRECT("数出表_Excel!"&P44&"3"),"*赤*")), IF(COUNTIF(A44,"*雙葉*"),INDIRECT("数出表_Excel!"&P44&"3"), INDIRECT("数出表_Excel!"&P44&"3") &" "&INDIRECT("数出表_Excel!"&P44&"4") &INDIRECT("数出表_Excel!"&P44&"5")), INDIRECT("数出表_Excel!"&P44&"3")),"")} -> 赤 飯なし | K44: {=IFERROR(IF(OR(COUNTIF(INDIRECT("数出表_Excel!"&Q44&"3"),"*キャラ*"), COUNTIF(INDIRECT("数出表_Excel!"&Q44&"3"),"*赤*")), INDIRECT("数出表_Excel!"&Q44&"3") &" "&INDIRECT("数出表_Excel!"&Q44&"4") &INDIRECT("数出表_Excel!"&Q44&"5"), INDIRECT("数出表_Excel!"&Q44&"3")),"")} | L44: {=IFERROR(IF(OR(COUNTIF(INDIRECT("数出表_Excel!"&R44&"3"),"*キャラ*"), COUNTIF(INDIRECT("数出表_Excel!"&R44&"3"),"*赤*")), INDIRECT("数出表_Excel!"&R44&"3") &" "&INDIRECT("数出表_Excel!"&R44&"4") &INDIRECT("数出表_Excel!"&R44&"5"), INDIRECT("数出表_Excel!"&R44&"3")),"")} | M44: {=IFERROR(IF(OR(COUNTIF(INDIRECT("数出表_Excel!"&S44&"3"),"*キャラ*"), COUNTIF(INDIRECT("数出表_Excel!"&S44&"3"),"*赤*")), INDIRECT("数出表_Excel!"&S44&"3") &" "&INDIRECT("数出表_Excel!"&S44&"4") &INDIRECT("数出表_Excel!"&S44&"5"), INDIRECT("数出表_Excel!"&S44&"3")),"")} -> 赤 飯なし | N44: {=IFERROR(IF(OR(COUNTIF(INDIRECT("数出表_Excel!"&T44&"3"),"*キャラ*"), COUNTIF(INDIRECT("数出表_Excel!"&T44&"3"),"*赤*")), INDIRECT("数出表_Excel!"&T44&"3") &" "&INDIRECT("数出表_Excel!"&T44&"4") &INDIRECT("数出表_Excel!"&T44&"5"), INDIRECT("数出表_Excel!"&T44&"3")),"")} | O44: {=IFERROR(IF(OR(COUNTIF(INDIRECT("数出表_Excel!"&U44&"3"),"*キャラ*"), COUNTIF(INDIRECT("数出表_Excel!"&U44&"3"),"*赤*")), INDIRECT("数出表_Excel!"&U44&"3") &" "&INDIRECT("数出表_Excel!"&U44&"4") &INDIRECT("数出表_Excel!"&U44&"5"), INDIRECT("数出表_Excel!"&U44&"3")),"")} | P44: =IFERROR( SUBSTITUTE(ADDRESS(1, IFERROR(COLUMN(INDEX(INDIRECT("数出表_Excel!B"&$I44-1&":T"&$I44-1&""),1,MATCH(TEXT(B44,0),INDIRECT("数出表_Excel!B"&$I44-1&":T"&$I44-1&""),0))),""),4),"1",""), "") -> K | Q44: =IFERROR( SUBSTITUTE(ADDRESS(1, IFERROR(COLUMN(INDEX(INDIRECT("数出表_Excel!B"&$I44-1&":T"&$I44-1&""),1,MATCH(TEXT(C44,0),INDIRECT("数出表_Excel!B"&$I44-1&":T"&$I44-1&""),0))),""),4),"1",""), "") | R44: =IFERROR( SUBSTITUTE(ADDRESS(1, IFERROR(COLUMN(INDEX(INDIRECT("数出表_Excel!B"&$I44-1&":T"&$I44-1&""),1,MATCH(TEXT(D44,0),INDIRECT("数出表_Excel!B"&$I44-1&":T"&$I44-1&""),0))),""),4),"1",""), "") | S44: =IFERROR( SUBSTITUTE(ADDRESS(1, IFERROR(COLUMN(INDEX(INDIRECT("数出表_Excel!B"&$I44&":T"&$I44&""),1,MATCH(TEXT(E44,0),INDIRECT("数出表_Excel!B"&$I44&":T"&$I44&""),0))),""),4),"1",""), "") -> K | T44: =IFERROR( SUBSTITUTE(ADDRESS(1, IFERROR(COLUMN(INDEX(INDIRECT("数出表_Excel!B"&$I44&":T"&$I44&""),1,MATCH(TEXT(F44,0),INDIRECT("数出表_Excel!B"&$I44&":T"&$I44&""),0))),""),4),"1",""), "") | U44: =IFERROR( SUBSTITUTE(ADDRESS(1, IFERROR(COLUMN(INDEX(INDIRECT("数出表_Excel!B"&$I44&":T"&$I44&""),1,MATCH(TEXT(G44,0),INDIRECT("数出表_Excel!B"&$I44&":T"&$I44&""),0))),""),4),"1",""), "") | V44: =TRIM(SUBSTITUTE( IF(COUNTIF(P44:U44,"A")>0,"A ","")& IF(COUNTIF(P44:U44,"B")>0,"B ","")& IF(COUNTIF(P44:U44,"C")>0,"C ","")& IF(COUNTIF(P44:U44,"D")>0,"D ","")& IF(COUNTIF(P44:U44,"E")>0,"E ","")& IF(COUNTIF(P44:U44,"F")>0,"F ","")& IF(COUNTIF(P44:U44,"G")>0,"G ","")& IF(COUNTIF(P44:U44,"H")>0,"H ","")& IF(COUNTIF(P44:U44,"I")>0,"I ","")& IF(COUNTIF(P44:U44,"J")>0,"J ","")& IF(COUNTIF(P44:U44,"K")>0,"K ","")& IF(COUNTIF(P44:U44,"L")>0,"L ","")& IF(COUNTIF(P44:U44,"M")>0,"M ","")& IF(COUNTIF(P44:U44,"N")>0,"N ","")& IF(COUNTIF(P44:U44,"O")>0,"O ","")& IF(COUNTIF(P44:U44,"P")>0,"P ","")& IF(COUNTIF(P44:U44,"Q")>0,"Q ","")& IF(COUNTIF(P44:U44,"R")>0,"R ","")& IF(COUNTIF(P44:U44,"S")>0,"S ","")& IF(COUNTIF(P44:U44,"T")>0,"T ","")& IF(COUNTIF(P44:U44,"U")>0,"U ","")& IF(COUNTIF(P44:U44,"V")>0,"V ","")& IF(COUNTIF(P44:U44,"W")>0,"W ","")& IF(COUNTIF(P44:U44,"X")>0,"X ","")& IF(COUNTIF(P44:U44,"Y")>0,"Y ","")& IF(COUNTIF(P44:U44,"Z")>0,"Z ","")," ",",")) -> K,
A45: 香蘭 つぼみ | B45: 9 | I45: =I44+2 -> 95 | J45: {=IFERROR(IF(OR(COUNTIF(INDIRECT("数出表_Excel!"&P45&"3"),"*キャラ*"), COUNTIF(INDIRECT("数出表_Excel!"&P45&"3"),"*赤*")), IF(COUNTIF(A45,"*雙葉*"),INDIRECT("数出表_Excel!"&P45&"3"), INDIRECT("数出表_Excel!"&P45&"3") &" "&INDIRECT("数出表_Excel!"&P45&"4") &INDIRECT("数出表_Excel!"&P45&"5")), INDIRECT("数出表_Excel!"&P45&"3")),"")} -> 赤 飯なし | K45: {=IFERROR(IF(OR(COUNTIF(INDIRECT("数出表_Excel!"&Q45&"3"),"*キャラ*"), COUNTIF(INDIRECT("数出表_Excel!"&Q45&"3"),"*赤*")), INDIRECT("数出表_Excel!"&Q45&"3") &" "&INDIRECT("数出表_Excel!"&Q45&"4") &INDIRECT("数出表_Excel!"&Q45&"5"), INDIRECT("数出表_Excel!"&Q45&"3")),"")} | L45: {=IFERROR(IF(OR(COUNTIF(INDIRECT("数出表_Excel!"&R45&"3"),"*キャラ*"), COUNTIF(INDIRECT("数出表_Excel!"&R45&"3"),"*赤*")), INDIRECT("数出表_Excel!"&R45&"3") &" "&INDIRECT("数出表_Excel!"&R45&"4") &INDIRECT("数出表_Excel!"&R45&"5"), INDIRECT("数出表_Excel!"&R45&"3")),"")} | M45: {=IFERROR(IF(OR(COUNTIF(INDIRECT("数出表_Excel!"&S45&"3"),"*キャラ*"), COUNTIF(INDIRECT("数出表_Excel!"&S45&"3"),"*赤*")), INDIRECT("数出表_Excel!"&S45&"3") &" "&INDIRECT("数出表_Excel!"&S45&"4") &INDIRECT("数出表_Excel!"&S45&"5"), INDIRECT("数出表_Excel!"&S45&"3")),"")} | N45: {=IFERROR(IF(OR(COUNTIF(INDIRECT("数出表_Excel!"&T45&"3"),"*キャラ*"), COUNTIF(INDIRECT("数出表_Excel!"&T45&"3"),"*赤*")), INDIRECT("数出表_Excel!"&T45&"3") &" "&INDIRECT("数出表_Excel!"&T45&"4") &INDIRECT("数出表_Excel!"&T45&"5"), INDIRECT("数出表_Excel!"&T45&"3")),"")} | O45: {=IFERROR(IF(OR(COUNTIF(INDIRECT("数出表_Excel!"&U45&"3"),"*キャラ*"), COUNTIF(INDIRECT("数出表_Excel!"&U45&"3"),"*赤*")), INDIRECT("数出表_Excel!"&U45&"3") &" "&INDIRECT("数出表_Excel!"&U45&"4") &INDIRECT("数出表_Excel!"&U45&"5"), INDIRECT("数出表_Excel!"&U45&"3")),"")} | P45: =IFERROR( SUBSTITUTE(ADDRESS(1, IFERROR(COLUMN(INDEX(INDIRECT("数出表_Excel!B"&$I45-1&":T"&$I45-1&""),1,MATCH(TEXT(B45,0),INDIRECT("数出表_Excel!B"&$I45-1&":T"&$I45-1&""),0))),""),4),"1",""), "") -> K | Q45: =IFERROR( SUBSTITUTE(ADDRESS(1, IFERROR(COLUMN(INDEX(INDIRECT("数出表_Excel!B"&$I45-1&":T"&$I45-1&""),1,MATCH(TEXT(C45,0),INDIRECT("数出表_Excel!B"&$I45-1&":T"&$I45-1&""),0))),""),4),"1",""), "") | R45: =IFERROR( SUBSTITUTE(ADDRESS(1, IFERROR(COLUMN(INDEX(INDIRECT("数出表_Excel!B"&$I45-1&":T"&$I45-1&""),1,MATCH(TEXT(D45,0),INDIRECT("数出表_Excel!B"&$I45-1&":T"&$I45-1&""),0))),""),4),"1",""), "") | S45: =IFERROR( SUBSTITUTE(ADDRESS(1, IFERROR(COLUMN(INDEX(INDIRECT("数出表_Excel!B"&$I45&":T"&$I45&""),1,MATCH(TEXT(E45,0),INDIRECT("数出表_Excel!B"&$I45&":T"&$I45&""),0))),""),4),"1",""), "") | T45: =IFERROR( SUBSTITUTE(ADDRESS(1, IFERROR(COLUMN(INDEX(INDIRECT("数出表_Excel!B"&$I45&":T"&$I45&""),1,MATCH(TEXT(F45,0),INDIRECT("数出表_Excel!B"&$I45&":T"&$I45&""),0))),""),4),"1",""), "") | U45: =IFERROR( SUBSTITUTE(ADDRESS(1, IFERROR(COLUMN(INDEX(INDIRECT("数出表_Excel!B"&$I45&":T"&$I45&""),1,MATCH(TEXT(G45,0),INDIRECT("数出表_Excel!B"&$I45&":T"&$I45&""),0))),""),4),"1",""), "") | V45: =TRIM(SUBSTITUTE( IF(COUNTIF(P45:U45,"A")>0,"A ","")& IF(COUNTIF(P45:U45,"B")>0,"B ","")& IF(COUNTIF(P45:U45,"C")>0,"C ","")& IF(COUNTIF(P45:U45,"D")>0,"D ","")& IF(COUNTIF(P45:U45,"E")>0,"E ","")& IF(COUNTIF(P45:U45,"F")>0,"F ","")& IF(COUNTIF(P45:U45,"G")>0,"G ","")& IF(COUNTIF(P45:U45,"H")>0,"H ","")& IF(COUNTIF(P45:U45,"I")>0,"I ","")& IF(COUNTIF(P45:U45,"J")>0,"J ","")& IF(COUNTIF(P45:U45,"K")>0,"K ","")& IF(COUNTIF(P45:U45,"L")>0,"L ","")& IF(COUNTIF(P45:U45,"M")>0,"M ","")& IF(COUNTIF(P45:U45,"N")>0,"N ","")& IF(COUNTIF(P45:U45,"O")>0,"O ","")& IF(COUNTIF(P45:U45,"P")>0,"P ","")& IF(COUNTIF(P45:U45,"Q")>0,"Q ","")& IF(COUNTIF(P45:U45,"R")>0,"R ","")& IF(COUNTIF(P45:U45,"S")>0,"S ","")& IF(COUNTIF(P45:U45,"T")>0,"T ","")& IF(COUNTIF(P45:U45,"U")>0,"U ","")& IF(COUNTIF(P45:U45,"V")>0,"V ","")& IF(COUNTIF(P45:U45,"W")>0,"W ","")& IF(COUNTIF(P45:U45,"X")>0,"X ","")& IF(COUNTIF(P45:U45,"Y")>0,"Y ","")& IF(COUNTIF(P45:U45,"Z")>0,"Z ","")," ",",")) -> K,
A46: 大濠キンダーガーテン web | B46: 10 | E46: 2 | I46: =I45+2 -> 97 | J46: {=IFERROR(IF(OR(COUNTIF(INDIRECT("数出表_Excel!"&P46&"3"),"*キャラ*"), COUNTIF(INDIRECT("数出表_Excel!"&P46&"3"),"*赤*")), IF(COUNTIF(A46,"*雙葉*"),INDIRECT("数出表_Excel!"&P46&"3"), INDIRECT("数出表_Excel!"&P46&"3") &" "&INDIRECT("数出表_Excel!"&P46&"4") &INDIRECT("数出表_Excel!"&P46&"5")), INDIRECT("数出表_Excel!"&P46&"3")),"")} -> 赤 飯あり120 | K46: {=IFERROR(IF(OR(COUNTIF(INDIRECT("数出表_Excel!"&Q46&"3"),"*キャラ*"), COUNTIF(INDIRECT("数出表_Excel!"&Q46&"3"),"*赤*")), INDIRECT("数出表_Excel!"&Q46&"3") &" "&INDIRECT("数出表_Excel!"&Q46&"4") &INDIRECT("数出表_Excel!"&Q46&"5"), INDIRECT("数出表_Excel!"&Q46&"3")),"")} | L46: {=IFERROR(IF(OR(COUNTIF(INDIRECT("数出表_Excel!"&R46&"3"),"*キャラ*"), COUNTIF(INDIRECT("数出表_Excel!"&R46&"3"),"*赤*")), INDIRECT("数出表_Excel!"&R46&"3") &" "&INDIRECT("数出表_Excel!"&R46&"4") &INDIRECT("数出表_Excel!"&R46&"5"), INDIRECT("数出表_Excel!"&R46&"3")),"")} | M46: {=IFERROR(IF(OR(COUNTIF(INDIRECT("数出表_Excel!"&S46&"3"),"*キャラ*"), COUNTIF(INDIRECT("数出表_Excel!"&S46&"3"),"*赤*")), INDIRECT("数出表_Excel!"&S46&"3") &" "&INDIRECT("数出表_Excel!"&S46&"4") &INDIRECT("数出表_Excel!"&S46&"5"), INDIRECT("数出表_Excel!"&S46&"3")),"")} -> 赤 飯あり120 | N46: {=IFERROR(IF(OR(COUNTIF(INDIRECT("数出表_Excel!"&T46&"3"),"*キャラ*"), COUNTIF(INDIRECT("数出表_Excel!"&T46&"3"),"*赤*")), INDIRECT("数出表_Excel!"&T46&"3") &" "&INDIRECT("数出表_Excel!"&T46&"4") &INDIRECT("数出表_Excel!"&T46&"5"), INDIRECT("数出表_Excel!"&T46&"3")),"")} | O46: {=IFERROR(IF(OR(COUNTIF(INDIRECT("数出表_Excel!"&U46&"3"),"*キャラ*"), COUNTIF(INDIRECT("数出表_Excel!"&U46&"3"),"*赤*")), INDIRECT("数出表_Excel!"&U46&"3") &" "&INDIRECT("数出表_Excel!"&U46&"4") &INDIRECT("数出表_Excel!"&U46&"5"), INDIRECT("数出表_Excel!"&U46&"3")),"")} | P46: =IFERROR( SUBSTITUTE(ADDRESS(1, IFERROR(COLUMN(INDEX(INDIRECT("数出表_Excel!B"&$I46-1&":T"&$I46-1&""),1,MATCH(TEXT(B46,0),INDIRECT("数出表_Excel!B"&$I46-1&":T"&$I46-1&""),0))),""),4),"1",""), "") -> G | Q46: =IFERROR( SUBSTITUTE(ADDRESS(1, IFERROR(COLUMN(INDEX(INDIRECT("数出表_Excel!B"&$I46-1&":T"&$I46-1&""),1,MATCH(TEXT(C46,0),INDIRECT("数出表_Excel!B"&$I46-1&":T"&$I46-1&""),0))),""),4),"1",""), "") | R46: =IFERROR( SUBSTITUTE(ADDRESS(1, IFERROR(COLUMN(INDEX(INDIRECT("数出表_Excel!B"&$I46-1&":T"&$I46-1&""),1,MATCH(TEXT(D46,0),INDIRECT("数出表_Excel!B"&$I46-1&":T"&$I46-1&""),0))),""),4),"1",""), "") | S46: =IFERROR( SUBSTITUTE(ADDRESS(1, IFERROR(COLUMN(INDEX(INDIRECT("数出表_Excel!B"&$I46&":T"&$I46&""),1,MATCH(TEXT(E46,0),INDIRECT("数出表_Excel!B"&$I46&":T"&$I46&""),0))),""),4),"1",""), "") -> G | T46: =IFERROR( SUBSTITUTE(ADDRESS(1, IFERROR(COLUMN(INDEX(INDIRECT("数出表_Excel!B"&$I46&":T"&$I46&""),1,MATCH(TEXT(F46,0),INDIRECT("数出表_Excel!B"&$I46&":T"&$I46&""),0))),""),4),"1",""), "") | U46: =IFERROR( SUBSTITUTE(ADDRESS(1, IFERROR(COLUMN(INDEX(INDIRECT("数出表_Excel!B"&$I46&":T"&$I46&""),1,MATCH(TEXT(G46,0),INDIRECT("数出表_Excel!B"&$I46&":T"&$I46&""),0))),""),4),"1",""), "") | V46: =TRIM(SUBSTITUTE( IF(COUNTIF(P46:U46,"A")>0,"A ","")& IF(COUNTIF(P46:U46,"B")>0,"B ","")& IF(COUNTIF(P46:U46,"C")>0,"C ","")& IF(COUNTIF(P46:U46,"D")>0,"D ","")& IF(COUNTIF(P46:U46,"E")>0,"E ","")& IF(COUNTIF(P46:U46,"F")>0,"F ","")& IF(COUNTIF(P46:U46,"G")>0,"G ","")& IF(COUNTIF(P46:U46,"H")>0,"H ","")& IF(COUNTIF(P46:U46,"I")>0,"I ","")& IF(COUNTIF(P46:U46,"J")>0,"J ","")& IF(COUNTIF(P46:U46,"K")>0,"K ","")& IF(COUNTIF(P46:U46,"L")>0,"L ","")& IF(COUNTIF(P46:U46,"M")>0,"M ","")& IF(COUNTIF(P46:U46,"N")>0,"N ","")& IF(COUNTIF(P46:U46,"O")>0,"O ","")& IF(COUNTIF(P46:U46,"P")>0,"P ","")& IF(COUNTIF(P46:U46,"Q")>0,"Q ","")& IF(COUNTIF(P46:U46,"R")>0,"R ","")& IF(COUNTIF(P46:U46,"S")>0,"S ","")& IF(COUNTIF(P46:U46,"T")>0,"T ","")& IF(COUNTIF(P46:U46,"U")>0,"U ","")& IF(COUNTIF(P46:U46,"V")>0,"V ","")& IF(COUNTIF(P46:U46,"W")>0,"W ","")& IF(COUNTIF(P46:U46,"X")>0,"X ","")& IF(COUNTIF(P46:U46,"Y")>0,"Y ","")& IF(COUNTIF(P46:U46,"Z")>0,"Z ","")," ",",")) -> G,
A47: イングリッシュスク―ル | B47: 12 | E47: 2 | I47: =I46+2 -> 99 | J47: {=IFERROR(IF(OR(COUNTIF(INDIRECT("数出表_Excel!"&P47&"3"),"*キャラ*"), COUNTIF(INDIRECT("数出表_Excel!"&P47&"3"),"*赤*")), IF(COUNTIF(A47,"*雙葉*"),INDIRECT("数出表_Excel!"&P47&"3"), INDIRECT("数出表_Excel!"&P47&"3") &" "&INDIRECT("数出表_Excel!"&P47&"4") &INDIRECT("数出表_Excel!"&P47&"5")), INDIRECT("数出表_Excel!"&P47&"3")),"")} -> 赤 飯あり120 | K47: {=IFERROR(IF(OR(COUNTIF(INDIRECT("数出表_Excel!"&Q47&"3"),"*キャラ*"), COUNTIF(INDIRECT("数出表_Excel!"&Q47&"3"),"*赤*")), INDIRECT("数出表_Excel!"&Q47&"3") &" "&INDIRECT("数出表_Excel!"&Q47&"4") &INDIRECT("数出表_Excel!"&Q47&"5"), INDIRECT("数出表_Excel!"&Q47&"3")),"")} | L47: {=IFERROR(IF(OR(COUNTIF(INDIRECT("数出表_Excel!"&R47&"3"),"*キャラ*"), COUNTIF(INDIRECT("数出表_Excel!"&R47&"3"),"*赤*")), INDIRECT("数出表_Excel!"&R47&"3") &" "&INDIRECT("数出表_Excel!"&R47&"4") &INDIRECT("数出表_Excel!"&R47&"5"), INDIRECT("数出表_Excel!"&R47&"3")),"")} | M47: {=IFERROR(IF(OR(COUNTIF(INDIRECT("数出表_Excel!"&S47&"3"),"*キャラ*"), COUNTIF(INDIRECT("数出表_Excel!"&S47&"3"),"*赤*")), INDIRECT("数出表_Excel!"&S47&"3") &" "&INDIRECT("数出表_Excel!"&S47&"4") &INDIRECT("数出表_Excel!"&S47&"5"), INDIRECT("数出表_Excel!"&S47&"3")),"")} -> 赤 飯あり120 | N47: {=IFERROR(IF(OR(COUNTIF(INDIRECT("数出表_Excel!"&T47&"3"),"*キャラ*"), COUNTIF(INDIRECT("数出表_Excel!"&T47&"3"),"*赤*")), INDIRECT("数出表_Excel!"&T47&"3") &" "&INDIRECT("数出表_Excel!"&T47&"4") &INDIRECT("数出表_Excel!"&T47&"5"), INDIRECT("数出表_Excel!"&T47&"3")),"")} | O47: {=IFERROR(IF(OR(COUNTIF(INDIRECT("数出表_Excel!"&U47&"3"),"*キャラ*"), COUNTIF(INDIRECT("数出表_Excel!"&U47&"3"),"*赤*")), INDIRECT("数出表_Excel!"&U47&"3") &" "&INDIRECT("数出表_Excel!"&U47&"4") &INDIRECT("数出表_Excel!"&U47&"5"), INDIRECT("数出表_Excel!"&U47&"3")),"")} | P47: =IFERROR( SUBSTITUTE(ADDRESS(1, IFERROR(COLUMN(INDEX(INDIRECT("数出表_Excel!B"&$I47-1&":T"&$I47-1&""),1,MATCH(TEXT(B47,0),INDIRECT("数出表_Excel!B"&$I47-1&":T"&$I47-1&""),0))),""),4),"1",""), "") -> G | Q47: =IFERROR( SUBSTITUTE(ADDRESS(1, IFERROR(COLUMN(INDEX(INDIRECT("数出表_Excel!B"&$I47-1&":T"&$I47-1&""),1,MATCH(TEXT(C47,0),INDIRECT("数出表_Excel!B"&$I47-1&":T"&$I47-1&""),0))),""),4),"1",""), "") | R47: =IFERROR( SUBSTITUTE(ADDRESS(1, IFERROR(COLUMN(INDEX(INDIRECT("数出表_Excel!B"&$I47-1&":T"&$I47-1&""),1,MATCH(TEXT(D47,0),INDIRECT("数出表_Excel!B"&$I47-1&":T"&$I47-1&""),0))),""),4),"1",""), "") | S47: =IFERROR( SUBSTITUTE(ADDRESS(1, IFERROR(COLUMN(INDEX(INDIRECT("数出表_Excel!B"&$I47&":T"&$I47&""),1,MATCH(TEXT(E47,0),INDIRECT("数出表_Excel!B"&$I47&":T"&$I47&""),0))),""),4),"1",""), "") -> G | T47: =IFERROR( SUBSTITUTE(ADDRESS(1, IFERROR(COLUMN(INDEX(INDIRECT("数出表_Excel!B"&$I47&":T"&$I47&""),1,MATCH(TEXT(F47,0),INDIRECT("数出表_Excel!B"&$I47&":T"&$I47&""),0))),""),4),"1",""), "") | U47: =IFERROR( SUBSTITUTE(ADDRESS(1, IFERROR(COLUMN(INDEX(INDIRECT("数出表_Excel!B"&$I47&":T"&$I47&""),1,MATCH(TEXT(G47,0),INDIRECT("数出表_Excel!B"&$I47&":T"&$I47&""),0))),""),4),"1",""), "") | V47: =TRIM(SUBSTITUTE( IF(COUNTIF(P47:U47,"A")>0,"A ","")& IF(COUNTIF(P47:U47,"B")>0,"B ","")& IF(COUNTIF(P47:U47,"C")>0,"C ","")& IF(COUNTIF(P47:U47,"D")>0,"D ","")& IF(COUNTIF(P47:U47,"E")>0,"E ","")& IF(COUNTIF(P47:U47,"F")>0,"F ","")& IF(COUNTIF(P47:U47,"G")>0,"G ","")& IF(COUNTIF(P47:U47,"H")>0,"H ","")& IF(COUNTIF(P47:U47,"I")>0,"I ","")& IF(COUNTIF(P47:U47,"J")>0,"J ","")& IF(COUNTIF(P47:U47,"K")>0,"K ","")& IF(COUNTIF(P47:U47,"L")>0,"L ","")& IF(COUNTIF(P47:U47,"M")>0,"M ","")& IF(COUNTIF(P47:U47,"N")>0,"N ","")& IF(COUNTIF(P47:U47,"O")>0,"O ","")& IF(COUNTIF(P47:U47,"P")>0,"P ","")& IF(COUNTIF(P47:U47,"Q")>0,"Q ","")& IF(COUNTIF(P47:U47,"R")>0,"R ","")& IF(COUNTIF(P47:U47,"S")>0,"S ","")& IF(COUNTIF(P47:U47,"T")>0,"T ","")& IF(COUNTIF(P47:U47,"U")>0,"U ","")& IF(COUNTIF(P47:U47,"V")>0,"V ","")& IF(COUNTIF(P47:U47,"W")>0,"W ","")& IF(COUNTIF(P47:U47,"X")>0,"X ","")& IF(COUNTIF(P47:U47,"Y")>0,"Y ","")& IF(COUNTIF(P47:U47,"Z")>0,"Z ","")," ",",")) -> G,
A48: アメリカンチャターボックス | B48: 12 | I48: =I47+2 -> 101 | J48: {=IFERROR(IF(OR(COUNTIF(INDIRECT("数出表_Excel!"&P48&"3"),"*キャラ*"), COUNTIF(INDIRECT("数出表_Excel!"&P48&"3"),"*赤*")), IF(COUNTIF(A48,"*雙葉*"),INDIRECT("数出表_Excel!"&P48&"3"), INDIRECT("数出表_Excel!"&P48&"3") &" "&INDIRECT("数出表_Excel!"&P48&"4") &INDIRECT("数出表_Excel!"&P48&"5")), INDIRECT("数出表_Excel!"&P48&"3")),"")} -> 赤 飯あり120 | K48: {=IFERROR(IF(OR(COUNTIF(INDIRECT("数出表_Excel!"&Q48&"3"),"*キャラ*"), COUNTIF(INDIRECT("数出表_Excel!"&Q48&"3"),"*赤*")), INDIRECT("数出表_Excel!"&Q48&"3") &" "&INDIRECT("数出表_Excel!"&Q48&"4") &INDIRECT("数出表_Excel!"&Q48&"5"), INDIRECT("数出表_Excel!"&Q48&"3")),"")} | L48: {=IFERROR(IF(OR(COUNTIF(INDIRECT("数出表_Excel!"&R48&"3"),"*キャラ*"), COUNTIF(INDIRECT("数出表_Excel!"&R48&"3"),"*赤*")), INDIRECT("数出表_Excel!"&R48&"3") &" "&INDIRECT("数出表_Excel!"&R48&"4") &INDIRECT("数出表_Excel!"&R48&"5"), INDIRECT("数出表_Excel!"&R48&"3")),"")} | M48: {=IFERROR(IF(OR(COUNTIF(INDIRECT("数出表_Excel!"&S48&"3"),"*キャラ*"), COUNTIF(INDIRECT("数出表_Excel!"&S48&"3"),"*赤*")), INDIRECT("数出表_Excel!"&S48&"3") &" "&INDIRECT("数出表_Excel!"&S48&"4") &INDIRECT("数出表_Excel!"&S48&"5"), INDIRECT("数出表_Excel!"&S48&"3")),"")} | N48: {=IFERROR(IF(OR(COUNTIF(INDIRECT("数出表_Excel!"&T48&"3"),"*キャラ*"), COUNTIF(INDIRECT("数出表_Excel!"&T48&"3"),"*赤*")), INDIRECT("数出表_Excel!"&T48&"3") &" "&INDIRECT("数出表_Excel!"&T48&"4") &INDIRECT("数出表_Excel!"&T48&"5"), INDIRECT("数出表_Excel!"&T48&"3")),"")} | O48: {=IFERROR(IF(OR(COUNTIF(INDIRECT("数出表_Excel!"&U48&"3"),"*キャラ*"), COUNTIF(INDIRECT("数出表_Excel!"&U48&"3"),"*赤*")), INDIRECT("数出表_Excel!"&U48&"3") &" "&INDIRECT("数出表_Excel!"&U48&"4") &INDIRECT("数出表_Excel!"&U48&"5"), INDIRECT("数出表_Excel!"&U48&"3")),"")} | P48: =IFERROR( SUBSTITUTE(ADDRESS(1, IFERROR(COLUMN(INDEX(INDIRECT("数出表_Excel!B"&$I48-1&":T"&$I48-1&""),1,MATCH(TEXT(B48,0),INDIRECT("数出表_Excel!B"&$I48-1&":T"&$I48-1&""),0))),""),4),"1",""), "") -> G | Q48: =IFERROR( SUBSTITUTE(ADDRESS(1, IFERROR(COLUMN(INDEX(INDIRECT("数出表_Excel!B"&$I48-1&":T"&$I48-1&""),1,MATCH(TEXT(C48,0),INDIRECT("数出表_Excel!B"&$I48-1&":T"&$I48-1&""),0))),""),4),"1",""), "") | R48: =IFERROR( SUBSTITUTE(ADDRESS(1, IFERROR(COLUMN(INDEX(INDIRECT("数出表_Excel!B"&$I48-1&":T"&$I48-1&""),1,MATCH(TEXT(D48,0),INDIRECT("数出表_Excel!B"&$I48-1&":T"&$I48-1&""),0))),""),4),"1",""), "") | S48: =IFERROR( SUBSTITUTE(ADDRESS(1, IFERROR(COLUMN(INDEX(INDIRECT("数出表_Excel!B"&$I48&":T"&$I48&""),1,MATCH(TEXT(E48,0),INDIRECT("数出表_Excel!B"&$I48&":T"&$I48&""),0))),""),4),"1",""), "") | T48: =IFERROR( SUBSTITUTE(ADDRESS(1, IFERROR(COLUMN(INDEX(INDIRECT("数出表_Excel!B"&$I48&":T"&$I48&""),1,MATCH(TEXT(F48,0),INDIRECT("数出表_Excel!B"&$I48&":T"&$I48&""),0))),""),4),"1",""), "") | U48: =IFERROR( SUBSTITUTE(ADDRESS(1, IFERROR(COLUMN(INDEX(INDIRECT("数出表_Excel!B"&$I48&":T"&$I48&""),1,MATCH(TEXT(G48,0),INDIRECT("数出表_Excel!B"&$I48&":T"&$I48&""),0))),""),4),"1",""), "") | V48: =TRIM(SUBSTITUTE( IF(COUNTIF(P48:U48,"A")>0,"A ","")& IF(COUNTIF(P48:U48,"B")>0,"B ","")& IF(COUNTIF(P48:U48,"C")>0,"C ","")& IF(COUNTIF(P48:U48,"D")>0,"D ","")& IF(COUNTIF(P48:U48,"E")>0,"E ","")& IF(COUNTIF(P48:U48,"F")>0,"F ","")& IF(COUNTIF(P48:U48,"G")>0,"G ","")& IF(COUNTIF(P48:U48,"H")>0,"H ","")& IF(COUNTIF(P48:U48,"I")>0,"I ","")& IF(COUNTIF(P48:U48,"J")>0,"J ","")& IF(COUNTIF(P48:U48,"K")>0,"K ","")& IF(COUNTIF(P48:U48,"L")>0,"L ","")& IF(COUNTIF(P48:U48,"M")>0,"M ","")& IF(COUNTIF(P48:U48,"N")>0,"N ","")& IF(COUNTIF(P48:U48,"O")>0,"O ","")& IF(COUNTIF(P48:U48,"P")>0,"P ","")& IF(COUNTIF(P48:U48,"Q")>0,"Q ","")& IF(COUNTIF(P48:U48,"R")>0,"R ","")& IF(COUNTIF(P48:U48,"S")>0,"S ","")& IF(COUNTIF(P48:U48,"T")>0,"T ","")& IF(COUNTIF(P48:U48,"U")>0,"U ","")& IF(COUNTIF(P48:U48,"V")>0,"V ","")& IF(COUNTIF(P48:U48,"W")>0,"W ","")& IF(COUNTIF(P48:U48,"X")>0,"X ","")& IF(COUNTIF(P48:U48,"Y")>0,"Y ","")& IF(COUNTIF(P48:U48,"Z")>0,"Z ","")," ",",")) -> G,
A49: コーナーズインターナショナル | B49: 22 | I49: =I48+2 -> 103 | J49: {=IFERROR(IF(OR(COUNTIF(INDIRECT("数出表_Excel!"&P49&"3"),"*キャラ*"), COUNTIF(INDIRECT("数出表_Excel!"&P49&"3"),"*赤*")), IF(COUNTIF(A49,"*雙葉*"),INDIRECT("数出表_Excel!"&P49&"3"), INDIRECT("数出表_Excel!"&P49&"3") &" "&INDIRECT("数出表_Excel!"&P49&"4") &INDIRECT("数出表_Excel!"&P49&"5")), INDIRECT("数出表_Excel!"&P49&"3")),"")} -> 赤 飯あり120 | K49: {=IFERROR(IF(OR(COUNTIF(INDIRECT("数出表_Excel!"&Q49&"3"),"*キャラ*"), COUNTIF(INDIRECT("数出表_Excel!"&Q49&"3"),"*赤*")), INDIRECT("数出表_Excel!"&Q49&"3") &" "&INDIRECT("数出表_Excel!"&Q49&"4") &INDIRECT("数出表_Excel!"&Q49&"5"), INDIRECT("数出表_Excel!"&Q49&"3")),"")} | L49: {=IFERROR(IF(OR(COUNTIF(INDIRECT("数出表_Excel!"&R49&"3"),"*キャラ*"), COUNTIF(INDIRECT("数出表_Excel!"&R49&"3"),"*赤*")), INDIRECT("数出表_Excel!"&R49&"3") &" "&INDIRECT("数出表_Excel!"&R49&"4") &INDIRECT("数出表_Excel!"&R49&"5"), INDIRECT("数出表_Excel!"&R49&"3")),"")} | M49: {=IFERROR(IF(OR(COUNTIF(INDIRECT("数出表_Excel!"&S49&"3"),"*キャラ*"), COUNTIF(INDIRECT("数出表_Excel!"&S49&"3"),"*赤*")), INDIRECT("数出表_Excel!"&S49&"3") &" "&INDIRECT("数出表_Excel!"&S49&"4") &INDIRECT("数出表_Excel!"&S49&"5"), INDIRECT("数出表_Excel!"&S49&"3")),"")} | N49: {=IFERROR(IF(OR(COUNTIF(INDIRECT("数出表_Excel!"&T49&"3"),"*キャラ*"), COUNTIF(INDIRECT("数出表_Excel!"&T49&"3"),"*赤*")), INDIRECT("数出表_Excel!"&T49&"3") &" "&INDIRECT("数出表_Excel!"&T49&"4") &INDIRECT("数出表_Excel!"&T49&"5"), INDIRECT("数出表_Excel!"&T49&"3")),"")} | O49: {=IFERROR(IF(OR(COUNTIF(INDIRECT("数出表_Excel!"&U49&"3"),"*キャラ*"), COUNTIF(INDIRECT("数出表_Excel!"&U49&"3"),"*赤*")), INDIRECT("数出表_Excel!"&U49&"3") &" "&INDIRECT("数出表_Excel!"&U49&"4") &INDIRECT("数出表_Excel!"&U49&"5"), INDIRECT("数出表_Excel!"&U49&"3")),"")} | P49: =IFERROR( SUBSTITUTE(ADDRESS(1, IFERROR(COLUMN(INDEX(INDIRECT("数出表_Excel!B"&$I49-1&":T"&$I49-1&""),1,MATCH(TEXT(B49,0),INDIRECT("数出表_Excel!B"&$I49-1&":T"&$I49-1&""),0))),""),4),"1",""), "") -> G | Q49: =IFERROR( SUBSTITUTE(ADDRESS(1, IFERROR(COLUMN(INDEX(INDIRECT("数出表_Excel!B"&$I49-1&":T"&$I49-1&""),1,MATCH(TEXT(C49,0),INDIRECT("数出表_Excel!B"&$I49-1&":T"&$I49-1&""),0))),""),4),"1",""), "") | R49: =IFERROR( SUBSTITUTE(ADDRESS(1, IFERROR(COLUMN(INDEX(INDIRECT("数出表_Excel!B"&$I49-1&":T"&$I49-1&""),1,MATCH(TEXT(D49,0),INDIRECT("数出表_Excel!B"&$I49-1&":T"&$I49-1&""),0))),""),4),"1",""), "") | S49: =IFERROR( SUBSTITUTE(ADDRESS(1, IFERROR(COLUMN(INDEX(INDIRECT("数出表_Excel!B"&$I49&":T"&$I49&""),1,MATCH(TEXT(E49,0),INDIRECT("数出表_Excel!B"&$I49&":T"&$I49&""),0))),""),4),"1",""), "") | T49: =IFERROR( SUBSTITUTE(ADDRESS(1, IFERROR(COLUMN(INDEX(INDIRECT("数出表_Excel!B"&$I49&":T"&$I49&""),1,MATCH(TEXT(F49,0),INDIRECT("数出表_Excel!B"&$I49&":T"&$I49&""),0))),""),4),"1",""), "") | U49: =IFERROR( SUBSTITUTE(ADDRESS(1, IFERROR(COLUMN(INDEX(INDIRECT("数出表_Excel!B"&$I49&":T"&$I49&""),1,MATCH(TEXT(G49,0),INDIRECT("数出表_Excel!B"&$I49&":T"&$I49&""),0))),""),4),"1",""), "") | V49: =TRIM(SUBSTITUTE( IF(COUNTIF(P49:U49,"A")>0,"A ","")& IF(COUNTIF(P49:U49,"B")>0,"B ","")& IF(COUNTIF(P49:U49,"C")>0,"C ","")& IF(COUNTIF(P49:U49,"D")>0,"D ","")& IF(COUNTIF(P49:U49,"E")>0,"E ","")& IF(COUNTIF(P49:U49,"F")>0,"F ","")& IF(COUNTIF(P49:U49,"G")>0,"G ","")& IF(COUNTIF(P49:U49,"H")>0,"H ","")& IF(COUNTIF(P49:U49,"I")>0,"I ","")& IF(COUNTIF(P49:U49,"J")>0,"J ","")& IF(COUNTIF(P49:U49,"K")>0,"K ","")& IF(COUNTIF(P49:U49,"L")>0,"L ","")& IF(COUNTIF(P49:U49,"M")>0,"M ","")& IF(COUNTIF(P49:U49,"N")>0,"N ","")& IF(COUNTIF(P49:U49,"O")>0,"O ","")& IF(COUNTIF(P49:U49,"P")>0,"P ","")& IF(COUNTIF(P49:U49,"Q")>0,"Q ","")& IF(COUNTIF(P49:U49,"R")>0,"R ","")& IF(COUNTIF(P49:U49,"S")>0,"S ","")& IF(COUNTIF(P49:U49,"T")>0,"T ","")& IF(COUNTIF(P49:U49,"U")>0,"U ","")& IF(COUNTIF(P49:U49,"V")>0,"V ","")& IF(COUNTIF(P49:U49,"W")>0,"W ","")& IF(COUNTIF(P49:U49,"X")>0,"X ","")& IF(COUNTIF(P49:U49,"Y")>0,"Y ","")& IF(COUNTIF(P49:U49,"Z")>0,"Z ","")," ",",")) -> G,
A50: バディ筑紫野校 web | B50: 9 | I50: =I49+2 -> 105 | J50: {=IFERROR(IF(OR(COUNTIF(INDIRECT("数出表_Excel!"&P50&"3"),"*キャラ*"), COUNTIF(INDIRECT("数出表_Excel!"&P50&"3"),"*赤*")), IF(COUNTIF(A50,"*雙葉*"),INDIRECT("数出表_Excel!"&P50&"3"), INDIRECT("数出表_Excel!"&P50&"3") &" "&INDIRECT("数出表_Excel!"&P50&"4") &INDIRECT("数出表_Excel!"&P50&"5")), INDIRECT("数出表_Excel!"&P50&"3")),"")} -> 赤 飯あり120 | K50: {=IFERROR(IF(OR(COUNTIF(INDIRECT("数出表_Excel!"&Q50&"3"),"*キャラ*"), COUNTIF(INDIRECT("数出表_Excel!"&Q50&"3"),"*赤*")), INDIRECT("数出表_Excel!"&Q50&"3") &" "&INDIRECT("数出表_Excel!"&Q50&"4") &INDIRECT("数出表_Excel!"&Q50&"5"), INDIRECT("数出表_Excel!"&Q50&"3")),"")} | L50: {=IFERROR(IF(OR(COUNTIF(INDIRECT("数出表_Excel!"&R50&"3"),"*キャラ*"), COUNTIF(INDIRECT("数出表_Excel!"&R50&"3"),"*赤*")), INDIRECT("数出表_Excel!"&R50&"3") &" "&INDIRECT("数出表_Excel!"&R50&"4") &INDIRECT("数出表_Excel!"&R50&"5"), INDIRECT("数出表_Excel!"&R50&"3")),"")} | M50: {=IFERROR(IF(OR(COUNTIF(INDIRECT("数出表_Excel!"&S50&"3"),"*キャラ*"), COUNTIF(INDIRECT("数出表_Excel!"&S50&"3"),"*赤*")), INDIRECT("数出表_Excel!"&S50&"3") &" "&INDIRECT("数出表_Excel!"&S50&"4") &INDIRECT("数出表_Excel!"&S50&"5"), INDIRECT("数出表_Excel!"&S50&"3")),"")} | N50: {=IFERROR(IF(OR(COUNTIF(INDIRECT("数出表_Excel!"&T50&"3"),"*キャラ*"), COUNTIF(INDIRECT("数出表_Excel!"&T50&"3"),"*赤*")), INDIRECT("数出表_Excel!"&T50&"3") &" "&INDIRECT("数出表_Excel!"&T50&"4") &INDIRECT("数出表_Excel!"&T50&"5"), INDIRECT("数出表_Excel!"&T50&"3")),"")} | O50: {=IFERROR(IF(OR(COUNTIF(INDIRECT("数出表_Excel!"&U50&"3"),"*キャラ*"), COUNTIF(INDIRECT("数出表_Excel!"&U50&"3"),"*赤*")), INDIRECT("数出表_Excel!"&U50&"3") &" "&INDIRECT("数出表_Excel!"&U50&"4") &INDIRECT("数出表_Excel!"&U50&"5"), INDIRECT("数出表_Excel!"&U50&"3")),"")} | P50: =IFERROR( SUBSTITUTE(ADDRESS(1, IFERROR(COLUMN(INDEX(INDIRECT("数出表_Excel!B"&$I50-1&":T"&$I50-1&""),1,MATCH(TEXT(B50,0),INDIRECT("数出表_Excel!B"&$I50-1&":T"&$I50-1&""),0))),""),4),"1",""), "") -> G | Q50: =IFERROR( SUBSTITUTE(ADDRESS(1, IFERROR(COLUMN(INDEX(INDIRECT("数出表_Excel!B"&$I50-1&":T"&$I50-1&""),1,MATCH(TEXT(C50,0),INDIRECT("数出表_Excel!B"&$I50-1&":T"&$I50-1&""),0))),""),4),"1",""), "") | R50: =IFERROR( SUBSTITUTE(ADDRESS(1, IFERROR(COLUMN(INDEX(INDIRECT("数出表_Excel!B"&$I50-1&":T"&$I50-1&""),1,MATCH(TEXT(D50,0),INDIRECT("数出表_Excel!B"&$I50-1&":T"&$I50-1&""),0))),""),4),"1",""), "") | S50: =IFERROR( SUBSTITUTE(ADDRESS(1, IFERROR(COLUMN(INDEX(INDIRECT("数出表_Excel!B"&$I50&":T"&$I50&""),1,MATCH(TEXT(E50,0),INDIRECT("数出表_Excel!B"&$I50&":T"&$I50&""),0))),""),4),"1",""), "") | T50: =IFERROR( SUBSTITUTE(ADDRESS(1, IFERROR(COLUMN(INDEX(INDIRECT("数出表_Excel!B"&$I50&":T"&$I50&""),1,MATCH(TEXT(F50,0),INDIRECT("数出表_Excel!B"&$I50&":T"&$I50&""),0))),""),4),"1",""), "") | U50: =IFERROR( SUBSTITUTE(ADDRESS(1, IFERROR(COLUMN(INDEX(INDIRECT("数出表_Excel!B"&$I50&":T"&$I50&""),1,MATCH(TEXT(G50,0),INDIRECT("数出表_Excel!B"&$I50&":T"&$I50&""),0))),""),4),"1",""), "") | V50: =TRIM(SUBSTITUTE( IF(COUNTIF(P50:U50,"A")>0,"A ","")& IF(COUNTIF(P50:U50,"B")>0,"B ","")& IF(COUNTIF(P50:U50,"C")>0,"C ","")& IF(COUNTIF(P50:U50,"D")>0,"D ","")& IF(COUNTIF(P50:U50,"E")>0,"E ","")& IF(COUNTIF(P50:U50,"F")>0,"F ","")& IF(COUNTIF(P50:U50,"G")>0,"G ","")& IF(COUNTIF(P50:U50,"H")>0,"H ","")& IF(COUNTIF(P50:U50,"I")>0,"I ","")& IF(COUNTIF(P50:U50,"J")>0,"J ","")& IF(COUNTIF(P50:U50,"K")>0,"K ","")& IF(COUNTIF(P50:U50,"L")>0,"L ","")& IF(COUNTIF(P50:U50,"M")>0,"M ","")& IF(COUNTIF(P50:U50,"N")>0,"N ","")& IF(COUNTIF(P50:U50,"O")>0,"O ","")& IF(COUNTIF(P50:U50,"P")>0,"P ","")& IF(COUNTIF(P50:U50,"Q")>0,"Q ","")& IF(COUNTIF(P50:U50,"R")>0,"R ","")& IF(COUNTIF(P50:U50,"S")>0,"S ","")& IF(COUNTIF(P50:U50,"T")>0,"T ","")& IF(COUNTIF(P50:U50,"U")>0,"U ","")& IF(COUNTIF(P50:U50,"V")>0,"V ","")& IF(COUNTIF(P50:U50,"W")>0,"W ","")& IF(COUNTIF(P50:U50,"X")>0,"X ","")& IF(COUNTIF(P50:U50,"Y")>0,"Y ","")& IF(COUNTIF(P50:U50,"Z")>0,"Z ","")," ",",")) -> G,
A51: バディ筑紫野校 2号 | B51: 73 | I51: =I50+2 -> 107 | J51: {=IFERROR(IF(OR(COUNTIF(INDIRECT("数出表_Excel!"&P51&"3"),"*キャラ*"), COUNTIF(INDIRECT("数出表_Excel!"&P51&"3"),"*赤*")), IF(COUNTIF(A51,"*雙葉*"),INDIRECT("数出表_Excel!"&P51&"3"), INDIRECT("数出表_Excel!"&P51&"3") &" "&INDIRECT("数出表_Excel!"&P51&"4") &INDIRECT("数出表_Excel!"&P51&"5")), INDIRECT("数出表_Excel!"&P51&"3")),"")} -> 赤 飯あり120 | K51: {=IFERROR(IF(OR(COUNTIF(INDIRECT("数出表_Excel!"&Q51&"3"),"*キャラ*"), COUNTIF(INDIRECT("数出表_Excel!"&Q51&"3"),"*赤*")), INDIRECT("数出表_Excel!"&Q51&"3") &" "&INDIRECT("数出表_Excel!"&Q51&"4") &INDIRECT("数出表_Excel!"&Q51&"5"), INDIRECT("数出表_Excel!"&Q51&"3")),"")} | L51: {=IFERROR(IF(OR(COUNTIF(INDIRECT("数出表_Excel!"&R51&"3"),"*キャラ*"), COUNTIF(INDIRECT("数出表_Excel!"&R51&"3"),"*赤*")), INDIRECT("数出表_Excel!"&R51&"3") &" "&INDIRECT("数出表_Excel!"&R51&"4") &INDIRECT("数出表_Excel!"&R51&"5"), INDIRECT("数出表_Excel!"&R51&"3")),"")} | M51: {=IFERROR(IF(OR(COUNTIF(INDIRECT("数出表_Excel!"&S51&"3"),"*キャラ*"), COUNTIF(INDIRECT("数出表_Excel!"&S51&"3"),"*赤*")), INDIRECT("数出表_Excel!"&S51&"3") &" "&INDIRECT("数出表_Excel!"&S51&"4") &INDIRECT("数出表_Excel!"&S51&"5"), INDIRECT("数出表_Excel!"&S51&"3")),"")} | N51: {=IFERROR(IF(OR(COUNTIF(INDIRECT("数出表_Excel!"&T51&"3"),"*キャラ*"), COUNTIF(INDIRECT("数出表_Excel!"&T51&"3"),"*赤*")), INDIRECT("数出表_Excel!"&T51&"3") &" "&INDIRECT("数出表_Excel!"&T51&"4") &INDIRECT("数出表_Excel!"&T51&"5"), INDIRECT("数出表_Excel!"&T51&"3")),"")} | O51: {=IFERROR(IF(OR(COUNTIF(INDIRECT("数出表_Excel!"&U51&"3"),"*キャラ*"), COUNTIF(INDIRECT("数出表_Excel!"&U51&"3"),"*赤*")), INDIRECT("数出表_Excel!"&U51&"3") &" "&INDIRECT("数出表_Excel!"&U51&"4") &INDIRECT("数出表_Excel!"&U51&"5"), INDIRECT("数出表_Excel!"&U51&"3")),"")} | P51: =IFERROR( SUBSTITUTE(ADDRESS(1, IFERROR(COLUMN(INDEX(INDIRECT("数出表_Excel!B"&$I51-1&":T"&$I51-1&""),1,MATCH(TEXT(B51,0),INDIRECT("数出表_Excel!B"&$I51-1&":T"&$I51-1&""),0))),""),4),"1",""), "") -> G | Q51: =IFERROR( SUBSTITUTE(ADDRESS(1, IFERROR(COLUMN(INDEX(INDIRECT("数出表_Excel!B"&$I51-1&":T"&$I51-1&""),1,MATCH(TEXT(C51,0),INDIRECT("数出表_Excel!B"&$I51-1&":T"&$I51-1&""),0))),""),4),"1",""), "") | R51: =IFERROR( SUBSTITUTE(ADDRESS(1, IFERROR(COLUMN(INDEX(INDIRECT("数出表_Excel!B"&$I51-1&":T"&$I51-1&""),1,MATCH(TEXT(D51,0),INDIRECT("数出表_Excel!B"&$I51-1&":T"&$I51-1&""),0))),""),4),"1",""), "") | S51: =IFERROR( SUBSTITUTE(ADDRESS(1, IFERROR(COLUMN(INDEX(INDIRECT("数出表_Excel!B"&$I51&":T"&$I51&""),1,MATCH(TEXT(E51,0),INDIRECT("数出表_Excel!B"&$I51&":T"&$I51&""),0))),""),4),"1",""), "") | T51: =IFERROR( SUBSTITUTE(ADDRESS(1, IFERROR(COLUMN(INDEX(INDIRECT("数出表_Excel!B"&$I51&":T"&$I51&""),1,MATCH(TEXT(F51,0),INDIRECT("数出表_Excel!B"&$I51&":T"&$I51&""),0))),""),4),"1",""), "") | U51: =IFERROR( SUBSTITUTE(ADDRESS(1, IFERROR(COLUMN(INDEX(INDIRECT("数出表_Excel!B"&$I51&":T"&$I51&""),1,MATCH(TEXT(G51,0),INDIRECT("数出表_Excel!B"&$I51&":T"&$I51&""),0))),""),4),"1",""), "") | V51: =TRIM(SUBSTITUTE( IF(COUNTIF(P51:U51,"A")>0,"A ","")& IF(COUNTIF(P51:U51,"B")>0,"B ","")& IF(COUNTIF(P51:U51,"C")>0,"C ","")& IF(COUNTIF(P51:U51,"D")>0,"D ","")& IF(COUNTIF(P51:U51,"E")>0,"E ","")& IF(COUNTIF(P51:U51,"F")>0,"F ","")& IF(COUNTIF(P51:U51,"G")>0,"G ","")& IF(COUNTIF(P51:U51,"H")>0,"H ","")& IF(COUNTIF(P51:U51,"I")>0,"I ","")& IF(COUNTIF(P51:U51,"J")>0,"J ","")& IF(COUNTIF(P51:U51,"K")>0,"K ","")& IF(COUNTIF(P51:U51,"L")>0,"L ","")& IF(COUNTIF(P51:U51,"M")>0,"M ","")& IF(COUNTIF(P51:U51,"N")>0,"N ","")& IF(COUNTIF(P51:U51,"O")>0,"O ","")& IF(COUNTIF(P51:U51,"P")>0,"P ","")& IF(COUNTIF(P51:U51,"Q")>0,"Q ","")& IF(COUNTIF(P51:U51,"R")>0,"R ","")& IF(COUNTIF(P51:U51,"S")>0,"S ","")& IF(COUNTIF(P51:U51,"T")>0,"T ","")& IF(COUNTIF(P51:U51,"U")>0,"U ","")& IF(COUNTIF(P51:U51,"V")>0,"V ","")& IF(COUNTIF(P51:U51,"W")>0,"W ","")& IF(COUNTIF(P51:U51,"X")>0,"X ","")& IF(COUNTIF(P51:U51,"Y")>0,"Y ","")& IF(COUNTIF(P51:U51,"Z")>0,"Z ","")," ",",")) -> G,
