Workbook

Sheet 貼り付け1

Sheet 貼り付け2
O1: 日付・学年の行 | P1: 種類の行 | R1: 日付・学年の行（まとめ） | S1: 種類の行（まとめ） | U1: 学年1 | V1: 学年2 | W1: 学年3 | X1: 学年4 | Z1: 種類1 | AA1: 種類2 | AB1: 種類3 | AC1: 種類4 | AE1: クライアント名1 | AF1: クライアント名2 | AG1: クライアント名3 | AH1: クライアント名4 | AI1: クライアント名3’ | AJ1: クライアント名4’
O2: =IF(COUNTIF(A2,"*/*"),ROW(),0) -> 0 | P2: =IF(O2<>0,O2-1,0) -> 0 | R2: {=IFERROR(_xlfn.AGGREGATE(15, 6, ($O$2:$O$350)/($O$2:$O$350<>0), ROWS($R$2:R2)), "")} | S2: {=IFERROR(_xlfn.AGGREGATE(15, 6, ($P$2:$P$350)/($P$2:$P$350<>0), ROWS($R$2:R2)), "")} | U2: =IF(R2<>"", IF(COUNTIF(OFFSET($A$1,$R2-1,0),"*/*"), IF(COUNTIF(OFFSET($A$1,$R2-1,1),"*/*"),"",2),1),"") | V2: =IF(R2<>"",IF(U2<>"", IF(COUNTIF(OFFSET($A$1,$R2-1,U2),"*/*"), IF(COUNTIF(OFFSET($A$1,$R2-1,U2+1),"*/*"),"",U2+2),U2+1), IF(COUNTIF(OFFSET($A$1,$R2-1,1),"*/*"), IF(COUNTIF(OFFSET($A$1,$R2-1,1+1),"*/*"),"",1+2),1+1)),"") | W2: =IF(R2<>"",IF(V2<>"", IF(COUNTIF(OFFSET($A$1,$R2-1,V2),"*/*"), IF(COUNTIF(OFFSET($A$1,$R2-1,V2+1),"*/*"),"",V2+2),V2+1), IF(COUNTIF(OFFSET($A$1,$R2-1,2),"*/*"), IF(COUNTIF(OFFSET($A$1,$R2-1,2+1),"*/*"),"",2+2),2+1)),"") | X2: =IF(R2<>"",IF(W2<>"", IF(COUNTIF(OFFSET($A$1,$R2-1,W2),"*/*"), IF(COUNTIF(OFFSET($A$1,$R2-1,W2+1),"*/*"),"",W2+2),W2+1), IF(COUNTIF(OFFSET($A$1,$R2-1,5),"*/*"), IF(COUNTIF(OFFSET($A$1,$R2-1,5+1),"*/*"),"", IF(OFFSET($A$1,R2-1,5+2-1)=0,"",5+2)),IF(OFFSET($A$1,R2-1,5+1-1)=0,"",5+1))),"") | Z2: =IF(S2<>"", IF(COUNTIF(OFFSET($A$1,$S2-1,0),"*g*"), 1,IF(COUNTIF(OFFSET($A$1,$S2-1,1),"*g*"),2, IF(OFFSET($A$1,$S2-1,0)=".","", IF(OFFSET($A$1,$S2-1,0)=OFFSET($A$1,$S2-1,1),1,2)))),"") | AA2: =IFERROR(IF(S2<>"", IF(Z2<>"", IF(COUNTIF(OFFSET($A$1,$S2-1,Z2),"*g*"), Z2,IF(COUNTIF(OFFSET($A$1,$S2-1,Z2+1),"*g*"),Z2+2, IF(OFFSET($A$1,$S2-1,Z2)=".","", IF(OFFSET($A$1,$S2-1,Z2)=OFFSET($A$1,$S2-1,Z2+1),Z2+1,Z2+2)))), IF(COUNTIF(OFFSET($A$1,$S2-1,2),"*g*"), 2,IF(COUNTIF(OFFSET($A$1,$S2-1,2+1),"*g*"),2+2, IF(OFFSET($A$1,$S2-1,2)=".","", IF(OFFSET($A$1,$S2-1,2)=OFFSET($A$1,$S2-1,2+1), IF(OFFSET($A$1,$S2-1,2+1)=0,"",2+1), IF(OFFSET($A$1,$S2-1,2)<>"",2, IF(OFFSET($A$1,$S2-1,2+1)<>"",2+1,""))))))),""),"") | AB2: =IFERROR(IF(S2<>"", IF(COUNTIF(OFFSET($A$1,$S2-1,AA2),"*g*"), AA2,IF(COUNTIF(OFFSET($A$1,$S2-1,AA2+1),"*g*"),AA2+2, IF(OFFSET($A$1,$S2-1,AA2)=".","", IF(OFFSET($A$1,$S2-1,AA2)=OFFSET($A$1,$S2-1,AA2+1),AA2+1,AA2+2)))),""),"") | AC2: =IFERROR(IF(S2<>"", IF(COUNTIF(OFFSET($A$1,$S2-1,AB2),"*g*"), AB2,IF(COUNTIF(OFFSET($A$1,$S2-1,AB2+1),"*g*"),AB2+2, IF(OFFSET($A$1,$S2-1,AB2)=".","", IF(OFFSET($A$1,$S2-1,AB2)=OFFSET($A$1,$S2-1,AB2+1),AB2+1, IF(OFFSET($A$1,$S2-1,AB2+1)<>0,AB2+2, IF(OFFSET($A$1,$S2-1,AB2)<>0,AB2+1,"")))))),""),"") | AE2: =IF($S2-1>2, IF(COUNTIF(OFFSET($A$1,$S2-3,0),"*様*"),1, IF(COUNTIF(OFFSET($A$1,$S2-3,1),"*様*"),2, IF(COUNTIF(OFFSET($A$1,$S2-3,2),"*様*"),3,4))), IF(COUNTIF(OFFSET($A$1,$S2-2,0),"*様*"),1, IF(COUNTIF(OFFSET($A$1,$S2-2,1),"*様*"),2, IF(COUNTIF(OFFSET($A$1,$S2-2,2),"*様*"),3,4)))) -> #VALUE! | AF2: =IF($S2-1>2, IF(COUNTIF(OFFSET($A$1,$S2-1-2,AE2),"*様*"),1+AE2, IF(COUNTIF(OFFSET($A$1,$S2-1-2,AE2+1),"*様*"),2+AE2, IF(COUNTIF(OFFSET($A$1,$S2-1-2,AE2+2),"*様*"),3+AE2,4+AE2))), IF(COUNTIF(OFFSET($A$1,$S2-1-1,AE2),"*様*"),1+AE2, IF(COUNTIF(OFFSET($A$1,$S2-1-1,AE2+1),"*様*"),2+AE2, IF(COUNTIF(OFFSET($A$1,$S2-1-1,AE2+2),"*様*"),3+AE2,4+AE2)))) -> #VALUE! | AG2: =IF($S2-1>2, IF(COUNTIF(OFFSET($A$1,$S2-1-2,AF2),"*様*"),1+AF2, IF(COUNTIF(OFFSET($A$1,$S2-1-2,AF2+1),"*様*"),2+AF2, IF(COUNTIF(OFFSET($A$1,$S2-1-2,AF2+2),"*様*"),3+AF2,4+AF2))), IF(COUNTIF(OFFSET($A$1,$S2-1-1,AF2),"*様*"),1+AF2, IF(COUNTIF(OFFSET($A$1,$S2-1-1,AF2+1),"*様*"),2+AF2, IF(COUNTIF(OFFSET($A$1,$S2-1-1,AF2+2),"*様*"),3+AF2,4+AF2)))) -> #VALUE! | AH2: =IF($S2-1>2, IF(COUNTIF(OFFSET($A$1,$S2-1-2,AG2),"*様*"),1+AG2, IF(COUNTIF(OFFSET($A$1,$S2-1-2,AG2+1),"*様*"),2+AG2, IF(COUNTIF(OFFSET($A$1,$S2-1-2,AG2+2),"*様*"),3+AG2,4+AG2))), IF(COUNTIF(OFFSET($A$1,$S2-1-1,AG2),"*様*"),1+AG2, IF(COUNTIF(OFFSET($A$1,$S2-1-1,AG2+1),"*様*"),2+AG2, IF(COUNTIF(OFFSET($A$1,$S2-1-1,AG2+2),"*様*"),3+AG2,4+AG2)))) -> #VALUE!
O3: =IF(COUNTIF(A3,"*/*"),ROW(),0) -> 0 | P3: =IF(O3<>0,O3-1,0) -> 0 | R3: {=IFERROR(_xlfn.AGGREGATE(15, 6, ($O$2:$O$350)/($O$2:$O$350<>0), ROWS($R$2:R3)), "")} | S3: {=IFERROR(_xlfn.AGGREGATE(15, 6, ($P$2:$P$350)/($P$2:$P$350<>0), ROWS($R$2:R3)), "")} | U3: =IF(R3<>"", IF(COUNTIF(OFFSET($A$1,$R3-1,0),"*/*"), IF(COUNTIF(OFFSET($A$1,$R3-1,1),"*/*"),"",2),1),"") | V3: =IF(R3<>"",IF(U3<>"", IF(COUNTIF(OFFSET($A$1,$R3-1,U3),"*/*"), IF(COUNTIF(OFFSET($A$1,$R3-1,U3+1),"*/*"),"",U3+2),U3+1), IF(COUNTIF(OFFSET($A$1,$R3-1,1),"*/*"), IF(COUNTIF(OFFSET($A$1,$R3-1,1+1),"*/*"),"",1+2),1+1)),"") | W3: =IF(R3<>"",IF(V3<>"", IF(COUNTIF(OFFSET($A$1,$R3-1,V3),"*/*"), IF(COUNTIF(OFFSET($A$1,$R3-1,V3+1),"*/*"),"",V3+2),V3+1), IF(COUNTIF(OFFSET($A$1,$R3-1,2),"*/*"), IF(COUNTIF(OFFSET($A$1,$R3-1,2+1),"*/*"),"",2+2),2+1)),"") | X3: =IF(R3<>"",IF(W3<>"", IF(COUNTIF(OFFSET($A$1,$R3-1,W3),"*/*"), IF(COUNTIF(OFFSET($A$1,$R3-1,W3+1),"*/*"),"",W3+2),W3+1), IF(COUNTIF(OFFSET($A$1,$R3-1,5),"*/*"), IF(COUNTIF(OFFSET($A$1,$R3-1,5+1),"*/*"),"", IF(OFFSET($A$1,R3-1,5+2-1)=0,"",5+2)),IF(OFFSET($A$1,R3-1,5+1-1)=0,"",5+1))),"") | Z3: =IF(S3<>"", IF(COUNTIF(OFFSET($A$1,$S3-1,0),"*g*"), 1,IF(COUNTIF(OFFSET($A$1,$S3-1,1),"*g*"),2, IF(OFFSET($A$1,$S3-1,0)=".","", IF(OFFSET($A$1,$S3-1,0)=OFFSET($A$1,$S3-1,1),1,2)))),"") | AA3: =IFERROR(IF(S3<>"", IF(Z3<>"", IF(COUNTIF(OFFSET($A$1,$S3-1,Z3),"*g*"), Z3,IF(COUNTIF(OFFSET($A$1,$S3-1,Z3+1),"*g*"),Z3+2, IF(OFFSET($A$1,$S3-1,Z3)=".","", IF(OFFSET($A$1,$S3-1,Z3)=OFFSET($A$1,$S3-1,Z3+1),Z3+1,Z3+2)))), IF(COUNTIF(OFFSET($A$1,$S3-1,2),"*g*"), 2,IF(COUNTIF(OFFSET($A$1,$S3-1,2+1),"*g*"),2+2, IF(OFFSET($A$1,$S3-1,2)=".","", IF(OFFSET($A$1,$S3-1,2)=OFFSET($A$1,$S3-1,2+1), IF(OFFSET($A$1,$S3-1,2+1)=0,"",2+1), IF(OFFSET($A$1,$S3-1,2)<>"",2, IF(OFFSET($A$1,$S3-1,2+1)<>"",2+1,""))))))),""),"") | AB3: =IFERROR(IF(S3<>"", IF(COUNTIF(OFFSET($A$1,$S3-1,AA3),"*g*"), AA3,IF(COUNTIF(OFFSET($A$1,$S3-1,AA3+1),"*g*"),AA3+2, IF(OFFSET($A$1,$S3-1,AA3)=".","", IF(OFFSET($A$1,$S3-1,AA3)=OFFSET($A$1,$S3-1,AA3+1),AA3+1,AA3+2)))),""),"") | AC3: =IFERROR(IF(S3<>"", IF(COUNTIF(OFFSET($A$1,$S3-1,AB3),"*g*"), AB3,IF(COUNTIF(OFFSET($A$1,$S3-1,AB3+1),"*g*"),AB3+2, IF(OFFSET($A$1,$S3-1,AB3)=".","", IF(OFFSET($A$1,$S3-1,AB3)=OFFSET($A$1,$S3-1,AB3+1),AB3+1, IF(OFFSET($A$1,$S3-1,AB3+1)<>0,AB3+2, IF(OFFSET($A$1,$S3-1,AB3)<>0,AB3+1,"")))))),""),"") | AE3: =IF(R3<>"", IF(AND($S3-$R2>3,COUNTIF(OFFSET($A$1,$R2+($S3-$R2-4),0),"<>*テキスト*")), IF(OFFSET($A$1,$R2+($S3-$R2-4),0)=OFFSET($A$1,$R2+($S3-$R2-4),1),1, IF(OFFSET($A$1,$R2+($S3-$R2-4),0)=OFFSET($A$1,$R2+($S3-$R2-4),2),2, IF(OFFSET($A$1,$R2+($S3-$R2-4),0)=OFFSET($A$1,$R2+($S3-$R2-4),3),3,4))), IF(AND($S3-$R2>2,COUNTIF(OFFSET($A$1,$R2+($S3-$R2-3),0),"<>*テキスト*")), IF(OFFSET($A$1,$R2+($S3-$R2-3),0)=OFFSET($A$1,$R2+($S3-$R2-3),1),1, IF(OFFSET($A$1,$R2+($S3-$R2-3),0)=OFFSET($A$1,$R2+($S3-$R2-3),2),2, IF(OFFSET($A$1,$R2+($S3-$R2-3),0)=OFFSET($A$1,$R2+($S3-$R2-3),3),3,4))), IF(COUNTIF(OFFSET($A$1,$R2+($S3-$R2-2),0),"*様*"),1, IF(COUNTIF(OFFSET($A$1,$R2+($S3-$R2-2),1),"*様*"),2, IF(COUNTIF(OFFSET($A$1,$R2+($S3-$R2-2),2),"*様*"),3,4))))),"") | AF3: =IF(R3<>"", IF(AND($S3-$R2>3,COUNTIF(OFFSET($A$1,$R2+($S3-$R2-4),0),"<>*テキスト*")), IFERROR(IF(OFFSET($A$1,$R2+($S3-$R2-4),AE3)=0,"", IF(OFFSET($A$1,$R2+($S3-$R2-4),AE3)=OFFSET($A$1,$R2+($S3-$R2-4),AE3+1),1+AE3, IF(OFFSET($A$1,$R2+($S3-$R2-4),AE3)=OFFSET($A$1,$R2+($S3-$R2-4),AE3+2),2+AE3, IF(OFFSET($A$1,$R2+($S3-$R2-4),AE3)=OFFSET($A$1,$R2+($S3-$R2-4),AE3+3),3+AE3,3+AE3)))),""), IF(AND($S3-$R2>2,COUNTIF(OFFSET($A$1,$R2+($S3-$R2-3),0),"<>*テキスト*")), IFERROR(IF(OFFSET($A$1,$R2+($S3-$R2-3),AE3)=0,"", IF(OFFSET($A$1,$R2+($S3-$R2-3),AE3)=OFFSET($A$1,$R2+($S3-$R2-3),AE3+1),1+AE3, IF(OFFSET($A$1,$R2+($S3-$R2-3),AE3)=OFFSET($A$1,$R2+($S3-$R2-3),AE3+2),2+AE3, IF(OFFSET($A$1,$R2+($S3-$R2-3),AE3)=OFFSET($A$1,$R2+($S3-$R2-3),AE3+3),3+AE3,3+AE3)))),""), IF(COUNTIF(OFFSET($A$1,$R2+($S3-$R2-2),AE3),"*様*"),1+AE3, IF(COUNTIF(OFFSET($A$1,$R2+($S3-$R2-2),AE3+1),"*様*"),2+AE3, IF(COUNTIF(OFFSET($A$1,$R2+($S3-$R2-2),AE3+2),"*様*"),3+AE3,4+AE3))))),"") | AG3: =IF(R3<>"", IF(AND($S3-$R2>3,COUNTIF(OFFSET($A$1,$R2+($S3-$R2-4),0),"<>*テキスト*")), IFERROR(IF(OFFSET($A$1,$R2+($S3-$R2-4),AF3)=0,"", IF(OFFSET($A$1,$R2+($S3-$R2-4),AF3)=OFFSET($A$1,$R2+($S3-$R2-4),AF3+1),1+AF3, IF(OFFSET($A$1,$R2+($S3-$R2-4),AF3)=OFFSET($A$1,$R2+($S3-$R2-4),AF3+2),2+AF3, IF(OFFSET($A$1,$R2+($S3-$R2-4),AF3)=OFFSET($A$1,$R2+($S3-$R2-4),AF3+3),3+AF3,3+AF3)))),""), IF(AND($S3-$R2>2,COUNTIF(OFFSET($A$1,$R2+($S3-$R2-3),0),"<>*テキスト*")), IFERROR(IF(OFFSET($A$1,$R2+($S3-$R2-3),AF3)=0,"", IF(OFFSET($A$1,$R2+($S3-$R2-3),AF3)=OFFSET($A$1,$R2+($S3-$R2-3),AF3+1),1+AF3, IF(OFFSET($A$1,$R2+($S3-$R2-3),AF3)=OFFSET($A$1,$R2+($S3-$R2-3),AF3+2),2+AF3, IF(OFFSET($A$1,$R2+($S3-$R2-3),AF3)=OFFSET($A$1,$R2+($S3-$R2-3),AF3+3),3+AF3,3+AF3)))),""), IF(COUNTIF(OFFSET($A$1,$R2+($S3-$R2-2),AF3),"*様*"),1+AF3, IF(COUNTIF(OFFSET($A$1,$R2+($S3-$R2-2),AF3+1),"*様*"),2+AF3, IF(COUNTIF(OFFSET($A$1,$R2+($S3-$R2-2),AF3+2),"*様*"),3+AF3,4+AF3))))),"") | AH3: =IF(R3<>"", IF(AND($S3-$R2>3,COUNTIF(OFFSET($A$1,$R2+($S3-$R2-4),0),"<>*テキスト*")), IFERROR(IF(OFFSET($A$1,$R2+($S3-$R2-4),AG3)=0,"", IF(OFFSET($A$1,$R2+($S3-$R2-4),AG3)=OFFSET($A$1,$R2+($S3-$R2-4),AG3+1),1+AG3, IF(OFFSET($A$1,$R2+($S3-$R2-4),AG3)=OFFSET($A$1,$R2+($S3-$R2-4),AG3+2),2+AG3, IF(OFFSET($A$1,$R2+($S3-$R2-4),AG3)=OFFSET($A$1,$R2+($S3-$R2-4),AG3+3),3+AG3,3+AG3)))),""), IF(AND($S3-$R2>2,COUNTIF(OFFSET($A$1,$R2+($S3-$R2-3),0),"<>*テキスト*")), IFERROR(IF(OFFSET($A$1,$R2+($S3-$R2-3),AG3)=0,"", IF(OFFSET($A$1,$R2+($S3-$R2-3),AG3)=OFFSET($A$1,$R2+($S3-$R2-3),AG3+1),1+AG3, IF(OFFSET($A$1,$R2+($S3-$R2-3),AG3)=OFFSET($A$1,$R2+($S3-$R2-3),AG3+2),2+AG3, IF(OFFSET($A$1,$R2+($S3-$R2-3),AG3)=OFFSET($A$1,$R2+($S3-$R2-3),AG3+3),3+AG3,3+AG3)))),""), IF(COUNTIF(OFFSET($A$1,$R2+($S3-$R2-2),AG3),"*様*"),1+AG3, IF(COUNTIF(OFFSET($A$1,$R2+($S3-$R2-2),AG3+1),"*様*"),2+AG3, IF(COUNTIF(OFFSET($A$1,$R2+($S3-$R2-2),AG3+2),"*様*"),3+AG3,4+AG3))))),"") | AI3: =IF(R3<>"", IF(AG3<>"","", IF(COUNTIF(OFFSET($A$1,$R2+($S3-$R2-3),0),"*様*"),1, IF(COUNTIF(OFFSET($A$1,$R2+($S3-$R2-3),1),"*様*"),2, IF(COUNTIF(OFFSET($A$1,$R2+($S3-$R2-3),2),"*様*"),3,4)))),"") | AJ3: =IF(R3<>"", IF(AH3<>"","", IF(AI3<>"", IF(COUNTIF(OFFSET($A$1,$R2+($S3-$R2-3),AI3),"*様*"),1+AI3, IF(COUNTIF(OFFSET($A$1,$R2+($S3-$R2-3),AI3+1),"*様*"),2+AI3, IF(COUNTIF(OFFSET($A$1,$R2+($S3-$R2-3),AI3+2),"*様*"),3+AI3,4+AI3))), IF(COUNTIF(OFFSET($A$1,$R2+($S3-$R2-3),0),"*様*"),1, IF(COUNTIF(OFFSET($A$1,$R2+($S3-$R2-3),1),"*様*"),2, IF(COUNTIF(OFFSET($A$1,$R2+($S3-$R2-3),2),"*様*"),3,4))))),"")
O4: =IF(COUNTIF(A4,"*/*"),ROW(),0) -> 0 | P4: =IF(O4<>0,O4-1,0) -> 0 | R4: {=IFERROR(_xlfn.AGGREGATE(15, 6, ($O$2:$O$350)/($O$2:$O$350<>0), ROWS($R$2:R4)), "")} | S4: {=IFERROR(_xlfn.AGGREGATE(15, 6, ($P$2:$P$350)/($P$2:$P$350<>0), ROWS($R$2:R4)), "")} | U4: =IF(R4<>"", IF(COUNTIF(OFFSET($A$1,$R4-1,0),"*/*"), IF(COUNTIF(OFFSET($A$1,$R4-1,1),"*/*"),"",2),1),"") | V4: =IF(R4<>"",IF(U4<>"", IF(COUNTIF(OFFSET($A$1,$R4-1,U4),"*/*"), IF(COUNTIF(OFFSET($A$1,$R4-1,U4+1),"*/*"),"",U4+2),U4+1), IF(COUNTIF(OFFSET($A$1,$R4-1,1),"*/*"), IF(COUNTIF(OFFSET($A$1,$R4-1,1+1),"*/*"),"",1+2),1+1)),"") | W4: =IF(R4<>"",IF(V4<>"", IF(COUNTIF(OFFSET($A$1,$R4-1,V4),"*/*"), IF(COUNTIF(OFFSET($A$1,$R4-1,V4+1),"*/*"),"",V4+2),V4+1), IF(COUNTIF(OFFSET($A$1,$R4-1,2),"*/*"), IF(COUNTIF(OFFSET($A$1,$R4-1,2+1),"*/*"),"",2+2),2+1)),"") | X4: =IF(R4<>"",IF(W4<>"", IF(COUNTIF(OFFSET($A$1,$R4-1,W4),"*/*"), IF(COUNTIF(OFFSET($A$1,$R4-1,W4+1),"*/*"),"",W4+2),W4+1), IF(COUNTIF(OFFSET($A$1,$R4-1,5),"*/*"), IF(COUNTIF(OFFSET($A$1,$R4-1,5+1),"*/*"),"", IF(OFFSET($A$1,R4-1,5+2-1)=0,"",5+2)),IF(OFFSET($A$1,R4-1,5+1-1)=0,"",5+1))),"") | Z4: =IF(S4<>"", IF(COUNTIF(OFFSET($A$1,$S4-1,0),"*g*"), 1,IF(COUNTIF(OFFSET($A$1,$S4-1,1),"*g*"),2, IF(OFFSET($A$1,$S4-1,0)=".","", IF(OFFSET($A$1,$S4-1,0)=OFFSET($A$1,$S4-1,1),1,2)))),"") | AA4: =IFERROR(IF(S4<>"", IF(Z4<>"", IF(COUNTIF(OFFSET($A$1,$S4-1,Z4),"*g*"), Z4,IF(COUNTIF(OFFSET($A$1,$S4-1,Z4+1),"*g*"),Z4+2, IF(OFFSET($A$1,$S4-1,Z4)=".","", IF(OFFSET($A$1,$S4-1,Z4)=OFFSET($A$1,$S4-1,Z4+1),Z4+1,Z4+2)))), IF(COUNTIF(OFFSET($A$1,$S4-1,2),"*g*"), 2,IF(COUNTIF(OFFSET($A$1,$S4-1,2+1),"*g*"),2+2, IF(OFFSET($A$1,$S4-1,2)=".","", IF(OFFSET($A$1,$S4-1,2)=OFFSET($A$1,$S4-1,2+1), IF(OFFSET($A$1,$S4-1,2+1)=0,"",2+1), IF(OFFSET($A$1,$S4-1,2)<>"",2, IF(OFFSET($A$1,$S4-1,2+1)<>"",2+1,""))))))),""),"") | AB4: =IFERROR(IF(S4<>"", IF(COUNTIF(OFFSET($A$1,$S4-1,AA4),"*g*"), AA4,IF(COUNTIF(OFFSET($A$1,$S4-1,AA4+1),"*g*"),AA4+2, IF(OFFSET($A$1,$S4-1,AA4)=".","", IF(OFFSET($A$1,$S4-1,AA4)=OFFSET($A$1,$S4-1,AA4+1),AA4+1,AA4+2)))),""),"") | AC4: =IFERROR(IF(S4<>"", IF(COUNTIF(OFFSET($A$1,$S4-1,AB4),"*g*"), AB4,IF(COUNTIF(OFFSET($A$1,$S4-1,AB4+1),"*g*"),AB4+2, IF(OFFSET($A$1,$S4-1,AB4)=".","", IF(OFFSET($A$1,$S4-1,AB4)=OFFSET($A$1,$S4-1,AB4+1),AB4+1, IF(OFFSET($A$1,$S4-1,AB4+1)<>0,AB4+2, IF(OFFSET($A$1,$S4-1,AB4)<>0,AB4+1,"")))))),""),"") | AE4: =IF(R4<>"", IF(AND($S4-$R3>3,COUNTIF(OFFSET($A$1,$R3+($S4-$R3-4),0),"<>*テキスト*")), IF(OFFSET($A$1,$R3+($S4-$R3-4),0)=OFFSET($A$1,$R3+($S4-$R3-4),1),1, IF(OFFSET($A$1,$R3+($S4-$R3-4),0)=OFFSET($A$1,$R3+($S4-$R3-4),2),2, IF(OFFSET($A$1,$R3+($S4-$R3-4),0)=OFFSET($A$1,$R3+($S4-$R3-4),3),3,4))), IF(AND($S4-$R3>2,COUNTIF(OFFSET($A$1,$R3+($S4-$R3-3),0),"<>*テキスト*")), IF(OFFSET($A$1,$R3+($S4-$R3-3),0)=OFFSET($A$1,$R3+($S4-$R3-3),1),1, IF(OFFSET($A$1,$R3+($S4-$R3-3),0)=OFFSET($A$1,$R3+($S4-$R3-3),2),2, IF(OFFSET($A$1,$R3+($S4-$R3-3),0)=OFFSET($A$1,$R3+($S4-$R3-3),3),3,4))), IF(COUNTIF(OFFSET($A$1,$R3+($S4-$R3-2),0),"*様*"),1, IF(COUNTIF(OFFSET($A$1,$R3+($S4-$R3-2),1),"*様*"),2, IF(COUNTIF(OFFSET($A$1,$R3+($S4-$R3-2),2),"*様*"),3,4))))),"") | AF4: =IF(R4<>"", IF(AND($S4-$R3>3,COUNTIF(OFFSET($A$1,$R3+($S4-$R3-4),0),"<>*テキスト*")), IFERROR(IF(OFFSET($A$1,$R3+($S4-$R3-4),AE4)=0,"", IF(OFFSET($A$1,$R3+($S4-$R3-4),AE4)=OFFSET($A$1,$R3+($S4-$R3-4),AE4+1),1+AE4, IF(OFFSET($A$1,$R3+($S4-$R3-4),AE4)=OFFSET($A$1,$R3+($S4-$R3-4),AE4+2),2+AE4, IF(OFFSET($A$1,$R3+($S4-$R3-4),AE4)=OFFSET($A$1,$R3+($S4-$R3-4),AE4+3),3+AE4,3+AE4)))),""), IF(AND($S4-$R3>2,COUNTIF(OFFSET($A$1,$R3+($S4-$R3-3),0),"<>*テキスト*")), IFERROR(IF(OFFSET($A$1,$R3+($S4-$R3-3),AE4)=0,"", IF(OFFSET($A$1,$R3+($S4-$R3-3),AE4)=OFFSET($A$1,$R3+($S4-$R3-3),AE4+1),1+AE4, IF(OFFSET($A$1,$R3+($S4-$R3-3),AE4)=OFFSET($A$1,$R3+($S4-$R3-3),AE4+2),2+AE4, IF(OFFSET($A$1,$R3+($S4-$R3-3),AE4)=OFFSET($A$1,$R3+($S4-$R3-3),AE4+3),3+AE4,3+AE4)))),""), IF(COUNTIF(OFFSET($A$1,$R3+($S4-$R3-2),AE4),"*様*"),1+AE4, IF(COUNTIF(OFFSET($A$1,$R3+($S4-$R3-2),AE4+1),"*様*"),2+AE4, IF(COUNTIF(OFFSET($A$1,$R3+($S4-$R3-2),AE4+2),"*様*"),3+AE4,4+AE4))))),"") | AG4: =IF(R4<>"", IF(AND($S4-$R3>3,COUNTIF(OFFSET($A$1,$R3+($S4-$R3-4),0),"<>*テキスト*")), IFERROR(IF(OFFSET($A$1,$R3+($S4-$R3-4),AF4)=0,"", IF(OFFSET($A$1,$R3+($S4-$R3-4),AF4)=OFFSET($A$1,$R3+($S4-$R3-4),AF4+1),1+AF4, IF(OFFSET($A$1,$R3+($S4-$R3-4),AF4)=OFFSET($A$1,$R3+($S4-$R3-4),AF4+2),2+AF4, IF(OFFSET($A$1,$R3+($S4-$R3-4),AF4)=OFFSET($A$1,$R3+($S4-$R3-4),AF4+3),3+AF4,3+AF4)))),""), IF(AND($S4-$R3>2,COUNTIF(OFFSET($A$1,$R3+($S4-$R3-3),0),"<>*テキスト*")), IFERROR(IF(OFFSET($A$1,$R3+($S4-$R3-3),AF4)=0,"", IF(OFFSET($A$1,$R3+($S4-$R3-3),AF4)=OFFSET($A$1,$R3+($S4-$R3-3),AF4+1),1+AF4, IF(OFFSET($A$1,$R3+($S4-$R3-3),AF4)=OFFSET($A$1,$R3+($S4-$R3-3),AF4+2),2+AF4, IF(OFFSET($A$1,$R3+($S4-$R3-3),AF4)=OFFSET($A$1,$R3+($S4-$R3-3),AF4+3),3+AF4,3+AF4)))),""), IF(COUNTIF(OFFSET($A$1,$R3+($S4-$R3-2),AF4),"*様*"),1+AF4, IF(COUNTIF(OFFSET($A$1,$R3+($S4-$R3-2),AF4+1),"*様*"),2+AF4, IF(COUNTIF(OFFSET($A$1,$R3+($S4-$R3-2),AF4+2),"*様*"),3+AF4,4+AF4))))),"") | AH4: =IF(R4<>"", IF(AND($S4-$R3>3,COUNTIF(OFFSET($A$1,$R3+($S4-$R3-4),0),"<>*テキスト*")), IFERROR(IF(OFFSET($A$1,$R3+($S4-$R3-4),AG4)=0,"", IF(OFFSET($A$1,$R3+($S4-$R3-4),AG4)=OFFSET($A$1,$R3+($S4-$R3-4),AG4+1),1+AG4, IF(OFFSET($A$1,$R3+($S4-$R3-4),AG4)=OFFSET($A$1,$R3+($S4-$R3-4),AG4+2),2+AG4, IF(OFFSET($A$1,$R3+($S4-$R3-4),AG4)=OFFSET($A$1,$R3+($S4-$R3-4),AG4+3),3+AG4,3+AG4)))),""), IF(AND($S4-$R3>2,COUNTIF(OFFSET($A$1,$R3+($S4-$R3-3),0),"<>*テキスト*")), IFERROR(IF(OFFSET($A$1,$R3+($S4-$R3-3),AG4)=0,"", IF(OFFSET($A$1,$R3+($S4-$R3-3),AG4)=OFFSET($A$1,$R3+($S4-$R3-3),AG4+1),1+AG4, IF(OFFSET($A$1,$R3+($S4-$R3-3),AG4)=OFFSET($A$1,$R3+($S4-$R3-3),AG4+2),2+AG4, IF(OFFSET($A$1,$R3+($S4-$R3-3),AG4)=OFFSET($A$1,$R3+($S4-$R3-3),AG4+3),3+AG4,3+AG4)))),""), IF(COUNTIF(OFFSET($A$1,$R3+($S4-$R3-2),AG4),"*様*"),1+AG4, IF(COUNTIF(OFFSET($A$1,$R3+($S4-$R3-2),AG4+1),"*様*"),2+AG4, IF(COUNTIF(OFFSET($A$1,$R3+($S4-$R3-2),AG4+2),"*様*"),3+AG4,4+AG4))))),"") | AI4: =IF(R4<>"", IF(AG4<>"","", IF(COUNTIF(OFFSET($A$1,$R3+($S4-$R3-3),0),"*様*"),1, IF(COUNTIF(OFFSET($A$1,$R3+($S4-$R3-3),1),"*様*"),2, IF(COUNTIF(OFFSET($A$1,$R3+($S4-$R3-3),2),"*様*"),3,4)))),"") | AJ4: =IF(R4<>"", IF(AH4<>"","", IF(AI4<>"", IF(COUNTIF(OFFSET($A$1,$R3+($S4-$R3-3),AI4),"*様*"),1+AI4, IF(COUNTIF(OFFSET($A$1,$R3+($S4-$R3-3),AI4+1),"*様*"),2+AI4, IF(COUNTIF(OFFSET($A$1,$R3+($S4-$R3-3),AI4+2),"*様*"),3+AI4,4+AI4))), IF(COUNTIF(OFFSET($A$1,$R3+($S4-$R3-3),0),"*様*"),1, IF(COUNTIF(OFFSET($A$1,$R3+($S4-$R3-3),1),"*様*"),2, IF(COUNTIF(OFFSET($A$1,$R3+($S4-$R3-3),2),"*様*"),3,4))))),"")
O5: =IF(COUNTIF(A5,"*/*"),ROW(),0) -> 0 | P5: =IF(O5<>0,O5-1,0) -> 0 | R5: {=IFERROR(_xlfn.AGGREGATE(15, 6, ($O$2:$O$350)/($O$2:$O$350<>0), ROWS($R$2:R5)), "")} | S5: {=IFERROR(_xlfn.AGGREGATE(15, 6, ($P$2:$P$350)/($P$2:$P$350<>0), ROWS($R$2:R5)), "")} | U5: =IF(R5<>"", IF(COUNTIF(OFFSET($A$1,$R5-1,0),"*/*"), IF(COUNTIF(OFFSET($A$1,$R5-1,1),"*/*"),"",2),1),"") | V5: =IF(R5<>"",IF(U5<>"", IF(COUNTIF(OFFSET($A$1,$R5-1,U5),"*/*"), IF(COUNTIF(OFFSET($A$1,$R5-1,U5+1),"*/*"),"",U5+2),U5+1), IF(COUNTIF(OFFSET($A$1,$R5-1,1),"*/*"), IF(COUNTIF(OFFSET($A$1,$R5-1,1+1),"*/*"),"",1+2),1+1)),"") | W5: =IF(R5<>"",IF(V5<>"", IF(COUNTIF(OFFSET($A$1,$R5-1,V5),"*/*"), IF(COUNTIF(OFFSET($A$1,$R5-1,V5+1),"*/*"),"",V5+2),V5+1), IF(COUNTIF(OFFSET($A$1,$R5-1,2),"*/*"), IF(COUNTIF(OFFSET($A$1,$R5-1,2+1),"*/*"),"",2+2),2+1)),"") | X5: =IF(R5<>"",IF(W5<>"", IF(COUNTIF(OFFSET($A$1,$R5-1,W5),"*/*"), IF(COUNTIF(OFFSET($A$1,$R5-1,W5+1),"*/*"),"",W5+2),W5+1), IF(COUNTIF(OFFSET($A$1,$R5-1,5),"*/*"), IF(COUNTIF(OFFSET($A$1,$R5-1,5+1),"*/*"),"", IF(OFFSET($A$1,R5-1,5+2-1)=0,"",5+2)),IF(OFFSET($A$1,R5-1,5+1-1)=0,"",5+1))),"") | Z5: =IF(S5<>"", IF(COUNTIF(OFFSET($A$1,$S5-1,0),"*g*"), 1,IF(COUNTIF(OFFSET($A$1,$S5-1,1),"*g*"),2, IF(OFFSET($A$1,$S5-1,0)=".","", IF(OFFSET($A$1,$S5-1,0)=OFFSET($A$1,$S5-1,1),1,2)))),"") | AA5: =IFERROR(IF(S5<>"", IF(Z5<>"", IF(COUNTIF(OFFSET($A$1,$S5-1,Z5),"*g*"), Z5,IF(COUNTIF(OFFSET($A$1,$S5-1,Z5+1),"*g*"),Z5+2, IF(OFFSET($A$1,$S5-1,Z5)=".","", IF(OFFSET($A$1,$S5-1,Z5)=OFFSET($A$1,$S5-1,Z5+1),Z5+1,Z5+2)))), IF(COUNTIF(OFFSET($A$1,$S5-1,2),"*g*"), 2,IF(COUNTIF(OFFSET($A$1,$S5-1,2+1),"*g*"),2+2, IF(OFFSET($A$1,$S5-1,2)=".","", IF(OFFSET($A$1,$S5-1,2)=OFFSET($A$1,$S5-1,2+1), IF(OFFSET($A$1,$S5-1,2+1)=0,"",2+1), IF(OFFSET($A$1,$S5-1,2)<>"",2, IF(OFFSET($A$1,$S5-1,2+1)<>"",2+1,""))))))),""),"") | AB5: =IFERROR(IF(S5<>"", IF(COUNTIF(OFFSET($A$1,$S5-1,AA5),"*g*"), AA5,IF(COUNTIF(OFFSET($A$1,$S5-1,AA5+1),"*g*"),AA5+2, IF(OFFSET($A$1,$S5-1,AA5)=".","", IF(OFFSET($A$1,$S5-1,AA5)=OFFSET($A$1,$S5-1,AA5+1),AA5+1,AA5+2)))),""),"") | AC5: =IFERROR(IF(S5<>"", IF(COUNTIF(OFFSET($A$1,$S5-1,AB5),"*g*"), AB5,IF(COUNTIF(OFFSET($A$1,$S5-1,AB5+1),"*g*"),AB5+2, IF(OFFSET($A$1,$S5-1,AB5)=".","", IF(OFFSET($A$1,$S5-1,AB5)=OFFSET($A$1,$S5-1,AB5+1),AB5+1, IF(OFFSET($A$1,$S5-1,AB5+1)<>0,AB5+2, IF(OFFSET($A$1,$S5-1,AB5)<>0,AB5+1,"")))))),""),"") | AE5: =IF(R5<>"", IF(AND($S5-$R4>3,COUNTIF(OFFSET($A$1,$R4+($S5-$R4-4),0),"<>*テキスト*")), IF(OFFSET($A$1,$R4+($S5-$R4-4),0)=OFFSET($A$1,$R4+($S5-$R4-4),1),1, IF(OFFSET($A$1,$R4+($S5-$R4-4),0)=OFFSET($A$1,$R4+($S5-$R4-4),2),2, IF(OFFSET($A$1,$R4+($S5-$R4-4),0)=OFFSET($A$1,$R4+($S5-$R4-4),3),3,4))), IF(AND($S5-$R4>2,COUNTIF(OFFSET($A$1,$R4+($S5-$R4-3),0),"<>*テキスト*")), IF(OFFSET($A$1,$R4+($S5-$R4-3),0)=OFFSET($A$1,$R4+($S5-$R4-3),1),1, IF(OFFSET($A$1,$R4+($S5-$R4-3),0)=OFFSET($A$1,$R4+($S5-$R4-3),2),2, IF(OFFSET($A$1,$R4+($S5-$R4-3),0)=OFFSET($A$1,$R4+($S5-$R4-3),3),3,4))), IF(COUNTIF(OFFSET($A$1,$R4+($S5-$R4-2),0),"*様*"),1, IF(COUNTIF(OFFSET($A$1,$R4+($S5-$R4-2),1),"*様*"),2, IF(COUNTIF(OFFSET($A$1,$R4+($S5-$R4-2),2),"*様*"),3,4))))),"") | AF5: =IF(R5<>"", IF(AND($S5-$R4>3,COUNTIF(OFFSET($A$1,$R4+($S5-$R4-4),0),"<>*テキスト*")), IFERROR(IF(OFFSET($A$1,$R4+($S5-$R4-4),AE5)=0,"", IF(OFFSET($A$1,$R4+($S5-$R4-4),AE5)=OFFSET($A$1,$R4+($S5-$R4-4),AE5+1),1+AE5, IF(OFFSET($A$1,$R4+($S5-$R4-4),AE5)=OFFSET($A$1,$R4+($S5-$R4-4),AE5+2),2+AE5, IF(OFFSET($A$1,$R4+($S5-$R4-4),AE5)=OFFSET($A$1,$R4+($S5-$R4-4),AE5+3),3+AE5,3+AE5)))),""), IF(AND($S5-$R4>2,COUNTIF(OFFSET($A$1,$R4+($S5-$R4-3),0),"<>*テキスト*")), IFERROR(IF(OFFSET($A$1,$R4+($S5-$R4-3),AE5)=0,"", IF(OFFSET($A$1,$R4+($S5-$R4-3),AE5)=OFFSET($A$1,$R4+($S5-$R4-3),AE5+1),1+AE5, IF(OFFSET($A$1,$R4+($S5-$R4-3),AE5)=OFFSET($A$1,$R4+($S5-$R4-3),AE5+2),2+AE5, IF(OFFSET($A$1,$R4+($S5-$R4-3),AE5)=OFFSET($A$1,$R4+($S5-$R4-3),AE5+3),3+AE5,3+AE5)))),""), IF(COUNTIF(OFFSET($A$1,$R4+($S5-$R4-2),AE5),"*様*"),1+AE5, IF(COUNTIF(OFFSET($A$1,$R4+($S5-$R4-2),AE5+1),"*様*"),2+AE5, IF(COUNTIF(OFFSET($A$1,$R4+($S5-$R4-2),AE5+2),"*様*"),3+AE5,4+AE5))))),"") | AG5: =IF(R5<>"", IF(AND($S5-$R4>3,COUNTIF(OFFSET($A$1,$R4+($S5-$R4-4),0),"<>*テキスト*")), IFERROR(IF(OFFSET($A$1,$R4+($S5-$R4-4),AF5)=0,"", IF(OFFSET($A$1,$R4+($S5-$R4-4),AF5)=OFFSET($A$1,$R4+($S5-$R4-4),AF5+1),1+AF5, IF(OFFSET($A$1,$R4+($S5-$R4-4),AF5)=OFFSET($A$1,$R4+($S5-$R4-4),AF5+2),2+AF5, IF(OFFSET($A$1,$R4+($S5-$R4-4),AF5)=OFFSET($A$1,$R4+($S5-$R4-4),AF5+3),3+AF5,3+AF5)))),""), IF(AND($S5-$R4>2,COUNTIF(OFFSET($A$1,$R4+($S5-$R4-3),0),"<>*テキスト*")), IFERROR(IF(OFFSET($A$1,$R4+($S5-$R4-3),AF5)=0,"", IF(OFFSET($A$1,$R4+($S5-$R4-3),AF5)=OFFSET($A$1,$R4+($S5-$R4-3),AF5+1),1+AF5, IF(OFFSET($A$1,$R4+($S5-$R4-3),AF5)=OFFSET($A$1,$R4+($S5-$R4-3),AF5+2),2+AF5, IF(OFFSET($A$1,$R4+($S5-$R4-3),AF5)=OFFSET($A$1,$R4+($S5-$R4-3),AF5+3),3+AF5,3+AF5)))),""), IF(COUNTIF(OFFSET($A$1,$R4+($S5-$R4-2),AF5),"*様*"),1+AF5, IF(COUNTIF(OFFSET($A$1,$R4+($S5-$R4-2),AF5+1),"*様*"),2+AF5, IF(COUNTIF(OFFSET($A$1,$R4+($S5-$R4-2),AF5+2),"*様*"),3+AF5,4+AF5))))),"") | AH5: =IF(R5<>"", IF(AND($S5-$R4>3,COUNTIF(OFFSET($A$1,$R4+($S5-$R4-4),0),"<>*テキスト*")), IFERROR(IF(OFFSET($A$1,$R4+($S5-$R4-4),AG5)=0,"", IF(OFFSET($A$1,$R4+($S5-$R4-4),AG5)=OFFSET($A$1,$R4+($S5-$R4-4),AG5+1),1+AG5, IF(OFFSET($A$1,$R4+($S5-$R4-4),AG5)=OFFSET($A$1,$R4+($S5-$R4-4),AG5+2),2+AG5, IF(OFFSET($A$1,$R4+($S5-$R4-4),AG5)=OFFSET($A$1,$R4+($S5-$R4-4),AG5+3),3+AG5,3+AG5)))),""), IF(AND($S5-$R4>2,COUNTIF(OFFSET($A$1,$R4+($S5-$R4-3),0),"<>*テキスト*")), IFERROR(IF(OFFSET($A$1,$R4+($S5-$R4-3),AG5)=0,"", IF(OFFSET($A$1,$R4+($S5-$R4-3),AG5)=OFFSET($A$1,$R4+($S5-$R4-3),AG5+1),1+AG5, IF(OFFSET($A$1,$R4+($S5-$R4-3),AG5)=OFFSET($A$1,$R4+($S5-$R4-3),AG5+2),2+AG5, IF(OFFSET($A$1,$R4+($S5-$R4-3),AG5)=OFFSET($A$1,$R4+($S5-$R4-3),AG5+3),3+AG5,3+AG5)))),""), IF(COUNTIF(OFFSET($A$1,$R4+($S5-$R4-2),AG5),"*様*"),1+AG5, IF(COUNTIF(OFFSET($A$1,$R4+($S5-$R4-2),AG5+1),"*様*"),2+AG5, IF(COUNTIF(OFFSET($A$1,$R4+($S5-$R4-2),AG5+2),"*様*"),3+AG5,4+AG5))))),"") | AI5: =IF(R5<>"", IF(AG5<>"","", IF(COUNTIF(OFFSET($A$1,$R4+($S5-$R4-3),0),"*様*"),1, IF(COUNTIF(OFFSET($A$1,$R4+($S5-$R4-3),1),"*様*"),2, IF(COUNTIF(OFFSET($A$1,$R4+($S5-$R4-3),2),"*様*"),3,4)))),"") | AJ5: =IF(R5<>"", IF(AH5<>"","", IF(AI5<>"", IF(COUNTIF(OFFSET($A$1,$R4+($S5-$R4-3),AI5),"*様*"),1+AI5, IF(COUNTIF(OFFSET($A$1,$R4+($S5-$R4-3),AI5+1),"*様*"),2+AI5, IF(COUNTIF(OFFSET($A$1,$R4+($S5-$R4-3),AI5+2),"*様*"),3+AI5,4+AI5))), IF(COUNTIF(OFFSET($A$1,$R4+($S5-$R4-3),0),"*様*"),1, IF(COUNTIF(OFFSET($A$1,$R4+($S5-$R4-3),1),"*様*"),2, IF(COUNTIF(OFFSET($A$1,$R4+($S5-$R4-3),2),"*様*"),3,4))))),"")
O6: =IF(COUNTIF(A6,"*/*"),ROW(),0) -> 0 | P6: =IF(O6<>0,O6-1,0) -> 0 | R6: {=IFERROR(_xlfn.AGGREGATE(15, 6, ($O$2:$O$350)/($O$2:$O$350<>0), ROWS($R$2:R6)), "")} | S6: {=IFERROR(_xlfn.AGGREGATE(15, 6, ($P$2:$P$350)/($P$2:$P$350<>0), ROWS($R$2:R6)), "")} | U6: =IF(R6<>"", IF(COUNTIF(OFFSET($A$1,$R6-1,0),"*/*"), IF(COUNTIF(OFFSET($A$1,$R6-1,1),"*/*"),"",2),1),"") | V6: =IF(R6<>"",IF(U6<>"", IF(COUNTIF(OFFSET($A$1,$R6-1,U6),"*/*"), IF(COUNTIF(OFFSET($A$1,$R6-1,U6+1),"*/*"),"",U6+2),U6+1), IF(COUNTIF(OFFSET($A$1,$R6-1,1),"*/*"), IF(COUNTIF(OFFSET($A$1,$R6-1,1+1),"*/*"),"",1+2),1+1)),"") | W6: =IF(R6<>"",IF(V6<>"", IF(COUNTIF(OFFSET($A$1,$R6-1,V6),"*/*"), IF(COUNTIF(OFFSET($A$1,$R6-1,V6+1),"*/*"),"",V6+2),V6+1), IF(COUNTIF(OFFSET($A$1,$R6-1,2),"*/*"), IF(COUNTIF(OFFSET($A$1,$R6-1,2+1),"*/*"),"",2+2),2+1)),"") | X6: =IF(R6<>"",IF(W6<>"", IF(COUNTIF(OFFSET($A$1,$R6-1,W6),"*/*"), IF(COUNTIF(OFFSET($A$1,$R6-1,W6+1),"*/*"),"",W6+2),W6+1), IF(COUNTIF(OFFSET($A$1,$R6-1,5),"*/*"), IF(COUNTIF(OFFSET($A$1,$R6-1,5+1),"*/*"),"", IF(OFFSET($A$1,R6-1,5+2-1)=0,"",5+2)),IF(OFFSET($A$1,R6-1,5+1-1)=0,"",5+1))),"") | Z6: =IF(S6<>"", IF(COUNTIF(OFFSET($A$1,$S6-1,0),"*g*"), 1,IF(COUNTIF(OFFSET($A$1,$S6-1,1),"*g*"),2, IF(OFFSET($A$1,$S6-1,0)=".","", IF(OFFSET($A$1,$S6-1,0)=OFFSET($A$1,$S6-1,1),1,2)))),"") | AA6: =IFERROR(IF(S6<>"", IF(Z6<>"", IF(COUNTIF(OFFSET($A$1,$S6-1,Z6),"*g*"), Z6,IF(COUNTIF(OFFSET($A$1,$S6-1,Z6+1),"*g*"),Z6+2, IF(OFFSET($A$1,$S6-1,Z6)=".","", IF(OFFSET($A$1,$S6-1,Z6)=OFFSET($A$1,$S6-1,Z6+1),Z6+1,Z6+2)))), IF(COUNTIF(OFFSET($A$1,$S6-1,2),"*g*"), 2,IF(COUNTIF(OFFSET($A$1,$S6-1,2+1),"*g*"),2+2, IF(OFFSET($A$1,$S6-1,2)=".","", IF(OFFSET($A$1,$S6-1,2)=OFFSET($A$1,$S6-1,2+1), IF(OFFSET($A$1,$S6-1,2+1)=0,"",2+1), IF(OFFSET($A$1,$S6-1,2)<>"",2, IF(OFFSET($A$1,$S6-1,2+1)<>"",2+1,""))))))),""),"") | AB6: =IFERROR(IF(S6<>"", IF(COUNTIF(OFFSET($A$1,$S6-1,AA6),"*g*"), AA6,IF(COUNTIF(OFFSET($A$1,$S6-1,AA6+1),"*g*"),AA6+2, IF(OFFSET($A$1,$S6-1,AA6)=".","", IF(OFFSET($A$1,$S6-1,AA6)=OFFSET($A$1,$S6-1,AA6+1),AA6+1,AA6+2)))),""),"") | AC6: =IFERROR(IF(S6<>"", IF(COUNTIF(OFFSET($A$1,$S6-1,AB6),"*g*"), AB6,IF(COUNTIF(OFFSET($A$1,$S6-1,AB6+1),"*g*"),AB6+2, IF(OFFSET($A$1,$S6-1,AB6)=".","", IF(OFFSET($A$1,$S6-1,AB6)=OFFSET($A$1,$S6-1,AB6+1),AB6+1, IF(OFFSET($A$1,$S6-1,AB6+1)<>0,AB6+2, IF(OFFSET($A$1,$S6-1,AB6)<>0,AB6+1,"")))))),""),"") | AE6: =IF(R6<>"", IF(AND($S6-$R5>3,COUNTIF(OFFSET($A$1,$R5+($S6-$R5-4),0),"<>*テキスト*")), IF(OFFSET($A$1,$R5+($S6-$R5-4),0)=OFFSET($A$1,$R5+($S6-$R5-4),1),1, IF(OFFSET($A$1,$R5+($S6-$R5-4),0)=OFFSET($A$1,$R5+($S6-$R5-4),2),2, IF(OFFSET($A$1,$R5+($S6-$R5-4),0)=OFFSET($A$1,$R5+($S6-$R5-4),3),3,4))), IF(AND($S6-$R5>2,COUNTIF(OFFSET($A$1,$R5+($S6-$R5-3),0),"<>*テキスト*")), IF(OFFSET($A$1,$R5+($S6-$R5-3),0)=OFFSET($A$1,$R5+($S6-$R5-3),1),1, IF(OFFSET($A$1,$R5+($S6-$R5-3),0)=OFFSET($A$1,$R5+($S6-$R5-3),2),2, IF(OFFSET($A$1,$R5+($S6-$R5-3),0)=OFFSET($A$1,$R5+($S6-$R5-3),3),3,4))), IF(COUNTIF(OFFSET($A$1,$R5+($S6-$R5-2),0),"*様*"),1, IF(COUNTIF(OFFSET($A$1,$R5+($S6-$R5-2),1),"*様*"),2, IF(COUNTIF(OFFSET($A$1,$R5+($S6-$R5-2),2),"*様*"),3,4))))),"") | AF6: =IF(R6<>"", IF(AND($S6-$R5>3,COUNTIF(OFFSET($A$1,$R5+($S6-$R5-4),0),"<>*テキスト*")), IFERROR(IF(OFFSET($A$1,$R5+($S6-$R5-4),AE6)=0,"", IF(OFFSET($A$1,$R5+($S6-$R5-4),AE6)=OFFSET($A$1,$R5+($S6-$R5-4),AE6+1),1+AE6, IF(OFFSET($A$1,$R5+($S6-$R5-4),AE6)=OFFSET($A$1,$R5+($S6-$R5-4),AE6+2),2+AE6, IF(OFFSET($A$1,$R5+($S6-$R5-4),AE6)=OFFSET($A$1,$R5+($S6-$R5-4),AE6+3),3+AE6,3+AE6)))),""), IF(AND($S6-$R5>2,COUNTIF(OFFSET($A$1,$R5+($S6-$R5-3),0),"<>*テキスト*")), IFERROR(IF(OFFSET($A$1,$R5+($S6-$R5-3),AE6)=0,"", IF(OFFSET($A$1,$R5+($S6-$R5-3),AE6)=OFFSET($A$1,$R5+($S6-$R5-3),AE6+1),1+AE6, IF(OFFSET($A$1,$R5+($S6-$R5-3),AE6)=OFFSET($A$1,$R5+($S6-$R5-3),AE6+2),2+AE6, IF(OFFSET($A$1,$R5+($S6-$R5-3),AE6)=OFFSET($A$1,$R5+($S6-$R5-3),AE6+3),3+AE6,3+AE6)))),""), IF(COUNTIF(OFFSET($A$1,$R5+($S6-$R5-2),AE6),"*様*"),1+AE6, IF(COUNTIF(OFFSET($A$1,$R5+($S6-$R5-2),AE6+1),"*様*"),2+AE6, IF(COUNTIF(OFFSET($A$1,$R5+($S6-$R5-2),AE6+2),"*様*"),3+AE6,4+AE6))))),"") | AG6: =IF(R6<>"", IF(AND($S6-$R5>3,COUNTIF(OFFSET($A$1,$R5+($S6-$R5-4),0),"<>*テキスト*")), IFERROR(IF(OFFSET($A$1,$R5+($S6-$R5-4),AF6)=0,"", IF(OFFSET($A$1,$R5+($S6-$R5-4),AF6)=OFFSET($A$1,$R5+($S6-$R5-4),AF6+1),1+AF6, IF(OFFSET($A$1,$R5+($S6-$R5-4),AF6)=OFFSET($A$1,$R5+($S6-$R5-4),AF6+2),2+AF6, IF(OFFSET($A$1,$R5+($S6-$R5-4),AF6)=OFFSET($A$1,$R5+($S6-$R5-4),AF6+3),3+AF6,3+AF6)))),""), IF(AND($S6-$R5>2,COUNTIF(OFFSET($A$1,$R5+($S6-$R5-3),0),"<>*テキスト*")), IFERROR(IF(OFFSET($A$1,$R5+($S6-$R5-3),AF6)=0,"", IF(OFFSET($A$1,$R5+($S6-$R5-3),AF6)=OFFSET($A$1,$R5+($S6-$R5-3),AF6+1),1+AF6, IF(OFFSET($A$1,$R5+($S6-$R5-3),AF6)=OFFSET($A$1,$R5+($S6-$R5-3),AF6+2),2+AF6, IF(OFFSET($A$1,$R5+($S6-$R5-3),AF6)=OFFSET($A$1,$R5+($S6-$R5-3),AF6+3),3+AF6,3+AF6)))),""), IF(COUNTIF(OFFSET($A$1,$R5+($S6-$R5-2),AF6),"*様*"),1+AF6, IF(COUNTIF(OFFSET($A$1,$R5+($S6-$R5-2),AF6+1),"*様*"),2+AF6, IF(COUNTIF(OFFSET($A$1,$R5+($S6-$R5-2),AF6+2),"*様*"),3+AF6,4+AF6))))),"") | AH6: =IF(R6<>"", IF(AND($S6-$R5>3,COUNTIF(OFFSET($A$1,$R5+($S6-$R5-4),0),"<>*テキスト*")), IFERROR(IF(OFFSET($A$1,$R5+($S6-$R5-4),AG6)=0,"", IF(OFFSET($A$1,$R5+($S6-$R5-4),AG6)=OFFSET($A$1,$R5+($S6-$R5-4),AG6+1),1+AG6, IF(OFFSET($A$1,$R5+($S6-$R5-4),AG6)=OFFSET($A$1,$R5+($S6-$R5-4),AG6+2),2+AG6, IF(OFFSET($A$1,$R5+($S6-$R5-4),AG6)=OFFSET($A$1,$R5+($S6-$R5-4),AG6+3),3+AG6,3+AG6)))),""), IF(AND($S6-$R5>2,COUNTIF(OFFSET($A$1,$R5+($S6-$R5-3),0),"<>*テキスト*")), IFERROR(IF(OFFSET($A$1,$R5+($S6-$R5-3),AG6)=0,"", IF(OFFSET($A$1,$R5+($S6-$R5-3),AG6)=OFFSET($A$1,$R5+($S6-$R5-3),AG6+1),1+AG6, IF(OFFSET($A$1,$R5+($S6-$R5-3),AG6)=OFFSET($A$1,$R5+($S6-$R5-3),AG6+2),2+AG6, IF(OFFSET($A$1,$R5+($S6-$R5-3),AG6)=OFFSET($A$1,$R5+($S6-$R5-3),AG6+3),3+AG6,3+AG6)))),""), IF(COUNTIF(OFFSET($A$1,$R5+($S6-$R5-2),AG6),"*様*"),1+AG6, IF(COUNTIF(OFFSET($A$1,$R5+($S6-$R5-2),AG6+1),"*様*"),2+AG6, IF(COUNTIF(OFFSET($A$1,$R5+($S6-$R5-2),AG6+2),"*様*"),3+AG6,4+AG6))))),"") | AI6: =IF(R6<>"", IF(AG6<>"","", IF(COUNTIF(OFFSET($A$1,$R5+($S6-$R5-3),0),"*様*"),1, IF(COUNTIF(OFFSET($A$1,$R5+($S6-$R5-3),1),"*様*"),2, IF(COUNTIF(OFFSET($A$1,$R5+($S6-$R5-3),2),"*様*"),3,4)))),"") | AJ6: =IF(R6<>"", IF(AH6<>"","", IF(AI6<>"", IF(COUNTIF(OFFSET($A$1,$R5+($S6-$R5-3),AI6),"*様*"),1+AI6, IF(COUNTIF(OFFSET($A$1,$R5+($S6-$R5-3),AI6+1),"*様*"),2+AI6, IF(COUNTIF(OFFSET($A$1,$R5+($S6-$R5-3),AI6+2),"*様*"),3+AI6,4+AI6))), IF(COUNTIF(OFFSET($A$1,$R5+($S6-$R5-3),0),"*様*"),1, IF(COUNTIF(OFFSET($A$1,$R5+($S6-$R5-3),1),"*様*"),2, IF(COUNTIF(OFFSET($A$1,$R5+($S6-$R5-3),2),"*様*"),3,4))))),"")
O7: =IF(COUNTIF(A7,"*/*"),ROW(),0) -> 0 | P7: =IF(O7<>0,O7-1,0) -> 0 | R7: {=IFERROR(_xlfn.AGGREGATE(15, 6, ($O$2:$O$350)/($O$2:$O$350<>0), ROWS($R$2:R7)), "")} | S7: {=IFERROR(_xlfn.AGGREGATE(15, 6, ($P$2:$P$350)/($P$2:$P$350<>0), ROWS($R$2:R7)), "")} | U7: =IF(R7<>"", IF(COUNTIF(OFFSET($A$1,$R7-1,0),"*/*"), IF(COUNTIF(OFFSET($A$1,$R7-1,1),"*/*"),"",2),1),"") | V7: =IF(R7<>"",IF(U7<>"", IF(COUNTIF(OFFSET($A$1,$R7-1,U7),"*/*"), IF(COUNTIF(OFFSET($A$1,$R7-1,U7+1),"*/*"),"",U7+2),U7+1), IF(COUNTIF(OFFSET($A$1,$R7-1,1),"*/*"), IF(COUNTIF(OFFSET($A$1,$R7-1,1+1),"*/*"),"",1+2),1+1)),"") | W7: =IF(R7<>"",IF(V7<>"", IF(COUNTIF(OFFSET($A$1,$R7-1,V7),"*/*"), IF(COUNTIF(OFFSET($A$1,$R7-1,V7+1),"*/*"),"",V7+2),V7+1), IF(COUNTIF(OFFSET($A$1,$R7-1,2),"*/*"), IF(COUNTIF(OFFSET($A$1,$R7-1,2+1),"*/*"),"",2+2),2+1)),"") | X7: =IF(R7<>"",IF(W7<>"", IF(COUNTIF(OFFSET($A$1,$R7-1,W7),"*/*"), IF(COUNTIF(OFFSET($A$1,$R7-1,W7+1),"*/*"),"",W7+2),W7+1), IF(COUNTIF(OFFSET($A$1,$R7-1,5),"*/*"), IF(COUNTIF(OFFSET($A$1,$R7-1,5+1),"*/*"),"", IF(OFFSET($A$1,R7-1,5+2-1)=0,"",5+2)),IF(OFFSET($A$1,R7-1,5+1-1)=0,"",5+1))),"") | Z7: =IF(S7<>"", IF(COUNTIF(OFFSET($A$1,$S7-1,0),"*g*"), 1,IF(COUNTIF(OFFSET($A$1,$S7-1,1),"*g*"),2, IF(OFFSET($A$1,$S7-1,0)=".","", IF(OFFSET($A$1,$S7-1,0)=OFFSET($A$1,$S7-1,1),1,2)))),"") | AA7: =IFERROR(IF(S7<>"", IF(Z7<>"", IF(COUNTIF(OFFSET($A$1,$S7-1,Z7),"*g*"), Z7,IF(COUNTIF(OFFSET($A$1,$S7-1,Z7+1),"*g*"),Z7+2, IF(OFFSET($A$1,$S7-1,Z7)=".","", IF(OFFSET($A$1,$S7-1,Z7)=OFFSET($A$1,$S7-1,Z7+1),Z7+1,Z7+2)))), IF(COUNTIF(OFFSET($A$1,$S7-1,2),"*g*"), 2,IF(COUNTIF(OFFSET($A$1,$S7-1,2+1),"*g*"),2+2, IF(OFFSET($A$1,$S7-1,2)=".","", IF(OFFSET($A$1,$S7-1,2)=OFFSET($A$1,$S7-1,2+1), IF(OFFSET($A$1,$S7-1,2+1)=0,"",2+1), IF(OFFSET($A$1,$S7-1,2)<>"",2, IF(OFFSET($A$1,$S7-1,2+1)<>"",2+1,""))))))),""),"") | AB7: =IFERROR(IF(S7<>"", IF(COUNTIF(OFFSET($A$1,$S7-1,AA7),"*g*"), AA7,IF(COUNTIF(OFFSET($A$1,$S7-1,AA7+1),"*g*"),AA7+2, IF(OFFSET($A$1,$S7-1,AA7)=".","", IF(OFFSET($A$1,$S7-1,AA7)=OFFSET($A$1,$S7-1,AA7+1),AA7+1,AA7+2)))),""),"") | AC7: =IFERROR(IF(S7<>"", IF(COUNTIF(OFFSET($A$1,$S7-1,AB7),"*g*"), AB7,IF(COUNTIF(OFFSET($A$1,$S7-1,AB7+1),"*g*"),AB7+2, IF(OFFSET($A$1,$S7-1,AB7)=".","", IF(OFFSET($A$1,$S7-1,AB7)=OFFSET($A$1,$S7-1,AB7+1),AB7+1, IF(OFFSET($A$1,$S7-1,AB7+1)<>0,AB7+2, IF(OFFSET($A$1,$S7-1,AB7)<>0,AB7+1,"")))))),""),"") | AE7: =IF(R7<>"", IF(AND($S7-$R6>3,COUNTIF(OFFSET($A$1,$R6+($S7-$R6-4),0),"<>*テキスト*")), IF(OFFSET($A$1,$R6+($S7-$R6-4),0)=OFFSET($A$1,$R6+($S7-$R6-4),1),1, IF(OFFSET($A$1,$R6+($S7-$R6-4),0)=OFFSET($A$1,$R6+($S7-$R6-4),2),2, IF(OFFSET($A$1,$R6+($S7-$R6-4),0)=OFFSET($A$1,$R6+($S7-$R6-4),3),3,4))), IF(AND($S7-$R6>2,COUNTIF(OFFSET($A$1,$R6+($S7-$R6-3),0),"<>*テキスト*")), IF(OFFSET($A$1,$R6+($S7-$R6-3),0)=OFFSET($A$1,$R6+($S7-$R6-3),1),1, IF(OFFSET($A$1,$R6+($S7-$R6-3),0)=OFFSET($A$1,$R6+($S7-$R6-3),2),2, IF(OFFSET($A$1,$R6+($S7-$R6-3),0)=OFFSET($A$1,$R6+($S7-$R6-3),3),3,4))), IF(COUNTIF(OFFSET($A$1,$R6+($S7-$R6-2),0),"*様*"),1, IF(COUNTIF(OFFSET($A$1,$R6+($S7-$R6-2),1),"*様*"),2, IF(COUNTIF(OFFSET($A$1,$R6+($S7-$R6-2),2),"*様*"),3,4))))),"") | AF7: =IF(R7<>"", IF(AND($S7-$R6>3,COUNTIF(OFFSET($A$1,$R6+($S7-$R6-4),0),"<>*テキスト*")), IFERROR(IF(OFFSET($A$1,$R6+($S7-$R6-4),AE7)=0,"", IF(OFFSET($A$1,$R6+($S7-$R6-4),AE7)=OFFSET($A$1,$R6+($S7-$R6-4),AE7+1),1+AE7, IF(OFFSET($A$1,$R6+($S7-$R6-4),AE7)=OFFSET($A$1,$R6+($S7-$R6-4),AE7+2),2+AE7, IF(OFFSET($A$1,$R6+($S7-$R6-4),AE7)=OFFSET($A$1,$R6+($S7-$R6-4),AE7+3),3+AE7,3+AE7)))),""), IF(AND($S7-$R6>2,COUNTIF(OFFSET($A$1,$R6+($S7-$R6-3),0),"<>*テキスト*")), IFERROR(IF(OFFSET($A$1,$R6+($S7-$R6-3),AE7)=0,"", IF(OFFSET($A$1,$R6+($S7-$R6-3),AE7)=OFFSET($A$1,$R6+($S7-$R6-3),AE7+1),1+AE7, IF(OFFSET($A$1,$R6+($S7-$R6-3),AE7)=OFFSET($A$1,$R6+($S7-$R6-3),AE7+2),2+AE7, IF(OFFSET($A$1,$R6+($S7-$R6-3),AE7)=OFFSET($A$1,$R6+($S7-$R6-3),AE7+3),3+AE7,3+AE7)))),""), IF(COUNTIF(OFFSET($A$1,$R6+($S7-$R6-2),AE7),"*様*"),1+AE7, IF(COUNTIF(OFFSET($A$1,$R6+($S7-$R6-2),AE7+1),"*様*"),2+AE7, IF(COUNTIF(OFFSET($A$1,$R6+($S7-$R6-2),AE7+2),"*様*"),3+AE7,4+AE7))))),"") | AG7: =IF(R7<>"", IF(AND($S7-$R6>3,COUNTIF(OFFSET($A$1,$R6+($S7-$R6-4),0),"<>*テキスト*")), IFERROR(IF(OFFSET($A$1,$R6+($S7-$R6-4),AF7)=0,"", IF(OFFSET($A$1,$R6+($S7-$R6-4),AF7)=OFFSET($A$1,$R6+($S7-$R6-4),AF7+1),1+AF7, IF(OFFSET($A$1,$R6+($S7-$R6-4),AF7)=OFFSET($A$1,$R6+($S7-$R6-4),AF7+2),2+AF7, IF(OFFSET($A$1,$R6+($S7-$R6-4),AF7)=OFFSET($A$1,$R6+($S7-$R6-4),AF7+3),3+AF7,3+AF7)))),""), IF(AND($S7-$R6>2,COUNTIF(OFFSET($A$1,$R6+($S7-$R6-3),0),"<>*テキスト*")), IFERROR(IF(OFFSET($A$1,$R6+($S7-$R6-3),AF7)=0,"", IF(OFFSET($A$1,$R6+($S7-$R6-3),AF7)=OFFSET($A$1,$R6+($S7-$R6-3),AF7+1),1+AF7, IF(OFFSET($A$1,$R6+($S7-$R6-3),AF7)=OFFSET($A$1,$R6+($S7-$R6-3),AF7+2),2+AF7, IF(OFFSET($A$1,$R6+($S7-$R6-3),AF7)=OFFSET($A$1,$R6+($S7-$R6-3),AF7+3),3+AF7,3+AF7)))),""), IF(COUNTIF(OFFSET($A$1,$R6+($S7-$R6-2),AF7),"*様*"),1+AF7, IF(COUNTIF(OFFSET($A$1,$R6+($S7-$R6-2),AF7+1),"*様*"),2+AF7, IF(COUNTIF(OFFSET($A$1,$R6+($S7-$R6-2),AF7+2),"*様*"),3+AF7,4+AF7))))),"") | AH7: =IF(R7<>"", IF(AND($S7-$R6>3,COUNTIF(OFFSET($A$1,$R6+($S7-$R6-4),0),"<>*テキスト*")), IFERROR(IF(OFFSET($A$1,$R6+($S7-$R6-4),AG7)=0,"", IF(OFFSET($A$1,$R6+($S7-$R6-4),AG7)=OFFSET($A$1,$R6+($S7-$R6-4),AG7+1),1+AG7, IF(OFFSET($A$1,$R6+($S7-$R6-4),AG7)=OFFSET($A$1,$R6+($S7-$R6-4),AG7+2),2+AG7, IF(OFFSET($A$1,$R6+($S7-$R6-4),AG7)=OFFSET($A$1,$R6+($S7-$R6-4),AG7+3),3+AG7,3+AG7)))),""), IF(AND($S7-$R6>2,COUNTIF(OFFSET($A$1,$R6+($S7-$R6-3),0),"<>*テキスト*")), IFERROR(IF(OFFSET($A$1,$R6+($S7-$R6-3),AG7)=0,"", IF(OFFSET($A$1,$R6+($S7-$R6-3),AG7)=OFFSET($A$1,$R6+($S7-$R6-3),AG7+1),1+AG7, IF(OFFSET($A$1,$R6+($S7-$R6-3),AG7)=OFFSET($A$1,$R6+($S7-$R6-3),AG7+2),2+AG7, IF(OFFSET($A$1,$R6+($S7-$R6-3),AG7)=OFFSET($A$1,$R6+($S7-$R6-3),AG7+3),3+AG7,3+AG7)))),""), IF(COUNTIF(OFFSET($A$1,$R6+($S7-$R6-2),AG7),"*様*"),1+AG7, IF(COUNTIF(OFFSET($A$1,$R6+($S7-$R6-2),AG7+1),"*様*"),2+AG7, IF(COUNTIF(OFFSET($A$1,$R6+($S7-$R6-2),AG7+2),"*様*"),3+AG7,4+AG7))))),"") | AI7: =IF(R7<>"", IF(AG7<>"","", IF(COUNTIF(OFFSET($A$1,$R6+($S7-$R6-3),0),"*様*"),1, IF(COUNTIF(OFFSET($A$1,$R6+($S7-$R6-3),1),"*様*"),2, IF(COUNTIF(OFFSET($A$1,$R6+($S7-$R6-3),2),"*様*"),3,4)))),"") | AJ7: =IF(R7<>"", IF(AH7<>"","", IF(AI7<>"", IF(COUNTIF(OFFSET($A$1,$R6+($S7-$R6-3),AI7),"*様*"),1+AI7, IF(COUNTIF(OFFSET($A$1,$R6+($S7-$R6-3),AI7+1),"*様*"),2+AI7, IF(COUNTIF(OFFSET($A$1,$R6+($S7-$R6-3),AI7+2),"*様*"),3+AI7,4+AI7))), IF(COUNTIF(OFFSET($A$1,$R6+($S7-$R6-3),0),"*様*"),1, IF(COUNTIF(OFFSET($A$1,$R6+($S7-$R6-3),1),"*様*"),2, IF(COUNTIF(OFFSET($A$1,$R6+($S7-$R6-3),2),"*様*"),3,4))))),"")
O8: =IF(COUNTIF(A8,"*/*"),ROW(),0) -> 0 | P8: =IF(O8<>0,O8-1,0) -> 0 | R8: {=IFERROR(_xlfn.AGGREGATE(15, 6, ($O$2:$O$350)/($O$2:$O$350<>0), ROWS($R$2:R8)), "")} | S8: {=IFERROR(_xlfn.AGGREGATE(15, 6, ($P$2:$P$350)/($P$2:$P$350<>0), ROWS($R$2:R8)), "")} | U8: =IF(R8<>"", IF(COUNTIF(OFFSET($A$1,$R8-1,0),"*/*"), IF(COUNTIF(OFFSET($A$1,$R8-1,1),"*/*"),"",2),1),"") | V8: =IF(R8<>"",IF(U8<>"", IF(COUNTIF(OFFSET($A$1,$R8-1,U8),"*/*"), IF(COUNTIF(OFFSET($A$1,$R8-1,U8+1),"*/*"),"",U8+2),U8+1), IF(COUNTIF(OFFSET($A$1,$R8-1,1),"*/*"), IF(COUNTIF(OFFSET($A$1,$R8-1,1+1),"*/*"),"",1+2),1+1)),"") | W8: =IF(R8<>"",IF(V8<>"", IF(COUNTIF(OFFSET($A$1,$R8-1,V8),"*/*"), IF(COUNTIF(OFFSET($A$1,$R8-1,V8+1),"*/*"),"",V8+2),V8+1), IF(COUNTIF(OFFSET($A$1,$R8-1,2),"*/*"), IF(COUNTIF(OFFSET($A$1,$R8-1,2+1),"*/*"),"",2+2),2+1)),"") | X8: =IF(R8<>"",IF(W8<>"", IF(COUNTIF(OFFSET($A$1,$R8-1,W8),"*/*"), IF(COUNTIF(OFFSET($A$1,$R8-1,W8+1),"*/*"),"",W8+2),W8+1), IF(COUNTIF(OFFSET($A$1,$R8-1,5),"*/*"), IF(COUNTIF(OFFSET($A$1,$R8-1,5+1),"*/*"),"", IF(OFFSET($A$1,R8-1,5+2-1)=0,"",5+2)),IF(OFFSET($A$1,R8-1,5+1-1)=0,"",5+1))),"") | Z8: =IF(S8<>"", IF(COUNTIF(OFFSET($A$1,$S8-1,0),"*g*"), 1,IF(COUNTIF(OFFSET($A$1,$S8-1,1),"*g*"),2, IF(OFFSET($A$1,$S8-1,0)=".","", IF(OFFSET($A$1,$S8-1,0)=OFFSET($A$1,$S8-1,1),1,2)))),"") | AA8: =IFERROR(IF(S8<>"", IF(Z8<>"", IF(COUNTIF(OFFSET($A$1,$S8-1,Z8),"*g*"), Z8,IF(COUNTIF(OFFSET($A$1,$S8-1,Z8+1),"*g*"),Z8+2, IF(OFFSET($A$1,$S8-1,Z8)=".","", IF(OFFSET($A$1,$S8-1,Z8)=OFFSET($A$1,$S8-1,Z8+1),Z8+1,Z8+2)))), IF(COUNTIF(OFFSET($A$1,$S8-1,2),"*g*"), 2,IF(COUNTIF(OFFSET($A$1,$S8-1,2+1),"*g*"),2+2, IF(OFFSET($A$1,$S8-1,2)=".","", IF(OFFSET($A$1,$S8-1,2)=OFFSET($A$1,$S8-1,2+1), IF(OFFSET($A$1,$S8-1,2+1)=0,"",2+1), IF(OFFSET($A$1,$S8-1,2)<>"",2, IF(OFFSET($A$1,$S8-1,2+1)<>"",2+1,""))))))),""),"") | AB8: =IFERROR(IF(S8<>"", IF(COUNTIF(OFFSET($A$1,$S8-1,AA8),"*g*"), AA8,IF(COUNTIF(OFFSET($A$1,$S8-1,AA8+1),"*g*"),AA8+2, IF(OFFSET($A$1,$S8-1,AA8)=".","", IF(OFFSET($A$1,$S8-1,AA8)=OFFSET($A$1,$S8-1,AA8+1),AA8+1,AA8+2)))),""),"") | AC8: =IFERROR(IF(S8<>"", IF(COUNTIF(OFFSET($A$1,$S8-1,AB8),"*g*"), AB8,IF(COUNTIF(OFFSET($A$1,$S8-1,AB8+1),"*g*"),AB8+2, IF(OFFSET($A$1,$S8-1,AB8)=".","", IF(OFFSET($A$1,$S8-1,AB8)=OFFSET($A$1,$S8-1,AB8+1),AB8+1, IF(OFFSET($A$1,$S8-1,AB8+1)<>0,AB8+2, IF(OFFSET($A$1,$S8-1,AB8)<>0,AB8+1,"")))))),""),"") | AE8: =IF(R8<>"", IF(AND($S8-$R7>3,COUNTIF(OFFSET($A$1,$R7+($S8-$R7-4),0),"<>*テキスト*")), IF(OFFSET($A$1,$R7+($S8-$R7-4),0)=OFFSET($A$1,$R7+($S8-$R7-4),1),1, IF(OFFSET($A$1,$R7+($S8-$R7-4),0)=OFFSET($A$1,$R7+($S8-$R7-4),2),2, IF(OFFSET($A$1,$R7+($S8-$R7-4),0)=OFFSET($A$1,$R7+($S8-$R7-4),3),3,4))), IF(AND($S8-$R7>2,COUNTIF(OFFSET($A$1,$R7+($S8-$R7-3),0),"<>*テキスト*")), IF(OFFSET($A$1,$R7+($S8-$R7-3),0)=OFFSET($A$1,$R7+($S8-$R7-3),1),1, IF(OFFSET($A$1,$R7+($S8-$R7-3),0)=OFFSET($A$1,$R7+($S8-$R7-3),2),2, IF(OFFSET($A$1,$R7+($S8-$R7-3),0)=OFFSET($A$1,$R7+($S8-$R7-3),3),3,4))), IF(COUNTIF(OFFSET($A$1,$R7+($S8-$R7-2),0),"*様*"),1, IF(COUNTIF(OFFSET($A$1,$R7+($S8-$R7-2),1),"*様*"),2, IF(COUNTIF(OFFSET($A$1,$R7+($S8-$R7-2),2),"*様*"),3,4))))),"") | AF8: =IF(R8<>"", IF(AND($S8-$R7>3,COUNTIF(OFFSET($A$1,$R7+($S8-$R7-4),0),"<>*テキスト*")), IFERROR(IF(OFFSET($A$1,$R7+($S8-$R7-4),AE8)=0,"", IF(OFFSET($A$1,$R7+($S8-$R7-4),AE8)=OFFSET($A$1,$R7+($S8-$R7-4),AE8+1),1+AE8, IF(OFFSET($A$1,$R7+($S8-$R7-4),AE8)=OFFSET($A$1,$R7+($S8-$R7-4),AE8+2),2+AE8, IF(OFFSET($A$1,$R7+($S8-$R7-4),AE8)=OFFSET($A$1,$R7+($S8-$R7-4),AE8+3),3+AE8,3+AE8)))),""), IF(AND($S8-$R7>2,COUNTIF(OFFSET($A$1,$R7+($S8-$R7-3),0),"<>*テキスト*")), IFERROR(IF(OFFSET($A$1,$R7+($S8-$R7-3),AE8)=0,"", IF(OFFSET($A$1,$R7+($S8-$R7-3),AE8)=OFFSET($A$1,$R7+($S8-$R7-3),AE8+1),1+AE8, IF(OFFSET($A$1,$R7+($S8-$R7-3),AE8)=OFFSET($A$1,$R7+($S8-$R7-3),AE8+2),2+AE8, IF(OFFSET($A$1,$R7+($S8-$R7-3),AE8)=OFFSET($A$1,$R7+($S8-$R7-3),AE8+3),3+AE8,3+AE8)))),""), IF(COUNTIF(OFFSET($A$1,$R7+($S8-$R7-2),AE8),"*様*"),1+AE8, IF(COUNTIF(OFFSET($A$1,$R7+($S8-$R7-2),AE8+1),"*様*"),2+AE8, IF(COUNTIF(OFFSET($A$1,$R7+($S8-$R7-2),AE8+2),"*様*"),3+AE8,4+AE8))))),"") | AG8: =IF(R8<>"", IF(AND($S8-$R7>3,COUNTIF(OFFSET($A$1,$R7+($S8-$R7-4),0),"<>*テキスト*")), IFERROR(IF(OFFSET($A$1,$R7+($S8-$R7-4),AF8)=0,"", IF(OFFSET($A$1,$R7+($S8-$R7-4),AF8)=OFFSET($A$1,$R7+($S8-$R7-4),AF8+1),1+AF8, IF(OFFSET($A$1,$R7+($S8-$R7-4),AF8)=OFFSET($A$1,$R7+($S8-$R7-4),AF8+2),2+AF8, IF(OFFSET($A$1,$R7+($S8-$R7-4),AF8)=OFFSET($A$1,$R7+($S8-$R7-4),AF8+3),3+AF8,3+AF8)))),""), IF(AND($S8-$R7>2,COUNTIF(OFFSET($A$1,$R7+($S8-$R7-3),0),"<>*テキスト*")), IFERROR(IF(OFFSET($A$1,$R7+($S8-$R7-3),AF8)=0,"", IF(OFFSET($A$1,$R7+($S8-$R7-3),AF8)=OFFSET($A$1,$R7+($S8-$R7-3),AF8+1),1+AF8, IF(OFFSET($A$1,$R7+($S8-$R7-3),AF8)=OFFSET($A$1,$R7+($S8-$R7-3),AF8+2),2+AF8, IF(OFFSET($A$1,$R7+($S8-$R7-3),AF8)=OFFSET($A$1,$R7+($S8-$R7-3),AF8+3),3+AF8,3+AF8)))),""), IF(COUNTIF(OFFSET($A$1,$R7+($S8-$R7-2),AF8),"*様*"),1+AF8, IF(COUNTIF(OFFSET($A$1,$R7+($S8-$R7-2),AF8+1),"*様*"),2+AF8, IF(COUNTIF(OFFSET($A$1,$R7+($S8-$R7-2),AF8+2),"*様*"),3+AF8,4+AF8))))),"") | AH8: =IF(R8<>"", IF(AND($S8-$R7>3,COUNTIF(OFFSET($A$1,$R7+($S8-$R7-4),0),"<>*テキスト*")), IFERROR(IF(OFFSET($A$1,$R7+($S8-$R7-4),AG8)=0,"", IF(OFFSET($A$1,$R7+($S8-$R7-4),AG8)=OFFSET($A$1,$R7+($S8-$R7-4),AG8+1),1+AG8, IF(OFFSET($A$1,$R7+($S8-$R7-4),AG8)=OFFSET($A$1,$R7+($S8-$R7-4),AG8+2),2+AG8, IF(OFFSET($A$1,$R7+($S8-$R7-4),AG8)=OFFSET($A$1,$R7+($S8-$R7-4),AG8+3),3+AG8,3+AG8)))),""), IF(AND($S8-$R7>2,COUNTIF(OFFSET($A$1,$R7+($S8-$R7-3),0),"<>*テキスト*")), IFERROR(IF(OFFSET($A$1,$R7+($S8-$R7-3),AG8)=0,"", IF(OFFSET($A$1,$R7+($S8-$R7-3),AG8)=OFFSET($A$1,$R7+($S8-$R7-3),AG8+1),1+AG8, IF(OFFSET($A$1,$R7+($S8-$R7-3),AG8)=OFFSET($A$1,$R7+($S8-$R7-3),AG8+2),2+AG8, IF(OFFSET($A$1,$R7+($S8-$R7-3),AG8)=OFFSET($A$1,$R7+($S8-$R7-3),AG8+3),3+AG8,3+AG8)))),""), IF(COUNTIF(OFFSET($A$1,$R7+($S8-$R7-2),AG8),"*様*"),1+AG8, IF(COUNTIF(OFFSET($A$1,$R7+($S8-$R7-2),AG8+1),"*様*"),2+AG8, IF(COUNTIF(OFFSET($A$1,$R7+($S8-$R7-2),AG8+2),"*様*"),3+AG8,4+AG8))))),"") | AI8: =IF(R8<>"", IF(AG8<>"","", IF(COUNTIF(OFFSET($A$1,$R7+($S8-$R7-3),0),"*様*"),1, IF(COUNTIF(OFFSET($A$1,$R7+($S8-$R7-3),1),"*様*"),2, IF(COUNTIF(OFFSET($A$1,$R7+($S8-$R7-3),2),"*様*"),3,4)))),"") | AJ8: =IF(R8<>"", IF(AH8<>"","", IF(AI8<>"", IF(COUNTIF(OFFSET($A$1,$R7+($S8-$R7-3),AI8),"*様*"),1+AI8, IF(COUNTIF(OFFSET($A$1,$R7+($S8-$R7-3),AI8+1),"*様*"),2+AI8, IF(COUNTIF(OFFSET($A$1,$R7+($S8-$R7-3),AI8+2),"*様*"),3+AI8,4+AI8))), IF(COUNTIF(OFFSET($A$1,$R7+($S8-$R7-3),0),"*様*"),1, IF(COUNTIF(OFFSET($A$1,$R7+($S8-$R7-3),1),"*様*"),2, IF(COUNTIF(OFFSET($A$1,$R7+($S8-$R7-3),2),"*様*"),3,4))))),"")
O9: =IF(COUNTIF(A9,"*/*"),ROW(),0) -> 0 | P9: =IF(O9<>0,O9-1,0) -> 0 | R9: {=IFERROR(_xlfn.AGGREGATE(15, 6, ($O$2:$O$350)/($O$2:$O$350<>0), ROWS($R$2:R9)), "")} | S9: {=IFERROR(_xlfn.AGGREGATE(15, 6, ($P$2:$P$350)/($P$2:$P$350<>0), ROWS($R$2:R9)), "")} | U9: =IF(R9<>"", IF(COUNTIF(OFFSET($A$1,$R9-1,0),"*/*"), IF(COUNTIF(OFFSET($A$1,$R9-1,1),"*/*"),"",2),1),"") | V9: =IF(R9<>"",IF(U9<>"", IF(COUNTIF(OFFSET($A$1,$R9-1,U9),"*/*"), IF(COUNTIF(OFFSET($A$1,$R9-1,U9+1),"*/*"),"",U9+2),U9+1), IF(COUNTIF(OFFSET($A$1,$R9-1,1),"*/*"), IF(COUNTIF(OFFSET($A$1,$R9-1,1+1),"*/*"),"",1+2),1+1)),"") | W9: =IF(R9<>"",IF(V9<>"", IF(COUNTIF(OFFSET($A$1,$R9-1,V9),"*/*"), IF(COUNTIF(OFFSET($A$1,$R9-1,V9+1),"*/*"),"",V9+2),V9+1), IF(COUNTIF(OFFSET($A$1,$R9-1,2),"*/*"), IF(COUNTIF(OFFSET($A$1,$R9-1,2+1),"*/*"),"",2+2),2+1)),"") | X9: =IF(R9<>"",IF(W9<>"", IF(COUNTIF(OFFSET($A$1,$R9-1,W9),"*/*"), IF(COUNTIF(OFFSET($A$1,$R9-1,W9+1),"*/*"),"",W9+2),W9+1), IF(COUNTIF(OFFSET($A$1,$R9-1,5),"*/*"), IF(COUNTIF(OFFSET($A$1,$R9-1,5+1),"*/*"),"", IF(OFFSET($A$1,R9-1,5+2-1)=0,"",5+2)),IF(OFFSET($A$1,R9-1,5+1-1)=0,"",5+1))),"") | Z9: =IF(S9<>"", IF(COUNTIF(OFFSET($A$1,$S9-1,0),"*g*"), 1,IF(COUNTIF(OFFSET($A$1,$S9-1,1),"*g*"),2, IF(OFFSET($A$1,$S9-1,0)=".","", IF(OFFSET($A$1,$S9-1,0)=OFFSET($A$1,$S9-1,1),1,2)))),"") | AA9: =IFERROR(IF(S9<>"", IF(Z9<>"", IF(COUNTIF(OFFSET($A$1,$S9-1,Z9),"*g*"), Z9,IF(COUNTIF(OFFSET($A$1,$S9-1,Z9+1),"*g*"),Z9+2, IF(OFFSET($A$1,$S9-1,Z9)=".","", IF(OFFSET($A$1,$S9-1,Z9)=OFFSET($A$1,$S9-1,Z9+1),Z9+1,Z9+2)))), IF(COUNTIF(OFFSET($A$1,$S9-1,2),"*g*"), 2,IF(COUNTIF(OFFSET($A$1,$S9-1,2+1),"*g*"),2+2, IF(OFFSET($A$1,$S9-1,2)=".","", IF(OFFSET($A$1,$S9-1,2)=OFFSET($A$1,$S9-1,2+1), IF(OFFSET($A$1,$S9-1,2+1)=0,"",2+1), IF(OFFSET($A$1,$S9-1,2)<>"",2, IF(OFFSET($A$1,$S9-1,2+1)<>"",2+1,""))))))),""),"") | AB9: =IFERROR(IF(S9<>"", IF(COUNTIF(OFFSET($A$1,$S9-1,AA9),"*g*"), AA9,IF(COUNTIF(OFFSET($A$1,$S9-1,AA9+1),"*g*"),AA9+2, IF(OFFSET($A$1,$S9-1,AA9)=".","", IF(OFFSET($A$1,$S9-1,AA9)=OFFSET($A$1,$S9-1,AA9+1),AA9+1,AA9+2)))),""),"") | AC9: =IFERROR(IF(S9<>"", IF(COUNTIF(OFFSET($A$1,$S9-1,AB9),"*g*"), AB9,IF(COUNTIF(OFFSET($A$1,$S9-1,AB9+1),"*g*"),AB9+2, IF(OFFSET($A$1,$S9-1,AB9)=".","", IF(OFFSET($A$1,$S9-1,AB9)=OFFSET($A$1,$S9-1,AB9+1),AB9+1, IF(OFFSET($A$1,$S9-1,AB9+1)<>0,AB9+2, IF(OFFSET($A$1,$S9-1,AB9)<>0,AB9+1,"")))))),""),"") | AE9: =IF(R9<>"", IF(AND($S9-$R8>3,COUNTIF(OFFSET($A$1,$R8+($S9-$R8-4),0),"<>*テキスト*")), IF(OFFSET($A$1,$R8+($S9-$R8-4),0)=OFFSET($A$1,$R8+($S9-$R8-4),1),1, IF(OFFSET($A$1,$R8+($S9-$R8-4),0)=OFFSET($A$1,$R8+($S9-$R8-4),2),2, IF(OFFSET($A$1,$R8+($S9-$R8-4),0)=OFFSET($A$1,$R8+($S9-$R8-4),3),3,4))), IF(AND($S9-$R8>2,COUNTIF(OFFSET($A$1,$R8+($S9-$R8-3),0),"<>*テキスト*")), IF(OFFSET($A$1,$R8+($S9-$R8-3),0)=OFFSET($A$1,$R8+($S9-$R8-3),1),1, IF(OFFSET($A$1,$R8+($S9-$R8-3),0)=OFFSET($A$1,$R8+($S9-$R8-3),2),2, IF(OFFSET($A$1,$R8+($S9-$R8-3),0)=OFFSET($A$1,$R8+($S9-$R8-3),3),3,4))), IF(COUNTIF(OFFSET($A$1,$R8+($S9-$R8-2),0),"*様*"),1, IF(COUNTIF(OFFSET($A$1,$R8+($S9-$R8-2),1),"*様*"),2, IF(COUNTIF(OFFSET($A$1,$R8+($S9-$R8-2),2),"*様*"),3,4))))),"") | AF9: =IF(R9<>"", IF(AND($S9-$R8>3,COUNTIF(OFFSET($A$1,$R8+($S9-$R8-4),0),"<>*テキスト*")), IFERROR(IF(OFFSET($A$1,$R8+($S9-$R8-4),AE9)=0,"", IF(OFFSET($A$1,$R8+($S9-$R8-4),AE9)=OFFSET($A$1,$R8+($S9-$R8-4),AE9+1),1+AE9, IF(OFFSET($A$1,$R8+($S9-$R8-4),AE9)=OFFSET($A$1,$R8+($S9-$R8-4),AE9+2),2+AE9, IF(OFFSET($A$1,$R8+($S9-$R8-4),AE9)=OFFSET($A$1,$R8+($S9-$R8-4),AE9+3),3+AE9,3+AE9)))),""), IF(AND($S9-$R8>2,COUNTIF(OFFSET($A$1,$R8+($S9-$R8-3),0),"<>*テキスト*")), IFERROR(IF(OFFSET($A$1,$R8+($S9-$R8-3),AE9)=0,"", IF(OFFSET($A$1,$R8+($S9-$R8-3),AE9)=OFFSET($A$1,$R8+($S9-$R8-3),AE9+1),1+AE9, IF(OFFSET($A$1,$R8+($S9-$R8-3),AE9)=OFFSET($A$1,$R8+($S9-$R8-3),AE9+2),2+AE9, IF(OFFSET($A$1,$R8+($S9-$R8-3),AE9)=OFFSET($A$1,$R8+($S9-$R8-3),AE9+3),3+AE9,3+AE9)))),""), IF(COUNTIF(OFFSET($A$1,$R8+($S9-$R8-2),AE9),"*様*"),1+AE9, IF(COUNTIF(OFFSET($A$1,$R8+($S9-$R8-2),AE9+1),"*様*"),2+AE9, IF(COUNTIF(OFFSET($A$1,$R8+($S9-$R8-2),AE9+2),"*様*"),3+AE9,4+AE9))))),"") | AG9: =IF(R9<>"", IF(AND($S9-$R8>3,COUNTIF(OFFSET($A$1,$R8+($S9-$R8-4),0),"<>*テキスト*")), IFERROR(IF(OFFSET($A$1,$R8+($S9-$R8-4),AF9)=0,"", IF(OFFSET($A$1,$R8+($S9-$R8-4),AF9)=OFFSET($A$1,$R8+($S9-$R8-4),AF9+1),1+AF9, IF(OFFSET($A$1,$R8+($S9-$R8-4),AF9)=OFFSET($A$1,$R8+($S9-$R8-4),AF9+2),2+AF9, IF(OFFSET($A$1,$R8+($S9-$R8-4),AF9)=OFFSET($A$1,$R8+($S9-$R8-4),AF9+3),3+AF9,3+AF9)))),""), IF(AND($S9-$R8>2,COUNTIF(OFFSET($A$1,$R8+($S9-$R8-3),0),"<>*テキスト*")), IFERROR(IF(OFFSET($A$1,$R8+($S9-$R8-3),AF9)=0,"", IF(OFFSET($A$1,$R8+($S9-$R8-3),AF9)=OFFSET($A$1,$R8+($S9-$R8-3),AF9+1),1+AF9, IF(OFFSET($A$1,$R8+($S9-$R8-3),AF9)=OFFSET($A$1,$R8+($S9-$R8-3),AF9+2),2+AF9, IF(OFFSET($A$1,$R8+($S9-$R8-3),AF9)=OFFSET($A$1,$R8+($S9-$R8-3),AF9+3),3+AF9,3+AF9)))),""), IF(COUNTIF(OFFSET($A$1,$R8+($S9-$R8-2),AF9),"*様*"),1+AF9, IF(COUNTIF(OFFSET($A$1,$R8+($S9-$R8-2),AF9+1),"*様*"),2+AF9, IF(COUNTIF(OFFSET($A$1,$R8+($S9-$R8-2),AF9+2),"*様*"),3+AF9,4+AF9))))),"") | AH9: =IF(R9<>"", IF(AND($S9-$R8>3,COUNTIF(OFFSET($A$1,$R8+($S9-$R8-4),0),"<>*テキスト*")), IFERROR(IF(OFFSET($A$1,$R8+($S9-$R8-4),AG9)=0,"", IF(OFFSET($A$1,$R8+($S9-$R8-4),AG9)=OFFSET($A$1,$R8+($S9-$R8-4),AG9+1),1+AG9, IF(OFFSET($A$1,$R8+($S9-$R8-4),AG9)=OFFSET($A$1,$R8+($S9-$R8-4),AG9+2),2+AG9, IF(OFFSET($A$1,$R8+($S9-$R8-4),AG9)=OFFSET($A$1,$R8+($S9-$R8-4),AG9+3),3+AG9,3+AG9)))),""), IF(AND($S9-$R8>2,COUNTIF(OFFSET($A$1,$R8+($S9-$R8-3),0),"<>*テキスト*")), IFERROR(IF(OFFSET($A$1,$R8+($S9-$R8-3),AG9)=0,"", IF(OFFSET($A$1,$R8+($S9-$R8-3),AG9)=OFFSET($A$1,$R8+($S9-$R8-3),AG9+1),1+AG9, IF(OFFSET($A$1,$R8+($S9-$R8-3),AG9)=OFFSET($A$1,$R8+($S9-$R8-3),AG9+2),2+AG9, IF(OFFSET($A$1,$R8+($S9-$R8-3),AG9)=OFFSET($A$1,$R8+($S9-$R8-3),AG9+3),3+AG9,3+AG9)))),""), IF(COUNTIF(OFFSET($A$1,$R8+($S9-$R8-2),AG9),"*様*"),1+AG9, IF(COUNTIF(OFFSET($A$1,$R8+($S9-$R8-2),AG9+1),"*様*"),2+AG9, IF(COUNTIF(OFFSET($A$1,$R8+($S9-$R8-2),AG9+2),"*様*"),3+AG9,4+AG9))))),"") | AI9: =IF(R9<>"", IF(AG9<>"","", IF(COUNTIF(OFFSET($A$1,$R8+($S9-$R8-3),0),"*様*"),1, IF(COUNTIF(OFFSET($A$1,$R8+($S9-$R8-3),1),"*様*"),2, IF(COUNTIF(OFFSET($A$1,$R8+($S9-$R8-3),2),"*様*"),3,4)))),"") | AJ9: =IF(R9<>"", IF(AH9<>"","", IF(AI9<>"", IF(COUNTIF(OFFSET($A$1,$R8+($S9-$R8-3),AI9),"*様*"),1+AI9, IF(COUNTIF(OFFSET($A$1,$R8+($S9-$R8-3),AI9+1),"*様*"),2+AI9, IF(COUNTIF(OFFSET($A$1,$R8+($S9-$R8-3),AI9+2),"*様*"),3+AI9,4+AI9))), IF(COUNTIF(OFFSET($A$1,$R8+($S9-$R8-3),0),"*様*"),1, IF(COUNTIF(OFFSET($A$1,$R8+($S9-$R8-3),1),"*様*"),2, IF(COUNTIF(OFFSET($A$1,$R8+($S9-$R8-3),2),"*様*"),3,4))))),"")
O10: =IF(COUNTIF(A10,"*/*"),ROW(),0) -> 0 | P10: =IF(O10<>0,O10-1,0) -> 0 | R10: {=IFERROR(_xlfn.AGGREGATE(15, 6, ($O$2:$O$350)/($O$2:$O$350<>0), ROWS($R$2:R10)), "")} | S10: {=IFERROR(_xlfn.AGGREGATE(15, 6, ($P$2:$P$350)/($P$2:$P$350<>0), ROWS($R$2:R10)), "")} | U10: =IF(R10<>"", IF(COUNTIF(OFFSET($A$1,$R10-1,0),"*/*"), IF(COUNTIF(OFFSET($A$1,$R10-1,1),"*/*"),"",2),1),"") | V10: =IF(R10<>"",IF(U10<>"", IF(COUNTIF(OFFSET($A$1,$R10-1,U10),"*/*"), IF(COUNTIF(OFFSET($A$1,$R10-1,U10+1),"*/*"),"",U10+2),U10+1), IF(COUNTIF(OFFSET($A$1,$R10-1,1),"*/*"), IF(COUNTIF(OFFSET($A$1,$R10-1,1+1),"*/*"),"",1+2),1+1)),"") | W10: =IF(R10<>"",IF(V10<>"", IF(COUNTIF(OFFSET($A$1,$R10-1,V10),"*/*"), IF(COUNTIF(OFFSET($A$1,$R10-1,V10+1),"*/*"),"",V10+2),V10+1), IF(COUNTIF(OFFSET($A$1,$R10-1,2),"*/*"), IF(COUNTIF(OFFSET($A$1,$R10-1,2+1),"*/*"),"",2+2),2+1)),"") | X10: =IF(R10<>"",IF(W10<>"", IF(COUNTIF(OFFSET($A$1,$R10-1,W10),"*/*"), IF(COUNTIF(OFFSET($A$1,$R10-1,W10+1),"*/*"),"",W10+2),W10+1), IF(COUNTIF(OFFSET($A$1,$R10-1,5),"*/*"), IF(COUNTIF(OFFSET($A$1,$R10-1,5+1),"*/*"),"", IF(OFFSET($A$1,R10-1,5+2-1)=0,"",5+2)),IF(OFFSET($A$1,R10-1,5+1-1)=0,"",5+1))),"") | Z10: =IF(S10<>"", IF(COUNTIF(OFFSET($A$1,$S10-1,0),"*g*"), 1,IF(COUNTIF(OFFSET($A$1,$S10-1,1),"*g*"),2, IF(OFFSET($A$1,$S10-1,0)=".","", IF(OFFSET($A$1,$S10-1,0)=OFFSET($A$1,$S10-1,1),1,2)))),"") | AA10: =IFERROR(IF(S10<>"", IF(Z10<>"", IF(COUNTIF(OFFSET($A$1,$S10-1,Z10),"*g*"), Z10,IF(COUNTIF(OFFSET($A$1,$S10-1,Z10+1),"*g*"),Z10+2, IF(OFFSET($A$1,$S10-1,Z10)=".","", IF(OFFSET($A$1,$S10-1,Z10)=OFFSET($A$1,$S10-1,Z10+1),Z10+1,Z10+2)))), IF(COUNTIF(OFFSET($A$1,$S10-1,2),"*g*"), 2,IF(COUNTIF(OFFSET($A$1,$S10-1,2+1),"*g*"),2+2, IF(OFFSET($A$1,$S10-1,2)=".","", IF(OFFSET($A$1,$S10-1,2)=OFFSET($A$1,$S10-1,2+1), IF(OFFSET($A$1,$S10-1,2+1)=0,"",2+1), IF(OFFSET($A$1,$S10-1,2)<>"",2, IF(OFFSET($A$1,$S10-1,2+1)<>"",2+1,""))))))),""),"") | AB10: =IFERROR(IF(S10<>"", IF(COUNTIF(OFFSET($A$1,$S10-1,AA10),"*g*"), AA10,IF(COUNTIF(OFFSET($A$1,$S10-1,AA10+1),"*g*"),AA10+2, IF(OFFSET($A$1,$S10-1,AA10)=".","", IF(OFFSET($A$1,$S10-1,AA10)=OFFSET($A$1,$S10-1,AA10+1),AA10+1,AA10+2)))),""),"") | AC10: =IFERROR(IF(S10<>"", IF(COUNTIF(OFFSET($A$1,$S10-1,AB10),"*g*"), AB10,IF(COUNTIF(OFFSET($A$1,$S10-1,AB10+1),"*g*"),AB10+2, IF(OFFSET($A$1,$S10-1,AB10)=".","", IF(OFFSET($A$1,$S10-1,AB10)=OFFSET($A$1,$S10-1,AB10+1),AB10+1, IF(OFFSET($A$1,$S10-1,AB10+1)<>0,AB10+2, IF(OFFSET($A$1,$S10-1,AB10)<>0,AB10+1,"")))))),""),"") | AE10: =IF(R10<>"", IF(AND($S10-$R9>3,COUNTIF(OFFSET($A$1,$R9+($S10-$R9-4),0),"<>*テキスト*")), IF(OFFSET($A$1,$R9+($S10-$R9-4),0)=OFFSET($A$1,$R9+($S10-$R9-4),1),1, IF(OFFSET($A$1,$R9+($S10-$R9-4),0)=OFFSET($A$1,$R9+($S10-$R9-4),2),2, IF(OFFSET($A$1,$R9+($S10-$R9-4),0)=OFFSET($A$1,$R9+($S10-$R9-4),3),3,4))), IF(AND($S10-$R9>2,COUNTIF(OFFSET($A$1,$R9+($S10-$R9-3),0),"<>*テキスト*")), IF(OFFSET($A$1,$R9+($S10-$R9-3),0)=OFFSET($A$1,$R9+($S10-$R9-3),1),1, IF(OFFSET($A$1,$R9+($S10-$R9-3),0)=OFFSET($A$1,$R9+($S10-$R9-3),2),2, IF(OFFSET($A$1,$R9+($S10-$R9-3),0)=OFFSET($A$1,$R9+($S10-$R9-3),3),3,4))), IF(COUNTIF(OFFSET($A$1,$R9+($S10-$R9-2),0),"*様*"),1, IF(COUNTIF(OFFSET($A$1,$R9+($S10-$R9-2),1),"*様*"),2, IF(COUNTIF(OFFSET($A$1,$R9+($S10-$R9-2),2),"*様*"),3,4))))),"") | AF10: =IF(R10<>"", IF(AND($S10-$R9>3,COUNTIF(OFFSET($A$1,$R9+($S10-$R9-4),0),"<>*テキスト*")), IFERROR(IF(OFFSET($A$1,$R9+($S10-$R9-4),AE10)=0,"", IF(OFFSET($A$1,$R9+($S10-$R9-4),AE10)=OFFSET($A$1,$R9+($S10-$R9-4),AE10+1),1+AE10, IF(OFFSET($A$1,$R9+($S10-$R9-4),AE10)=OFFSET($A$1,$R9+($S10-$R9-4),AE10+2),2+AE10, IF(OFFSET($A$1,$R9+($S10-$R9-4),AE10)=OFFSET($A$1,$R9+($S10-$R9-4),AE10+3),3+AE10,3+AE10)))),""), IF(AND($S10-$R9>2,COUNTIF(OFFSET($A$1,$R9+($S10-$R9-3),0),"<>*テキスト*")), IFERROR(IF(OFFSET($A$1,$R9+($S10-$R9-3),AE10)=0,"", IF(OFFSET($A$1,$R9+($S10-$R9-3),AE10)=OFFSET($A$1,$R9+($S10-$R9-3),AE10+1),1+AE10, IF(OFFSET($A$1,$R9+($S10-$R9-3),AE10)=OFFSET($A$1,$R9+($S10-$R9-3),AE10+2),2+AE10, IF(OFFSET($A$1,$R9+($S10-$R9-3),AE10)=OFFSET($A$1,$R9+($S10-$R9-3),AE10+3),3+AE10,3+AE10)))),""), IF(COUNTIF(OFFSET($A$1,$R9+($S10-$R9-2),AE10),"*様*"),1+AE10, IF(COUNTIF(OFFSET($A$1,$R9+($S10-$R9-2),AE10+1),"*様*"),2+AE10, IF(COUNTIF(OFFSET($A$1,$R9+($S10-$R9-2),AE10+2),"*様*"),3+AE10,4+AE10))))),"") | AG10: =IF(R10<>"", IF(AND($S10-$R9>3,COUNTIF(OFFSET($A$1,$R9+($S10-$R9-4),0),"<>*テキスト*")), IFERROR(IF(OFFSET($A$1,$R9+($S10-$R9-4),AF10)=0,"", IF(OFFSET($A$1,$R9+($S10-$R9-4),AF10)=OFFSET($A$1,$R9+($S10-$R9-4),AF10+1),1+AF10, IF(OFFSET($A$1,$R9+($S10-$R9-4),AF10)=OFFSET($A$1,$R9+($S10-$R9-4),AF10+2),2+AF10, IF(OFFSET($A$1,$R9+($S10-$R9-4),AF10)=OFFSET($A$1,$R9+($S10-$R9-4),AF10+3),3+AF10,3+AF10)))),""), IF(AND($S10-$R9>2,COUNTIF(OFFSET($A$1,$R9+($S10-$R9-3),0),"<>*テキスト*")), IFERROR(IF(OFFSET($A$1,$R9+($S10-$R9-3),AF10)=0,"", IF(OFFSET($A$1,$R9+($S10-$R9-3),AF10)=OFFSET($A$1,$R9+($S10-$R9-3),AF10+1),1+AF10, IF(OFFSET($A$1,$R9+($S10-$R9-3),AF10)=OFFSET($A$1,$R9+($S10-$R9-3),AF10+2),2+AF10, IF(OFFSET($A$1,$R9+($S10-$R9-3),AF10)=OFFSET($A$1,$R9+($S10-$R9-3),AF10+3),3+AF10,3+AF10)))),""), IF(COUNTIF(OFFSET($A$1,$R9+($S10-$R9-2),AF10),"*様*"),1+AF10, IF(COUNTIF(OFFSET($A$1,$R9+($S10-$R9-2),AF10+1),"*様*"),2+AF10, IF(COUNTIF(OFFSET($A$1,$R9+($S10-$R9-2),AF10+2),"*様*"),3+AF10,4+AF10))))),"") | AH10: =IF(R10<>"", IF(AND($S10-$R9>3,COUNTIF(OFFSET($A$1,$R9+($S10-$R9-4),0),"<>*テキスト*")), IFERROR(IF(OFFSET($A$1,$R9+($S10-$R9-4),AG10)=0,"", IF(OFFSET($A$1,$R9+($S10-$R9-4),AG10)=OFFSET($A$1,$R9+($S10-$R9-4),AG10+1),1+AG10, IF(OFFSET($A$1,$R9+($S10-$R9-4),AG10)=OFFSET($A$1,$R9+($S10-$R9-4),AG10+2),2+AG10, IF(OFFSET($A$1,$R9+($S10-$R9-4),AG10)=OFFSET($A$1,$R9+($S10-$R9-4),AG10+3),3+AG10,3+AG10)))),""), IF(AND($S10-$R9>2,COUNTIF(OFFSET($A$1,$R9+($S10-$R9-3),0),"<>*テキスト*")), IFERROR(IF(OFFSET($A$1,$R9+($S10-$R9-3),AG10)=0,"", IF(OFFSET($A$1,$R9+($S10-$R9-3),AG10)=OFFSET($A$1,$R9+($S10-$R9-3),AG10+1),1+AG10, IF(OFFSET($A$1,$R9+($S10-$R9-3),AG10)=OFFSET($A$1,$R9+($S10-$R9-3),AG10+2),2+AG10, IF(OFFSET($A$1,$R9+($S10-$R9-3),AG10)=OFFSET($A$1,$R9+($S10-$R9-3),AG10+3),3+AG10,3+AG10)))),""), IF(COUNTIF(OFFSET($A$1,$R9+($S10-$R9-2),AG10),"*様*"),1+AG10, IF(COUNTIF(OFFSET($A$1,$R9+($S10-$R9-2),AG10+1),"*様*"),2+AG10, IF(COUNTIF(OFFSET($A$1,$R9+($S10-$R9-2),AG10+2),"*様*"),3+AG10,4+AG10))))),"") | AI10: =IF(R10<>"", IF(AG10<>"","", IF(COUNTIF(OFFSET($A$1,$R9+($S10-$R9-3),0),"*様*"),1, IF(COUNTIF(OFFSET($A$1,$R9+($S10-$R9-3),1),"*様*"),2, IF(COUNTIF(OFFSET($A$1,$R9+($S10-$R9-3),2),"*様*"),3,4)))),"") | AJ10: =IF(R10<>"", IF(AH10<>"","", IF(AI10<>"", IF(COUNTIF(OFFSET($A$1,$R9+($S10-$R9-3),AI10),"*様*"),1+AI10, IF(COUNTIF(OFFSET($A$1,$R9+($S10-$R9-3),AI10+1),"*様*"),2+AI10, IF(COUNTIF(OFFSET($A$1,$R9+($S10-$R9-3),AI10+2),"*様*"),3+AI10,4+AI10))), IF(COUNTIF(OFFSET($A$1,$R9+($S10-$R9-3),0),"*様*"),1, IF(COUNTIF(OFFSET($A$1,$R9+($S10-$R9-3),1),"*様*"),2, IF(COUNTIF(OFFSET($A$1,$R9+($S10-$R9-3),2),"*様*"),3,4))))),"")
O11: =IF(COUNTIF(A11,"*/*"),ROW(),0) -> 0 | P11: =IF(O11<>0,O11-1,0) -> 0 | R11: {=IFERROR(_xlfn.AGGREGATE(15, 6, ($O$2:$O$350)/($O$2:$O$350<>0), ROWS($R$2:R11)), "")} | S11: {=IFERROR(_xlfn.AGGREGATE(15, 6, ($P$2:$P$350)/($P$2:$P$350<>0), ROWS($R$2:R11)), "")} | U11: =IF(R11<>"", IF(COUNTIF(OFFSET($A$1,$R11-1,0),"*/*"), IF(COUNTIF(OFFSET($A$1,$R11-1,1),"*/*"),"",2),1),"") | V11: =IF(R11<>"",IF(U11<>"", IF(COUNTIF(OFFSET($A$1,$R11-1,U11),"*/*"), IF(COUNTIF(OFFSET($A$1,$R11-1,U11+1),"*/*"),"",U11+2),U11+1), IF(COUNTIF(OFFSET($A$1,$R11-1,1),"*/*"), IF(COUNTIF(OFFSET($A$1,$R11-1,1+1),"*/*"),"",1+2),1+1)),"") | W11: =IF(R11<>"",IF(V11<>"", IF(COUNTIF(OFFSET($A$1,$R11-1,V11),"*/*"), IF(COUNTIF(OFFSET($A$1,$R11-1,V11+1),"*/*"),"",V11+2),V11+1), IF(COUNTIF(OFFSET($A$1,$R11-1,2),"*/*"), IF(COUNTIF(OFFSET($A$1,$R11-1,2+1),"*/*"),"",2+2),2+1)),"") | X11: =IF(R11<>"",IF(W11<>"", IF(COUNTIF(OFFSET($A$1,$R11-1,W11),"*/*"), IF(COUNTIF(OFFSET($A$1,$R11-1,W11+1),"*/*"),"",W11+2),W11+1), IF(COUNTIF(OFFSET($A$1,$R11-1,5),"*/*"), IF(COUNTIF(OFFSET($A$1,$R11-1,5+1),"*/*"),"", IF(OFFSET($A$1,R11-1,5+2-1)=0,"",5+2)),IF(OFFSET($A$1,R11-1,5+1-1)=0,"",5+1))),"") | Z11: =IF(S11<>"", IF(COUNTIF(OFFSET($A$1,$S11-1,0),"*g*"), 1,IF(COUNTIF(OFFSET($A$1,$S11-1,1),"*g*"),2, IF(OFFSET($A$1,$S11-1,0)=".","", IF(OFFSET($A$1,$S11-1,0)=OFFSET($A$1,$S11-1,1),1,2)))),"") | AA11: =IFERROR(IF(S11<>"", IF(Z11<>"", IF(COUNTIF(OFFSET($A$1,$S11-1,Z11),"*g*"), Z11,IF(COUNTIF(OFFSET($A$1,$S11-1,Z11+1),"*g*"),Z11+2, IF(OFFSET($A$1,$S11-1,Z11)=".","", IF(OFFSET($A$1,$S11-1,Z11)=OFFSET($A$1,$S11-1,Z11+1),Z11+1,Z11+2)))), IF(COUNTIF(OFFSET($A$1,$S11-1,2),"*g*"), 2,IF(COUNTIF(OFFSET($A$1,$S11-1,2+1),"*g*"),2+2, IF(OFFSET($A$1,$S11-1,2)=".","", IF(OFFSET($A$1,$S11-1,2)=OFFSET($A$1,$S11-1,2+1), IF(OFFSET($A$1,$S11-1,2+1)=0,"",2+1), IF(OFFSET($A$1,$S11-1,2)<>"",2, IF(OFFSET($A$1,$S11-1,2+1)<>"",2+1,""))))))),""),"") | AB11: =IFERROR(IF(S11<>"", IF(COUNTIF(OFFSET($A$1,$S11-1,AA11),"*g*"), AA11,IF(COUNTIF(OFFSET($A$1,$S11-1,AA11+1),"*g*"),AA11+2, IF(OFFSET($A$1,$S11-1,AA11)=".","", IF(OFFSET($A$1,$S11-1,AA11)=OFFSET($A$1,$S11-1,AA11+1),AA11+1,AA11+2)))),""),"") | AC11: =IFERROR(IF(S11<>"", IF(COUNTIF(OFFSET($A$1,$S11-1,AB11),"*g*"), AB11,IF(COUNTIF(OFFSET($A$1,$S11-1,AB11+1),"*g*"),AB11+2, IF(OFFSET($A$1,$S11-1,AB11)=".","", IF(OFFSET($A$1,$S11-1,AB11)=OFFSET($A$1,$S11-1,AB11+1),AB11+1, IF(OFFSET($A$1,$S11-1,AB11+1)<>0,AB11+2, IF(OFFSET($A$1,$S11-1,AB11)<>0,AB11+1,"")))))),""),"") | AE11: =IF(R11<>"", IF(AND($S11-$R10>3,COUNTIF(OFFSET($A$1,$R10+($S11-$R10-4),0),"<>*テキスト*")), IF(OFFSET($A$1,$R10+($S11-$R10-4),0)=OFFSET($A$1,$R10+($S11-$R10-4),1),1, IF(OFFSET($A$1,$R10+($S11-$R10-4),0)=OFFSET($A$1,$R10+($S11-$R10-4),2),2, IF(OFFSET($A$1,$R10+($S11-$R10-4),0)=OFFSET($A$1,$R10+($S11-$R10-4),3),3,4))), IF(AND($S11-$R10>2,COUNTIF(OFFSET($A$1,$R10+($S11-$R10-3),0),"<>*テキスト*")), IF(OFFSET($A$1,$R10+($S11-$R10-3),0)=OFFSET($A$1,$R10+($S11-$R10-3),1),1, IF(OFFSET($A$1,$R10+($S11-$R10-3),0)=OFFSET($A$1,$R10+($S11-$R10-3),2),2, IF(OFFSET($A$1,$R10+($S11-$R10-3),0)=OFFSET($A$1,$R10+($S11-$R10-3),3),3,4))), IF(COUNTIF(OFFSET($A$1,$R10+($S11-$R10-2),0),"*様*"),1, IF(COUNTIF(OFFSET($A$1,$R10+($S11-$R10-2),1),"*様*"),2, IF(COUNTIF(OFFSET($A$1,$R10+($S11-$R10-2),2),"*様*"),3,4))))),"") | AF11: =IF(R11<>"", IF(AND($S11-$R10>3,COUNTIF(OFFSET($A$1,$R10+($S11-$R10-4),0),"<>*テキスト*")), IFERROR(IF(OFFSET($A$1,$R10+($S11-$R10-4),AE11)=0,"", IF(OFFSET($A$1,$R10+($S11-$R10-4),AE11)=OFFSET($A$1,$R10+($S11-$R10-4),AE11+1),1+AE11, IF(OFFSET($A$1,$R10+($S11-$R10-4),AE11)=OFFSET($A$1,$R10+($S11-$R10-4),AE11+2),2+AE11, IF(OFFSET($A$1,$R10+($S11-$R10-4),AE11)=OFFSET($A$1,$R10+($S11-$R10-4),AE11+3),3+AE11,3+AE11)))),""), IF(AND($S11-$R10>2,COUNTIF(OFFSET($A$1,$R10+($S11-$R10-3),0),"<>*テキスト*")), IFERROR(IF(OFFSET($A$1,$R10+($S11-$R10-3),AE11)=0,"", IF(OFFSET($A$1,$R10+($S11-$R10-3),AE11)=OFFSET($A$1,$R10+($S11-$R10-3),AE11+1),1+AE11, IF(OFFSET($A$1,$R10+($S11-$R10-3),AE11)=OFFSET($A$1,$R10+($S11-$R10-3),AE11+2),2+AE11, IF(OFFSET($A$1,$R10+($S11-$R10-3),AE11)=OFFSET($A$1,$R10+($S11-$R10-3),AE11+3),3+AE11,3+AE11)))),""), IF(COUNTIF(OFFSET($A$1,$R10+($S11-$R10-2),AE11),"*様*"),1+AE11, IF(COUNTIF(OFFSET($A$1,$R10+($S11-$R10-2),AE11+1),"*様*"),2+AE11, IF(COUNTIF(OFFSET($A$1,$R10+($S11-$R10-2),AE11+2),"*様*"),3+AE11,4+AE11))))),"") | AG11: =IF(R11<>"", IF(AND($S11-$R10>3,COUNTIF(OFFSET($A$1,$R10+($S11-$R10-4),0),"<>*テキスト*")), IFERROR(IF(OFFSET($A$1,$R10+($S11-$R10-4),AF11)=0,"", IF(OFFSET($A$1,$R10+($S11-$R10-4),AF11)=OFFSET($A$1,$R10+($S11-$R10-4),AF11+1),1+AF11, IF(OFFSET($A$1,$R10+($S11-$R10-4),AF11)=OFFSET($A$1,$R10+($S11-$R10-4),AF11+2),2+AF11, IF(OFFSET($A$1,$R10+($S11-$R10-4),AF11)=OFFSET($A$1,$R10+($S11-$R10-4),AF11+3),3+AF11,3+AF11)))),""), IF(AND($S11-$R10>2,COUNTIF(OFFSET($A$1,$R10+($S11-$R10-3),0),"<>*テキスト*")), IFERROR(IF(OFFSET($A$1,$R10+($S11-$R10-3),AF11)=0,"", IF(OFFSET($A$1,$R10+($S11-$R10-3),AF11)=OFFSET($A$1,$R10+($S11-$R10-3),AF11+1),1+AF11, IF(OFFSET($A$1,$R10+($S11-$R10-3),AF11)=OFFSET($A$1,$R10+($S11-$R10-3),AF11+2),2+AF11, IF(OFFSET($A$1,$R10+($S11-$R10-3),AF11)=OFFSET($A$1,$R10+($S11-$R10-3),AF11+3),3+AF11,3+AF11)))),""), IF(COUNTIF(OFFSET($A$1,$R10+($S11-$R10-2),AF11),"*様*"),1+AF11, IF(COUNTIF(OFFSET($A$1,$R10+($S11-$R10-2),AF11+1),"*様*"),2+AF11, IF(COUNTIF(OFFSET($A$1,$R10+($S11-$R10-2),AF11+2),"*様*"),3+AF11,4+AF11))))),"") | AH11: =IF(R11<>"", IF(AND($S11-$R10>3,COUNTIF(OFFSET($A$1,$R10+($S11-$R10-4),0),"<>*テキスト*")), IFERROR(IF(OFFSET($A$1,$R10+($S11-$R10-4),AG11)=0,"", IF(OFFSET($A$1,$R10+($S11-$R10-4),AG11)=OFFSET($A$1,$R10+($S11-$R10-4),AG11+1),1+AG11, IF(OFFSET($A$1,$R10+($S11-$R10-4),AG11)=OFFSET($A$1,$R10+($S11-$R10-4),AG11+2),2+AG11, IF(OFFSET($A$1,$R10+($S11-$R10-4),AG11)=OFFSET($A$1,$R10+($S11-$R10-4),AG11+3),3+AG11,3+AG11)))),""), IF(AND($S11-$R10>2,COUNTIF(OFFSET($A$1,$R10+($S11-$R10-3),0),"<>*テキスト*")), IFERROR(IF(OFFSET($A$1,$R10+($S11-$R10-3),AG11)=0,"", IF(OFFSET($A$1,$R10+($S11-$R10-3),AG11)=OFFSET($A$1,$R10+($S11-$R10-3),AG11+1),1+AG11, IF(OFFSET($A$1,$R10+($S11-$R10-3),AG11)=OFFSET($A$1,$R10+($S11-$R10-3),AG11+2),2+AG11, IF(OFFSET($A$1,$R10+($S11-$R10-3),AG11)=OFFSET($A$1,$R10+($S11-$R10-3),AG11+3),3+AG11,3+AG11)))),""), IF(COUNTIF(OFFSET($A$1,$R10+($S11-$R10-2),AG11),"*様*"),1+AG11, IF(COUNTIF(OFFSET($A$1,$R10+($S11-$R10-2),AG11+1),"*様*"),2+AG11, IF(COUNTIF(OFFSET($A$1,$R10+($S11-$R10-2),AG11+2),"*様*"),3+AG11,4+AG11))))),"") | AI11: =IF(R11<>"", IF(AG11<>"","", IF(COUNTIF(OFFSET($A$1,$R10+($S11-$R10-3),0),"*様*"),1, IF(COUNTIF(OFFSET($A$1,$R10+($S11-$R10-3),1),"*様*"),2, IF(COUNTIF(OFFSET($A$1,$R10+($S11-$R10-3),2),"*様*"),3,4)))),"") | AJ11: =IF(R11<>"", IF(AH11<>"","", IF(AI11<>"", IF(COUNTIF(OFFSET($A$1,$R10+($S11-$R10-3),AI11),"*様*"),1+AI11, IF(COUNTIF(OFFSET($A$1,$R10+($S11-$R10-3),AI11+1),"*様*"),2+AI11, IF(COUNTIF(OFFSET($A$1,$R10+($S11-$R10-3),AI11+2),"*様*"),3+AI11,4+AI11))), IF(COUNTIF(OFFSET($A$1,$R10+($S11-$R10-3),0),"*様*"),1, IF(COUNTIF(OFFSET($A$1,$R10+($S11-$R10-3),1),"*様*"),2, IF(COUNTIF(OFFSET($A$1,$R10+($S11-$R10-3),2),"*様*"),3,4))))),"")
O12: =IF(COUNTIF(A12,"*/*"),ROW(),0) -> 0 | P12: =IF(O12<>0,O12-1,0) -> 0 | R12: {=IFERROR(_xlfn.AGGREGATE(15, 6, ($O$2:$O$350)/($O$2:$O$350<>0), ROWS($R$2:R12)), "")} | S12: {=IFERROR(_xlfn.AGGREGATE(15, 6, ($P$2:$P$350)/($P$2:$P$350<>0), ROWS($R$2:R12)), "")} | U12: =IF(R12<>"", IF(COUNTIF(OFFSET($A$1,$R12-1,0),"*/*"), IF(COUNTIF(OFFSET($A$1,$R12-1,1),"*/*"),"",2),1),"") | V12: =IF(R12<>"",IF(U12<>"", IF(COUNTIF(OFFSET($A$1,$R12-1,U12),"*/*"), IF(COUNTIF(OFFSET($A$1,$R12-1,U12+1),"*/*"),"",U12+2),U12+1), IF(COUNTIF(OFFSET($A$1,$R12-1,1),"*/*"), IF(COUNTIF(OFFSET($A$1,$R12-1,1+1),"*/*"),"",1+2),1+1)),"") | W12: =IF(R12<>"",IF(V12<>"", IF(COUNTIF(OFFSET($A$1,$R12-1,V12),"*/*"), IF(COUNTIF(OFFSET($A$1,$R12-1,V12+1),"*/*"),"",V12+2),V12+1), IF(COUNTIF(OFFSET($A$1,$R12-1,2),"*/*"), IF(COUNTIF(OFFSET($A$1,$R12-1,2+1),"*/*"),"",2+2),2+1)),"") | X12: =IF(R12<>"",IF(W12<>"", IF(COUNTIF(OFFSET($A$1,$R12-1,W12),"*/*"), IF(COUNTIF(OFFSET($A$1,$R12-1,W12+1),"*/*"),"",W12+2),W12+1), IF(COUNTIF(OFFSET($A$1,$R12-1,5),"*/*"), IF(COUNTIF(OFFSET($A$1,$R12-1,5+1),"*/*"),"", IF(OFFSET($A$1,R12-1,5+2-1)=0,"",5+2)),IF(OFFSET($A$1,R12-1,5+1-1)=0,"",5+1))),"") | Z12: =IF(S12<>"", IF(COUNTIF(OFFSET($A$1,$S12-1,0),"*g*"), 1,IF(COUNTIF(OFFSET($A$1,$S12-1,1),"*g*"),2, IF(OFFSET($A$1,$S12-1,0)=".","", IF(OFFSET($A$1,$S12-1,0)=OFFSET($A$1,$S12-1,1),1,2)))),"") | AA12: =IFERROR(IF(S12<>"", IF(Z12<>"", IF(COUNTIF(OFFSET($A$1,$S12-1,Z12),"*g*"), Z12,IF(COUNTIF(OFFSET($A$1,$S12-1,Z12+1),"*g*"),Z12+2, IF(OFFSET($A$1,$S12-1,Z12)=".","", IF(OFFSET($A$1,$S12-1,Z12)=OFFSET($A$1,$S12-1,Z12+1),Z12+1,Z12+2)))), IF(COUNTIF(OFFSET($A$1,$S12-1,2),"*g*"), 2,IF(COUNTIF(OFFSET($A$1,$S12-1,2+1),"*g*"),2+2, IF(OFFSET($A$1,$S12-1,2)=".","", IF(OFFSET($A$1,$S12-1,2)=OFFSET($A$1,$S12-1,2+1), IF(OFFSET($A$1,$S12-1,2+1)=0,"",2+1), IF(OFFSET($A$1,$S12-1,2)<>"",2, IF(OFFSET($A$1,$S12-1,2+1)<>"",2+1,""))))))),""),"") | AB12: =IFERROR(IF(S12<>"", IF(COUNTIF(OFFSET($A$1,$S12-1,AA12),"*g*"), AA12,IF(COUNTIF(OFFSET($A$1,$S12-1,AA12+1),"*g*"),AA12+2, IF(OFFSET($A$1,$S12-1,AA12)=".","", IF(OFFSET($A$1,$S12-1,AA12)=OFFSET($A$1,$S12-1,AA12+1),AA12+1,AA12+2)))),""),"") | AC12: =IFERROR(IF(S12<>"", IF(COUNTIF(OFFSET($A$1,$S12-1,AB12),"*g*"), AB12,IF(COUNTIF(OFFSET($A$1,$S12-1,AB12+1),"*g*"),AB12+2, IF(OFFSET($A$1,$S12-1,AB12)=".","", IF(OFFSET($A$1,$S12-1,AB12)=OFFSET($A$1,$S12-1,AB12+1),AB12+1, IF(OFFSET($A$1,$S12-1,AB12+1)<>0,AB12+2, IF(OFFSET($A$1,$S12-1,AB12)<>0,AB12+1,"")))))),""),"") | AE12: =IF(R12<>"", IF(AND($S12-$R11>3,COUNTIF(OFFSET($A$1,$R11+($S12-$R11-4),0),"<>*テキスト*")), IF(OFFSET($A$1,$R11+($S12-$R11-4),0)=OFFSET($A$1,$R11+($S12-$R11-4),1),1, IF(OFFSET($A$1,$R11+($S12-$R11-4),0)=OFFSET($A$1,$R11+($S12-$R11-4),2),2, IF(OFFSET($A$1,$R11+($S12-$R11-4),0)=OFFSET($A$1,$R11+($S12-$R11-4),3),3,4))), IF(AND($S12-$R11>2,COUNTIF(OFFSET($A$1,$R11+($S12-$R11-3),0),"<>*テキスト*")), IF(OFFSET($A$1,$R11+($S12-$R11-3),0)=OFFSET($A$1,$R11+($S12-$R11-3),1),1, IF(OFFSET($A$1,$R11+($S12-$R11-3),0)=OFFSET($A$1,$R11+($S12-$R11-3),2),2, IF(OFFSET($A$1,$R11+($S12-$R11-3),0)=OFFSET($A$1,$R11+($S12-$R11-3),3),3,4))), IF(COUNTIF(OFFSET($A$1,$R11+($S12-$R11-2),0),"*様*"),1, IF(COUNTIF(OFFSET($A$1,$R11+($S12-$R11-2),1),"*様*"),2, IF(COUNTIF(OFFSET($A$1,$R11+($S12-$R11-2),2),"*様*"),3,4))))),"") | AF12: =IF(R12<>"", IF(AND($S12-$R11>3,COUNTIF(OFFSET($A$1,$R11+($S12-$R11-4),0),"<>*テキスト*")), IFERROR(IF(OFFSET($A$1,$R11+($S12-$R11-4),AE12)=0,"", IF(OFFSET($A$1,$R11+($S12-$R11-4),AE12)=OFFSET($A$1,$R11+($S12-$R11-4),AE12+1),1+AE12, IF(OFFSET($A$1,$R11+($S12-$R11-4),AE12)=OFFSET($A$1,$R11+($S12-$R11-4),AE12+2),2+AE12, IF(OFFSET($A$1,$R11+($S12-$R11-4),AE12)=OFFSET($A$1,$R11+($S12-$R11-4),AE12+3),3+AE12,3+AE12)))),""), IF(AND($S12-$R11>2,COUNTIF(OFFSET($A$1,$R11+($S12-$R11-3),0),"<>*テキスト*")), IFERROR(IF(OFFSET($A$1,$R11+($S12-$R11-3),AE12)=0,"", IF(OFFSET($A$1,$R11+($S12-$R11-3),AE12)=OFFSET($A$1,$R11+($S12-$R11-3),AE12+1),1+AE12, IF(OFFSET($A$1,$R11+($S12-$R11-3),AE12)=OFFSET($A$1,$R11+($S12-$R11-3),AE12+2),2+AE12, IF(OFFSET($A$1,$R11+($S12-$R11-3),AE12)=OFFSET($A$1,$R11+($S12-$R11-3),AE12+3),3+AE12,3+AE12)))),""), IF(COUNTIF(OFFSET($A$1,$R11+($S12-$R11-2),AE12),"*様*"),1+AE12, IF(COUNTIF(OFFSET($A$1,$R11+($S12-$R11-2),AE12+1),"*様*"),2+AE12, IF(COUNTIF(OFFSET($A$1,$R11+($S12-$R11-2),AE12+2),"*様*"),3+AE12,4+AE12))))),"") | AG12: =IF(R12<>"", IF(AND($S12-$R11>3,COUNTIF(OFFSET($A$1,$R11+($S12-$R11-4),0),"<>*テキスト*")), IFERROR(IF(OFFSET($A$1,$R11+($S12-$R11-4),AF12)=0,"", IF(OFFSET($A$1,$R11+($S12-$R11-4),AF12)=OFFSET($A$1,$R11+($S12-$R11-4),AF12+1),1+AF12, IF(OFFSET($A$1,$R11+($S12-$R11-4),AF12)=OFFSET($A$1,$R11+($S12-$R11-4),AF12+2),2+AF12, IF(OFFSET($A$1,$R11+($S12-$R11-4),AF12)=OFFSET($A$1,$R11+($S12-$R11-4),AF12+3),3+AF12,3+AF12)))),""), IF(AND($S12-$R11>2,COUNTIF(OFFSET($A$1,$R11+($S12-$R11-3),0),"<>*テキスト*")), IFERROR(IF(OFFSET($A$1,$R11+($S12-$R11-3),AF12)=0,"", IF(OFFSET($A$1,$R11+($S12-$R11-3),AF12)=OFFSET($A$1,$R11+($S12-$R11-3),AF12+1),1+AF12, IF(OFFSET($A$1,$R11+($S12-$R11-3),AF12)=OFFSET($A$1,$R11+($S12-$R11-3),AF12+2),2+AF12, IF(OFFSET($A$1,$R11+($S12-$R11-3),AF12)=OFFSET($A$1,$R11+($S12-$R11-3),AF12+3),3+AF12,3+AF12)))),""), IF(COUNTIF(OFFSET($A$1,$R11+($S12-$R11-2),AF12),"*様*"),1+AF12, IF(COUNTIF(OFFSET($A$1,$R11+($S12-$R11-2),AF12+1),"*様*"),2+AF12, IF(COUNTIF(OFFSET($A$1,$R11+($S12-$R11-2),AF12+2),"*様*"),3+AF12,4+AF12))))),"") | AH12: =IF(R12<>"", IF(AND($S12-$R11>3,COUNTIF(OFFSET($A$1,$R11+($S12-$R11-4),0),"<>*テキスト*")), IFERROR(IF(OFFSET($A$1,$R11+($S12-$R11-4),AG12)=0,"", IF(OFFSET($A$1,$R11+($S12-$R11-4),AG12)=OFFSET($A$1,$R11+($S12-$R11-4),AG12+1),1+AG12, IF(OFFSET($A$1,$R11+($S12-$R11-4),AG12)=OFFSET($A$1,$R11+($S12-$R11-4),AG12+2),2+AG12, IF(OFFSET($A$1,$R11+($S12-$R11-4),AG12)=OFFSET($A$1,$R11+($S12-$R11-4),AG12+3),3+AG12,3+AG12)))),""), IF(AND($S12-$R11>2,COUNTIF(OFFSET($A$1,$R11+($S12-$R11-3),0),"<>*テキスト*")), IFERROR(IF(OFFSET($A$1,$R11+($S12-$R11-3),AG12)=0,"", IF(OFFSET($A$1,$R11+($S12-$R11-3),AG12)=OFFSET($A$1,$R11+($S12-$R11-3),AG12+1),1+AG12, IF(OFFSET($A$1,$R11+($S12-$R11-3),AG12)=OFFSET($A$1,$R11+($S12-$R11-3),AG12+2),2+AG12, IF(OFFSET($A$1,$R11+($S12-$R11-3),AG12)=OFFSET($A$1,$R11+($S12-$R11-3),AG12+3),3+AG12,3+AG12)))),""), IF(COUNTIF(OFFSET($A$1,$R11+($S12-$R11-2),AG12),"*様*"),1+AG12, IF(COUNTIF(OFFSET($A$1,$R11+($S12-$R11-2),AG12+1),"*様*"),2+AG12, IF(COUNTIF(OFFSET($A$1,$R11+($S12-$R11-2),AG12+2),"*様*"),3+AG12,4+AG12))))),"") | AI12: =IF(R12<>"", IF(AG12<>"","", IF(COUNTIF(OFFSET($A$1,$R11+($S12-$R11-3),0),"*様*"),1, IF(COUNTIF(OFFSET($A$1,$R11+($S12-$R11-3),1),"*様*"),2, IF(COUNTIF(OFFSET($A$1,$R11+($S12-$R11-3),2),"*様*"),3,4)))),"") | AJ12: =IF(R12<>"", IF(AH12<>"","", IF(AI12<>"", IF(COUNTIF(OFFSET($A$1,$R11+($S12-$R11-3),AI12),"*様*"),1+AI12, IF(COUNTIF(OFFSET($A$1,$R11+($S12-$R11-3),AI12+1),"*様*"),2+AI12, IF(COUNTIF(OFFSET($A$1,$R11+($S12-$R11-3),AI12+2),"*様*"),3+AI12,4+AI12))), IF(COUNTIF(OFFSET($A$1,$R11+($S12-$R11-3),0),"*様*"),1, IF(COUNTIF(OFFSET($A$1,$R11+($S12-$R11-3),1),"*様*"),2, IF(COUNTIF(OFFSET($A$1,$R11+($S12-$R11-3),2),"*様*"),3,4))))),"")
O13: =IF(COUNTIF(A13,"*/*"),ROW(),0) -> 0 | P13: =IF(O13<>0,O13-1,0) -> 0 | R13: {=IFERROR(_xlfn.AGGREGATE(15, 6, ($O$2:$O$350)/($O$2:$O$350<>0), ROWS($R$2:R13)), "")} | S13: {=IFERROR(_xlfn.AGGREGATE(15, 6, ($P$2:$P$350)/($P$2:$P$350<>0), ROWS($R$2:R13)), "")} | U13: =IF(R13<>"", IF(COUNTIF(OFFSET($A$1,$R13-1,0),"*/*"), IF(COUNTIF(OFFSET($A$1,$R13-1,1),"*/*"),"",2),1),"") | V13: =IF(R13<>"",IF(U13<>"", IF(COUNTIF(OFFSET($A$1,$R13-1,U13),"*/*"), IF(COUNTIF(OFFSET($A$1,$R13-1,U13+1),"*/*"),"",U13+2),U13+1), IF(COUNTIF(OFFSET($A$1,$R13-1,1),"*/*"), IF(COUNTIF(OFFSET($A$1,$R13-1,1+1),"*/*"),"",1+2),1+1)),"") | W13: =IF(R13<>"",IF(V13<>"", IF(COUNTIF(OFFSET($A$1,$R13-1,V13),"*/*"), IF(COUNTIF(OFFSET($A$1,$R13-1,V13+1),"*/*"),"",V13+2),V13+1), IF(COUNTIF(OFFSET($A$1,$R13-1,2),"*/*"), IF(COUNTIF(OFFSET($A$1,$R13-1,2+1),"*/*"),"",2+2),2+1)),"") | X13: =IF(R13<>"",IF(W13<>"", IF(COUNTIF(OFFSET($A$1,$R13-1,W13),"*/*"), IF(COUNTIF(OFFSET($A$1,$R13-1,W13+1),"*/*"),"",W13+2),W13+1), IF(COUNTIF(OFFSET($A$1,$R13-1,5),"*/*"), IF(COUNTIF(OFFSET($A$1,$R13-1,5+1),"*/*"),"", IF(OFFSET($A$1,R13-1,5+2-1)=0,"",5+2)),IF(OFFSET($A$1,R13-1,5+1-1)=0,"",5+1))),"") | Z13: =IF(S13<>"", IF(COUNTIF(OFFSET($A$1,$S13-1,0),"*g*"), 1,IF(COUNTIF(OFFSET($A$1,$S13-1,1),"*g*"),2, IF(OFFSET($A$1,$S13-1,0)=".","", IF(OFFSET($A$1,$S13-1,0)=OFFSET($A$1,$S13-1,1),1,2)))),"") | AA13: =IFERROR(IF(S13<>"", IF(Z13<>"", IF(COUNTIF(OFFSET($A$1,$S13-1,Z13),"*g*"), Z13,IF(COUNTIF(OFFSET($A$1,$S13-1,Z13+1),"*g*"),Z13+2, IF(OFFSET($A$1,$S13-1,Z13)=".","", IF(OFFSET($A$1,$S13-1,Z13)=OFFSET($A$1,$S13-1,Z13+1),Z13+1,Z13+2)))), IF(COUNTIF(OFFSET($A$1,$S13-1,2),"*g*"), 2,IF(COUNTIF(OFFSET($A$1,$S13-1,2+1),"*g*"),2+2, IF(OFFSET($A$1,$S13-1,2)=".","", IF(OFFSET($A$1,$S13-1,2)=OFFSET($A$1,$S13-1,2+1), IF(OFFSET($A$1,$S13-1,2+1)=0,"",2+1), IF(OFFSET($A$1,$S13-1,2)<>"",2, IF(OFFSET($A$1,$S13-1,2+1)<>"",2+1,""))))))),""),"") | AB13: =IFERROR(IF(S13<>"", IF(COUNTIF(OFFSET($A$1,$S13-1,AA13),"*g*"), AA13,IF(COUNTIF(OFFSET($A$1,$S13-1,AA13+1),"*g*"),AA13+2, IF(OFFSET($A$1,$S13-1,AA13)=".","", IF(OFFSET($A$1,$S13-1,AA13)=OFFSET($A$1,$S13-1,AA13+1),AA13+1,AA13+2)))),""),"") | AC13: =IFERROR(IF(S13<>"", IF(COUNTIF(OFFSET($A$1,$S13-1,AB13),"*g*"), AB13,IF(COUNTIF(OFFSET($A$1,$S13-1,AB13+1),"*g*"),AB13+2, IF(OFFSET($A$1,$S13-1,AB13)=".","", IF(OFFSET($A$1,$S13-1,AB13)=OFFSET($A$1,$S13-1,AB13+1),AB13+1, IF(OFFSET($A$1,$S13-1,AB13+1)<>0,AB13+2, IF(OFFSET($A$1,$S13-1,AB13)<>0,AB13+1,"")))))),""),"") | AE13: =IF(R13<>"", IF(AND($S13-$R12>3,COUNTIF(OFFSET($A$1,$R12+($S13-$R12-4),0),"<>*テキスト*")), IF(OFFSET($A$1,$R12+($S13-$R12-4),0)=OFFSET($A$1,$R12+($S13-$R12-4),1),1, IF(OFFSET($A$1,$R12+($S13-$R12-4),0)=OFFSET($A$1,$R12+($S13-$R12-4),2),2, IF(OFFSET($A$1,$R12+($S13-$R12-4),0)=OFFSET($A$1,$R12+($S13-$R12-4),3),3,4))), IF(AND($S13-$R12>2,COUNTIF(OFFSET($A$1,$R12+($S13-$R12-3),0),"<>*テキスト*")), IF(OFFSET($A$1,$R12+($S13-$R12-3),0)=OFFSET($A$1,$R12+($S13-$R12-3),1),1, IF(OFFSET($A$1,$R12+($S13-$R12-3),0)=OFFSET($A$1,$R12+($S13-$R12-3),2),2, IF(OFFSET($A$1,$R12+($S13-$R12-3),0)=OFFSET($A$1,$R12+($S13-$R12-3),3),3,4))), IF(COUNTIF(OFFSET($A$1,$R12+($S13-$R12-2),0),"*様*"),1, IF(COUNTIF(OFFSET($A$1,$R12+($S13-$R12-2),1),"*様*"),2, IF(COUNTIF(OFFSET($A$1,$R12+($S13-$R12-2),2),"*様*"),3,4))))),"") | AF13: =IF(R13<>"", IF(AND($S13-$R12>3,COUNTIF(OFFSET($A$1,$R12+($S13-$R12-4),0),"<>*テキスト*")), IFERROR(IF(OFFSET($A$1,$R12+($S13-$R12-4),AE13)=0,"", IF(OFFSET($A$1,$R12+($S13-$R12-4),AE13)=OFFSET($A$1,$R12+($S13-$R12-4),AE13+1),1+AE13, IF(OFFSET($A$1,$R12+($S13-$R12-4),AE13)=OFFSET($A$1,$R12+($S13-$R12-4),AE13+2),2+AE13, IF(OFFSET($A$1,$R12+($S13-$R12-4),AE13)=OFFSET($A$1,$R12+($S13-$R12-4),AE13+3),3+AE13,3+AE13)))),""), IF(AND($S13-$R12>2,COUNTIF(OFFSET($A$1,$R12+($S13-$R12-3),0),"<>*テキスト*")), IFERROR(IF(OFFSET($A$1,$R12+($S13-$R12-3),AE13)=0,"", IF(OFFSET($A$1,$R12+($S13-$R12-3),AE13)=OFFSET($A$1,$R12+($S13-$R12-3),AE13+1),1+AE13, IF(OFFSET($A$1,$R12+($S13-$R12-3),AE13)=OFFSET($A$1,$R12+($S13-$R12-3),AE13+2),2+AE13, IF(OFFSET($A$1,$R12+($S13-$R12-3),AE13)=OFFSET($A$1,$R12+($S13-$R12-3),AE13+3),3+AE13,3+AE13)))),""), IF(COUNTIF(OFFSET($A$1,$R12+($S13-$R12-2),AE13),"*様*"),1+AE13, IF(COUNTIF(OFFSET($A$1,$R12+($S13-$R12-2),AE13+1),"*様*"),2+AE13, IF(COUNTIF(OFFSET($A$1,$R12+($S13-$R12-2),AE13+2),"*様*"),3+AE13,4+AE13))))),"") | AG13: =IF(R13<>"", IF(AND($S13-$R12>3,COUNTIF(OFFSET($A$1,$R12+($S13-$R12-4),0),"<>*テキスト*")), IFERROR(IF(OFFSET($A$1,$R12+($S13-$R12-4),AF13)=0,"", IF(OFFSET($A$1,$R12+($S13-$R12-4),AF13)=OFFSET($A$1,$R12+($S13-$R12-4),AF13+1),1+AF13, IF(OFFSET($A$1,$R12+($S13-$R12-4),AF13)=OFFSET($A$1,$R12+($S13-$R12-4),AF13+2),2+AF13, IF(OFFSET($A$1,$R12+($S13-$R12-4),AF13)=OFFSET($A$1,$R12+($S13-$R12-4),AF13+3),3+AF13,3+AF13)))),""), IF(AND($S13-$R12>2,COUNTIF(OFFSET($A$1,$R12+($S13-$R12-3),0),"<>*テキスト*")), IFERROR(IF(OFFSET($A$1,$R12+($S13-$R12-3),AF13)=0,"", IF(OFFSET($A$1,$R12+($S13-$R12-3),AF13)=OFFSET($A$1,$R12+($S13-$R12-3),AF13+1),1+AF13, IF(OFFSET($A$1,$R12+($S13-$R12-3),AF13)=OFFSET($A$1,$R12+($S13-$R12-3),AF13+2),2+AF13, IF(OFFSET($A$1,$R12+($S13-$R12-3),AF13)=OFFSET($A$1,$R12+($S13-$R12-3),AF13+3),3+AF13,3+AF13)))),""), IF(COUNTIF(OFFSET($A$1,$R12+($S13-$R12-2),AF13),"*様*"),1+AF13, IF(COUNTIF(OFFSET($A$1,$R12+($S13-$R12-2),AF13+1),"*様*"),2+AF13, IF(COUNTIF(OFFSET($A$1,$R12+($S13-$R12-2),AF13+2),"*様*"),3+AF13,4+AF13))))),"") | AH13: =IF(R13<>"", IF(AND($S13-$R12>3,COUNTIF(OFFSET($A$1,$R12+($S13-$R12-4),0),"<>*テキスト*")), IFERROR(IF(OFFSET($A$1,$R12+($S13-$R12-4),AG13)=0,"", IF(OFFSET($A$1,$R12+($S13-$R12-4),AG13)=OFFSET($A$1,$R12+($S13-$R12-4),AG13+1),1+AG13, IF(OFFSET($A$1,$R12+($S13-$R12-4),AG13)=OFFSET($A$1,$R12+($S13-$R12-4),AG13+2),2+AG13, IF(OFFSET($A$1,$R12+($S13-$R12-4),AG13)=OFFSET($A$1,$R12+($S13-$R12-4),AG13+3),3+AG13,3+AG13)))),""), IF(AND($S13-$R12>2,COUNTIF(OFFSET($A$1,$R12+($S13-$R12-3),0),"<>*テキスト*")), IFERROR(IF(OFFSET($A$1,$R12+($S13-$R12-3),AG13)=0,"", IF(OFFSET($A$1,$R12+($S13-$R12-3),AG13)=OFFSET($A$1,$R12+($S13-$R12-3),AG13+1),1+AG13, IF(OFFSET($A$1,$R12+($S13-$R12-3),AG13)=OFFSET($A$1,$R12+($S13-$R12-3),AG13+2),2+AG13, IF(OFFSET($A$1,$R12+($S13-$R12-3),AG13)=OFFSET($A$1,$R12+($S13-$R12-3),AG13+3),3+AG13,3+AG13)))),""), IF(COUNTIF(OFFSET($A$1,$R12+($S13-$R12-2),AG13),"*様*"),1+AG13, IF(COUNTIF(OFFSET($A$1,$R12+($S13-$R12-2),AG13+1),"*様*"),2+AG13, IF(COUNTIF(OFFSET($A$1,$R12+($S13-$R12-2),AG13+2),"*様*"),3+AG13,4+AG13))))),"") | AI13: =IF(R13<>"", IF(AG13<>"","", IF(COUNTIF(OFFSET($A$1,$R12+($S13-$R12-3),0),"*様*"),1, IF(COUNTIF(OFFSET($A$1,$R12+($S13-$R12-3),1),"*様*"),2, IF(COUNTIF(OFFSET($A$1,$R12+($S13-$R12-3),2),"*様*"),3,4)))),"") | AJ13: =IF(R13<>"", IF(AH13<>"","", IF(AI13<>"", IF(COUNTIF(OFFSET($A$1,$R12+($S13-$R12-3),AI13),"*様*"),1+AI13, IF(COUNTIF(OFFSET($A$1,$R12+($S13-$R12-3),AI13+1),"*様*"),2+AI13, IF(COUNTIF(OFFSET($A$1,$R12+($S13-$R12-3),AI13+2),"*様*"),3+AI13,4+AI13))), IF(COUNTIF(OFFSET($A$1,$R12+($S13-$R12-3),0),"*様*"),1, IF(COUNTIF(OFFSET($A$1,$R12+($S13-$R12-3),1),"*様*"),2, IF(COUNTIF(OFFSET($A$1,$R12+($S13-$R12-3),2),"*様*"),3,4))))),"")
O14: =IF(COUNTIF(A14,"*/*"),ROW(),0) -> 0 | P14: =IF(O14<>0,O14-1,0) -> 0 | R14: {=IFERROR(_xlfn.AGGREGATE(15, 6, ($O$2:$O$350)/($O$2:$O$350<>0), ROWS($R$2:R14)), "")} | S14: {=IFERROR(_xlfn.AGGREGATE(15, 6, ($P$2:$P$350)/($P$2:$P$350<>0), ROWS($R$2:R14)), "")} | U14: =IF(R14<>"", IF(COUNTIF(OFFSET($A$1,$R14-1,0),"*/*"), IF(COUNTIF(OFFSET($A$1,$R14-1,1),"*/*"),"",2),1),"") | V14: =IF(R14<>"",IF(U14<>"", IF(COUNTIF(OFFSET($A$1,$R14-1,U14),"*/*"), IF(COUNTIF(OFFSET($A$1,$R14-1,U14+1),"*/*"),"",U14+2),U14+1), IF(COUNTIF(OFFSET($A$1,$R14-1,1),"*/*"), IF(COUNTIF(OFFSET($A$1,$R14-1,1+1),"*/*"),"",1+2),1+1)),"") | W14: =IF(R14<>"",IF(V14<>"", IF(COUNTIF(OFFSET($A$1,$R14-1,V14),"*/*"), IF(COUNTIF(OFFSET($A$1,$R14-1,V14+1),"*/*"),"",V14+2),V14+1), IF(COUNTIF(OFFSET($A$1,$R14-1,2),"*/*"), IF(COUNTIF(OFFSET($A$1,$R14-1,2+1),"*/*"),"",2+2),2+1)),"") | X14: =IF(R14<>"",IF(W14<>"", IF(COUNTIF(OFFSET($A$1,$R14-1,W14),"*/*"), IF(COUNTIF(OFFSET($A$1,$R14-1,W14+1),"*/*"),"",W14+2),W14+1), IF(COUNTIF(OFFSET($A$1,$R14-1,5),"*/*"), IF(COUNTIF(OFFSET($A$1,$R14-1,5+1),"*/*"),"", IF(OFFSET($A$1,R14-1,5+2-1)=0,"",5+2)),IF(OFFSET($A$1,R14-1,5+1-1)=0,"",5+1))),"") | Z14: =IF(S14<>"", IF(COUNTIF(OFFSET($A$1,$S14-1,0),"*g*"), 1,IF(COUNTIF(OFFSET($A$1,$S14-1,1),"*g*"),2, IF(OFFSET($A$1,$S14-1,0)=".","", IF(OFFSET($A$1,$S14-1,0)=OFFSET($A$1,$S14-1,1),1,2)))),"") | AA14: =IFERROR(IF(S14<>"", IF(Z14<>"", IF(COUNTIF(OFFSET($A$1,$S14-1,Z14),"*g*"), Z14,IF(COUNTIF(OFFSET($A$1,$S14-1,Z14+1),"*g*"),Z14+2, IF(OFFSET($A$1,$S14-1,Z14)=".","", IF(OFFSET($A$1,$S14-1,Z14)=OFFSET($A$1,$S14-1,Z14+1),Z14+1,Z14+2)))), IF(COUNTIF(OFFSET($A$1,$S14-1,2),"*g*"), 2,IF(COUNTIF(OFFSET($A$1,$S14-1,2+1),"*g*"),2+2, IF(OFFSET($A$1,$S14-1,2)=".","", IF(OFFSET($A$1,$S14-1,2)=OFFSET($A$1,$S14-1,2+1), IF(OFFSET($A$1,$S14-1,2+1)=0,"",2+1), IF(OFFSET($A$1,$S14-1,2)<>"",2, IF(OFFSET($A$1,$S14-1,2+1)<>"",2+1,""))))))),""),"") | AB14: =IFERROR(IF(S14<>"", IF(COUNTIF(OFFSET($A$1,$S14-1,AA14),"*g*"), AA14,IF(COUNTIF(OFFSET($A$1,$S14-1,AA14+1),"*g*"),AA14+2, IF(OFFSET($A$1,$S14-1,AA14)=".","", IF(OFFSET($A$1,$S14-1,AA14)=OFFSET($A$1,$S14-1,AA14+1),AA14+1,AA14+2)))),""),"") | AC14: =IFERROR(IF(S14<>"", IF(COUNTIF(OFFSET($A$1,$S14-1,AB14),"*g*"), AB14,IF(COUNTIF(OFFSET($A$1,$S14-1,AB14+1),"*g*"),AB14+2, IF(OFFSET($A$1,$S14-1,AB14)=".","", IF(OFFSET($A$1,$S14-1,AB14)=OFFSET($A$1,$S14-1,AB14+1),AB14+1, IF(OFFSET($A$1,$S14-1,AB14+1)<>0,AB14+2, IF(OFFSET($A$1,$S14-1,AB14)<>0,AB14+1,"")))))),""),"") | AE14: =IF(R14<>"", IF(AND($S14-$R13>3,COUNTIF(OFFSET($A$1,$R13+($S14-$R13-4),0),"<>*テキスト*")), IF(OFFSET($A$1,$R13+($S14-$R13-4),0)=OFFSET($A$1,$R13+($S14-$R13-4),1),1, IF(OFFSET($A$1,$R13+($S14-$R13-4),0)=OFFSET($A$1,$R13+($S14-$R13-4),2),2, IF(OFFSET($A$1,$R13+($S14-$R13-4),0)=OFFSET($A$1,$R13+($S14-$R13-4),3),3,4))), IF(AND($S14-$R13>2,COUNTIF(OFFSET($A$1,$R13+($S14-$R13-3),0),"<>*テキスト*")), IF(OFFSET($A$1,$R13+($S14-$R13-3),0)=OFFSET($A$1,$R13+($S14-$R13-3),1),1, IF(OFFSET($A$1,$R13+($S14-$R13-3),0)=OFFSET($A$1,$R13+($S14-$R13-3),2),2, IF(OFFSET($A$1,$R13+($S14-$R13-3),0)=OFFSET($A$1,$R13+($S14-$R13-3),3),3,4))), IF(COUNTIF(OFFSET($A$1,$R13+($S14-$R13-2),0),"*様*"),1, IF(COUNTIF(OFFSET($A$1,$R13+($S14-$R13-2),1),"*様*"),2, IF(COUNTIF(OFFSET($A$1,$R13+($S14-$R13-2),2),"*様*"),3,4))))),"") | AF14: =IF(R14<>"", IF(AND($S14-$R13>3,COUNTIF(OFFSET($A$1,$R13+($S14-$R13-4),0),"<>*テキスト*")), IFERROR(IF(OFFSET($A$1,$R13+($S14-$R13-4),AE14)=0,"", IF(OFFSET($A$1,$R13+($S14-$R13-4),AE14)=OFFSET($A$1,$R13+($S14-$R13-4),AE14+1),1+AE14, IF(OFFSET($A$1,$R13+($S14-$R13-4),AE14)=OFFSET($A$1,$R13+($S14-$R13-4),AE14+2),2+AE14, IF(OFFSET($A$1,$R13+($S14-$R13-4),AE14)=OFFSET($A$1,$R13+($S14-$R13-4),AE14+3),3+AE14,3+AE14)))),""), IF(AND($S14-$R13>2,COUNTIF(OFFSET($A$1,$R13+($S14-$R13-3),0),"<>*テキスト*")), IFERROR(IF(OFFSET($A$1,$R13+($S14-$R13-3),AE14)=0,"", IF(OFFSET($A$1,$R13+($S14-$R13-3),AE14)=OFFSET($A$1,$R13+($S14-$R13-3),AE14+1),1+AE14, IF(OFFSET($A$1,$R13+($S14-$R13-3),AE14)=OFFSET($A$1,$R13+($S14-$R13-3),AE14+2),2+AE14, IF(OFFSET($A$1,$R13+($S14-$R13-3),AE14)=OFFSET($A$1,$R13+($S14-$R13-3),AE14+3),3+AE14,3+AE14)))),""), IF(COUNTIF(OFFSET($A$1,$R13+($S14-$R13-2),AE14),"*様*"),1+AE14, IF(COUNTIF(OFFSET($A$1,$R13+($S14-$R13-2),AE14+1),"*様*"),2+AE14, IF(COUNTIF(OFFSET($A$1,$R13+($S14-$R13-2),AE14+2),"*様*"),3+AE14,4+AE14))))),"") | AG14: =IF(R14<>"", IF(AND($S14-$R13>3,COUNTIF(OFFSET($A$1,$R13+($S14-$R13-4),0),"<>*テキスト*")), IFERROR(IF(OFFSET($A$1,$R13+($S14-$R13-4),AF14)=0,"", IF(OFFSET($A$1,$R13+($S14-$R13-4),AF14)=OFFSET($A$1,$R13+($S14-$R13-4),AF14+1),1+AF14, IF(OFFSET($A$1,$R13+($S14-$R13-4),AF14)=OFFSET($A$1,$R13+($S14-$R13-4),AF14+2),2+AF14, IF(OFFSET($A$1,$R13+($S14-$R13-4),AF14)=OFFSET($A$1,$R13+($S14-$R13-4),AF14+3),3+AF14,3+AF14)))),""), IF(AND($S14-$R13>2,COUNTIF(OFFSET($A$1,$R13+($S14-$R13-3),0),"<>*テキスト*")), IFERROR(IF(OFFSET($A$1,$R13+($S14-$R13-3),AF14)=0,"", IF(OFFSET($A$1,$R13+($S14-$R13-3),AF14)=OFFSET($A$1,$R13+($S14-$R13-3),AF14+1),1+AF14, IF(OFFSET($A$1,$R13+($S14-$R13-3),AF14)=OFFSET($A$1,$R13+($S14-$R13-3),AF14+2),2+AF14, IF(OFFSET($A$1,$R13+($S14-$R13-3),AF14)=OFFSET($A$1,$R13+($S14-$R13-3),AF14+3),3+AF14,3+AF14)))),""), IF(COUNTIF(OFFSET($A$1,$R13+($S14-$R13-2),AF14),"*様*"),1+AF14, IF(COUNTIF(OFFSET($A$1,$R13+($S14-$R13-2),AF14+1),"*様*"),2+AF14, IF(COUNTIF(OFFSET($A$1,$R13+($S14-$R13-2),AF14+2),"*様*"),3+AF14,4+AF14))))),"") | AH14: =IF(R14<>"", IF(AND($S14-$R13>3,COUNTIF(OFFSET($A$1,$R13+($S14-$R13-4),0),"<>*テキスト*")), IFERROR(IF(OFFSET($A$1,$R13+($S14-$R13-4),AG14)=0,"", IF(OFFSET($A$1,$R13+($S14-$R13-4),AG14)=OFFSET($A$1,$R13+($S14-$R13-4),AG14+1),1+AG14, IF(OFFSET($A$1,$R13+($S14-$R13-4),AG14)=OFFSET($A$1,$R13+($S14-$R13-4),AG14+2),2+AG14, IF(OFFSET($A$1,$R13+($S14-$R13-4),AG14)=OFFSET($A$1,$R13+($S14-$R13-4),AG14+3),3+AG14,3+AG14)))),""), IF(AND($S14-$R13>2,COUNTIF(OFFSET($A$1,$R13+($S14-$R13-3),0),"<>*テキスト*")), IFERROR(IF(OFFSET($A$1,$R13+($S14-$R13-3),AG14)=0,"", IF(OFFSET($A$1,$R13+($S14-$R13-3),AG14)=OFFSET($A$1,$R13+($S14-$R13-3),AG14+1),1+AG14, IF(OFFSET($A$1,$R13+($S14-$R13-3),AG14)=OFFSET($A$1,$R13+($S14-$R13-3),AG14+2),2+AG14, IF(OFFSET($A$1,$R13+($S14-$R13-3),AG14)=OFFSET($A$1,$R13+($S14-$R13-3),AG14+3),3+AG14,3+AG14)))),""), IF(COUNTIF(OFFSET($A$1,$R13+($S14-$R13-2),AG14),"*様*"),1+AG14, IF(COUNTIF(OFFSET($A$1,$R13+($S14-$R13-2),AG14+1),"*様*"),2+AG14, IF(COUNTIF(OFFSET($A$1,$R13+($S14-$R13-2),AG14+2),"*様*"),3+AG14,4+AG14))))),"") | AI14: =IF(R14<>"", IF(AG14<>"","", IF(COUNTIF(OFFSET($A$1,$R13+($S14-$R13-3),0),"*様*"),1, IF(COUNTIF(OFFSET($A$1,$R13+($S14-$R13-3),1),"*様*"),2, IF(COUNTIF(OFFSET($A$1,$R13+($S14-$R13-3),2),"*様*"),3,4)))),"") | AJ14: =IF(R14<>"", IF(AH14<>"","", IF(AI14<>"", IF(COUNTIF(OFFSET($A$1,$R13+($S14-$R13-3),AI14),"*様*"),1+AI14, IF(COUNTIF(OFFSET($A$1,$R13+($S14-$R13-3),AI14+1),"*様*"),2+AI14, IF(COUNTIF(OFFSET($A$1,$R13+($S14-$R13-3),AI14+2),"*様*"),3+AI14,4+AI14))), IF(COUNTIF(OFFSET($A$1,$R13+($S14-$R13-3),0),"*様*"),1, IF(COUNTIF(OFFSET($A$1,$R13+($S14-$R13-3),1),"*様*"),2, IF(COUNTIF(OFFSET($A$1,$R13+($S14-$R13-3),2),"*様*"),3,4))))),"")
... O38: =IF(COUNTIF(A38,"*/*"),ROW(),0) -> 0 | P38: =IF(O38<>0,O38-1,0) -> 0 | R38: {=IFERROR(_xlfn.AGGREGATE(15, 6, ($O$2:$O$350)/($O$2:$O$350<>0), ROWS($R$2:R38)), "")} | S38: {=IFERROR(_xlfn.AGGREGATE(15, 6, ($P$2:$P$350)/($P$2:$P$350<>0), ROWS($R$2:R38)), "")} | U38: =IF(R38<>"", IF(COUNTIF(OFFSET($A$1,$R38-1,0),"*/*"), IF(COUNTIF(OFFSET($A$1,$R38-1,1),"*/*"),"",2),1),"") | V38: =IF(R38<>"",IF(U38<>"", IF(COUNTIF(OFFSET($A$1,$R38-1,U38),"*/*"), IF(COUNTIF(OFFSET($A$1,$R38-1,U38+1),"*/*"),"",U38+2),U38+1), IF(COUNTIF(OFFSET($A$1,$R38-1,1),"*/*"), IF(COUNTIF(OFFSET($A$1,$R38-1,1+1),"*/*"),"",1+2),1+1)),"") | W38: =IF(R38<>"",IF(V38<>"", IF(COUNTIF(OFFSET($A$1,$R38-1,V38),"*/*"), IF(COUNTIF(OFFSET($A$1,$R38-1,V38+1),"*/*"),"",V38+2),V38+1), IF(COUNTIF(OFFSET($A$1,$R38-1,2),"*/*"), IF(COUNTIF(OFFSET($A$1,$R38-1,2+1),"*/*"),"",2+2),2+1)),"") | X38: =IF(R38<>"",IF(W38<>"", IF(COUNTIF(OFFSET($A$1,$R38-1,W38),"*/*"), IF(COUNTIF(OFFSET($A$1,$R38-1,W38+1),"*/*"),"",W38+2),W38+1), IF(COUNTIF(OFFSET($A$1,$R38-1,5),"*/*"), IF(COUNTIF(OFFSET($A$1,$R38-1,5+1),"*/*"),"", IF(OFFSET($A$1,R38-1,5+2-1)=0,"",5+2)),IF(OFFSET($A$1,R38-1,5+1-1)=0,"",5+1))),"") | Z38: =IF(S38<>"", IF(COUNTIF(OFFSET($A$1,$S38-1,0),"*g*"), 1,IF(COUNTIF(OFFSET($A$1,$S38-1,1),"*g*"),2, IF(OFFSET($A$1,$S38-1,0)=".","", IF(OFFSET($A$1,$S38-1,0)=OFFSET($A$1,$S38-1,1),1,2)))),"") | AA38: =IFERROR(IF(S38<>"", IF(Z38<>"", IF(COUNTIF(OFFSET($A$1,$S38-1,Z38),"*g*"), Z38,IF(COUNTIF(OFFSET($A$1,$S38-1,Z38+1),"*g*"),Z38+2, IF(OFFSET($A$1,$S38-1,Z38)=".","", IF(OFFSET($A$1,$S38-1,Z38)=OFFSET($A$1,$S38-1,Z38+1),Z38+1,Z38+2)))), IF(COUNTIF(OFFSET($A$1,$S38-1,2),"*g*"), 2,IF(COUNTIF(OFFSET($A$1,$S38-1,2+1),"*g*"),2+2, IF(OFFSET($A$1,$S38-1,2)=".","", IF(OFFSET($A$1,$S38-1,2)=OFFSET($A$1,$S38-1,2+1), IF(OFFSET($A$1,$S38-1,2+1)=0,"",2+1), IF(OFFSET($A$1,$S38-1,2)<>"",2, IF(OFFSET($A$1,$S38-1,2+1)<>"",2+1,""))))))),""),"") | AB38: =IFERROR(IF(S38<>"", IF(COUNTIF(OFFSET($A$1,$S38-1,AA38),"*g*"), AA38,IF(COUNTIF(OFFSET($A$1,$S38-1,AA38+1),"*g*"),AA38+2, IF(OFFSET($A$1,$S38-1,AA38)=".","", IF(OFFSET($A$1,$S38-1,AA38)=OFFSET($A$1,$S38-1,AA38+1),AA38+1,AA38+2)))),""),"") | AC38: =IFERROR(IF(S38<>"", IF(COUNTIF(OFFSET($A$1,$S38-1,AB38),"*g*"), AB38,IF(COUNTIF(OFFSET($A$1,$S38-1,AB38+1),"*g*"),AB38+2, IF(OFFSET($A$1,$S38-1,AB38)=".","", IF(OFFSET($A$1,$S38-1,AB38)=OFFSET($A$1,$S38-1,AB38+1),AB38+1, IF(OFFSET($A$1,$S38-1,AB38+1)<>0,AB38+2, IF(OFFSET($A$1,$S38-1,AB38)<>0,AB38+1,"")))))),""),"") | AE38: =IF(R38<>"", IF(AND($S38-$R37>3,COUNTIF(OFFSET($A$1,$R37+($S38-$R37-4),0),"<>*テキスト*")), IF(OFFSET($A$1,$R37+($S38-$R37-4),0)=OFFSET($A$1,$R37+($S38-$R37-4),1),1, IF(OFFSET($A$1,$R37+($S38-$R37-4),0)=OFFSET($A$1,$R37+($S38-$R37-4),2),2, IF(OFFSET($A$1,$R37+($S38-$R37-4),0)=OFFSET($A$1,$R37+($S38-$R37-4),3),3,4))), IF(AND($S38-$R37>2,COUNTIF(OFFSET($A$1,$R37+($S38-$R37-3),0),"<>*テキスト*")), IF(OFFSET($A$1,$R37+($S38-$R37-3),0)=OFFSET($A$1,$R37+($S38-$R37-3),1),1, IF(OFFSET($A$1,$R37+($S38-$R37-3),0)=OFFSET($A$1,$R37+($S38-$R37-3),2),2, IF(OFFSET($A$1,$R37+($S38-$R37-3),0)=OFFSET($A$1,$R37+($S38-$R37-3),3),3,4))), IF(COUNTIF(OFFSET($A$1,$R37+($S38-$R37-2),0),"*様*"),1, IF(COUNTIF(OFFSET($A$1,$R37+($S38-$R37-2),1),"*様*"),2, IF(COUNTIF(OFFSET($A$1,$R37+($S38-$R37-2),2),"*様*"),3,4))))),"") | AF38: =IF(R38<>"", IF(AND($S38-$R37>3,COUNTIF(OFFSET($A$1,$R37+($S38-$R37-4),0),"<>*テキスト*")), IFERROR(IF(OFFSET($A$1,$R37+($S38-$R37-4),AE38)=0,"", IF(OFFSET($A$1,$R37+($S38-$R37-4),AE38)=OFFSET($A$1,$R37+($S38-$R37-4),AE38+1),1+AE38, IF(OFFSET($A$1,$R37+($S38-$R37-4),AE38)=OFFSET($A$1,$R37+($S38-$R37-4),AE38+2),2+AE38, IF(OFFSET($A$1,$R37+($S38-$R37-4),AE38)=OFFSET($A$1,$R37+($S38-$R37-4),AE38+3),3+AE38,3+AE38)))),""), IF(AND($S38-$R37>2,COUNTIF(OFFSET($A$1,$R37+($S38-$R37-3),0),"<>*テキスト*")), IFERROR(IF(OFFSET($A$1,$R37+($S38-$R37-3),AE38)=0,"", IF(OFFSET($A$1,$R37+($S38-$R37-3),AE38)=OFFSET($A$1,$R37+($S38-$R37-3),AE38+1),1+AE38, IF(OFFSET($A$1,$R37+($S38-$R37-3),AE38)=OFFSET($A$1,$R37+($S38-$R37-3),AE38+2),2+AE38, IF(OFFSET($A$1,$R37+($S38-$R37-3),AE38)=OFFSET($A$1,$R37+($S38-$R37-3),AE38+3),3+AE38,3+AE38)))),""), IF(COUNTIF(OFFSET($A$1,$R37+($S38-$R37-2),AE38),"*様*"),1+AE38, IF(COUNTIF(OFFSET($A$1,$R37+($S38-$R37-2),AE38+1),"*様*"),2+AE38, IF(COUNTIF(OFFSET($A$1,$R37+($S38-$R37-2),AE38+2),"*様*"),3+AE38,4+AE38))))),"") | AG38: =IF(R38<>"", IF(AND($S38-$R37>3,COUNTIF(OFFSET($A$1,$R37+($S38-$R37-4),0),"<>*テキスト*")), IFERROR(IF(OFFSET($A$1,$R37+($S38-$R37-4),AF38)=0,"", IF(OFFSET($A$1,$R37+($S38-$R37-4),AF38)=OFFSET($A$1,$R37+($S38-$R37-4),AF38+1),1+AF38, IF(OFFSET($A$1,$R37+($S38-$R37-4),AF38)=OFFSET($A$1,$R37+($S38-$R37-4),AF38+2),2+AF38, IF(OFFSET($A$1,$R37+($S38-$R37-4),AF38)=OFFSET($A$1,$R37+($S38-$R37-4),AF38+3),3+AF38,3+AF38)))),""), IF(AND($S38-$R37>2,COUNTIF(OFFSET($A$1,$R37+($S38-$R37-3),0),"<>*テキスト*")), IFERROR(IF(OFFSET($A$1,$R37+($S38-$R37-3),AF38)=0,"", IF(OFFSET($A$1,$R37+($S38-$R37-3),AF38)=OFFSET($A$1,$R37+($S38-$R37-3),AF38+1),1+AF38, IF(OFFSET($A$1,$R37+($S38-$R37-3),AF38)=OFFSET($A$1,$R37+($S38-$R37-3),AF38+2),2+AF38, IF(OFFSET($A$1,$R37+($S38-$R37-3),AF38)=OFFSET($A$1,$R37+($S38-$R37-3),AF38+3),3+AF38,3+AF38)))),""), IF(COUNTIF(OFFSET($A$1,$R37+($S38-$R37-2),AF38),"*様*"),1+AF38, IF(COUNTIF(OFFSET($A$1,$R37+($S38-$R37-2),AF38+1),"*様*"),2+AF38, IF(COUNTIF(OFFSET($A$1,$R37+($S38-$R37-2),AF38+2),"*様*"),3+AF38,4+AF38))))),"") | AH38: =IF(R38<>"", IF(AND($S38-$R37>3,COUNTIF(OFFSET($A$1,$R37+($S38-$R37-4),0),"<>*テキスト*")), IFERROR(IF(OFFSET($A$1,$R37+($S38-$R37-4),AG38)=0,"", IF(OFFSET($A$1,$R37+($S38-$R37-4),AG38)=OFFSET($A$1,$R37+($S38-$R37-4),AG38+1),1+AG38, IF(OFFSET($A$1,$R37+($S38-$R37-4),AG38)=OFFSET($A$1,$R37+($S38-$R37-4),AG38+2),2+AG38, IF(OFFSET($A$1,$R37+($S38-$R37-4),AG38)=OFFSET($A$1,$R37+($S38-$R37-4),AG38+3),3+AG38,3+AG38)))),""), IF(AND($S38-$R37>2,COUNTIF(OFFSET($A$1,$R37+($S38-$R37-3),0),"<>*テキスト*")), IFERROR(IF(OFFSET($A$1,$R37+($S38-$R37-3),AG38)=0,"", IF(OFFSET($A$1,$R37+($S38-$R37-3),AG38)=OFFSET($A$1,$R37+($S38-$R37-3),AG38+1),1+AG38, IF(OFFSET($A$1,$R37+($S38-$R37-3),AG38)=OFFSET($A$1,$R37+($S38-$R37-3),AG38+2),2+AG38, IF(OFFSET($A$1,$R37+($S38-$R37-3),AG38)=OFFSET($A$1,$R37+($S38-$R37-3),AG38+3),3+AG38,3+AG38)))),""), IF(COUNTIF(OFFSET($A$1,$R37+($S38-$R37-2),AG38),"*様*"),1+AG38, IF(COUNTIF(OFFSET($A$1,$R37+($S38-$R37-2),AG38+1),"*様*"),2+AG38, IF(COUNTIF(OFFSET($A$1,$R37+($S38-$R37-2),AG38+2),"*様*"),3+AG38,4+AG38))))),"") | AI38: =IF(R38<>"", IF(AG38<>"","", IF(COUNTIF(OFFSET($A$1,$R37+($S38-$R37-3),0),"*様*"),1, IF(COUNTIF(OFFSET($A$1,$R37+($S38-$R37-3),1),"*様*"),2, IF(COUNTIF(OFFSET($A$1,$R37+($S38-$R37-3),2),"*様*"),3,4)))),"") | AJ38: =IF(R38<>"", IF(AH38<>"","", IF(AI38<>"", IF(COUNTIF(OFFSET($A$1,$R37+($S38-$R37-3),AI38),"*様*"),1+AI38, IF(COUNTIF(OFFSET($A$1,$R37+($S38-$R37-3),AI38+1),"*様*"),2+AI38, IF(COUNTIF(OFFSET($A$1,$R37+($S38-$R37-3),AI38+2),"*様*"),3+AI38,4+AI38))), IF(COUNTIF(OFFSET($A$1,$R37+($S38-$R37-3),0),"*様*"),1, IF(COUNTIF(OFFSET($A$1,$R37+($S38-$R37-3),1),"*様*"),2, IF(COUNTIF(OFFSET($A$1,$R37+($S38-$R37-3),2),"*様*"),3,4))))),"")
O39: =IF(COUNTIF(A39,"*/*"),ROW(),0) -> 0 | P39: =IF(O39<>0,O39-1,0) -> 0 | R39: {=IFERROR(_xlfn.AGGREGATE(15, 6, ($O$2:$O$350)/($O$2:$O$350<>0), ROWS($R$2:R39)), "")} | S39: {=IFERROR(_xlfn.AGGREGATE(15, 6, ($P$2:$P$350)/($P$2:$P$350<>0), ROWS($R$2:R39)), "")} | U39: =IF(R39<>"", IF(COUNTIF(OFFSET($A$1,$R39-1,0),"*/*"), IF(COUNTIF(OFFSET($A$1,$R39-1,1),"*/*"),"",2),1),"") | V39: =IF(R39<>"",IF(U39<>"", IF(COUNTIF(OFFSET($A$1,$R39-1,U39),"*/*"), IF(COUNTIF(OFFSET($A$1,$R39-1,U39+1),"*/*"),"",U39+2),U39+1), IF(COUNTIF(OFFSET($A$1,$R39-1,1),"*/*"), IF(COUNTIF(OFFSET($A$1,$R39-1,1+1),"*/*"),"",1+2),1+1)),"") | W39: =IF(R39<>"",IF(V39<>"", IF(COUNTIF(OFFSET($A$1,$R39-1,V39),"*/*"), IF(COUNTIF(OFFSET($A$1,$R39-1,V39+1),"*/*"),"",V39+2),V39+1), IF(COUNTIF(OFFSET($A$1,$R39-1,2),"*/*"), IF(COUNTIF(OFFSET($A$1,$R39-1,2+1),"*/*"),"",2+2),2+1)),"") | X39: =IF(R39<>"",IF(W39<>"", IF(COUNTIF(OFFSET($A$1,$R39-1,W39),"*/*"), IF(COUNTIF(OFFSET($A$1,$R39-1,W39+1),"*/*"),"",W39+2),W39+1), IF(COUNTIF(OFFSET($A$1,$R39-1,5),"*/*"), IF(COUNTIF(OFFSET($A$1,$R39-1,5+1),"*/*"),"", IF(OFFSET($A$1,R39-1,5+2-1)=0,"",5+2)),IF(OFFSET($A$1,R39-1,5+1-1)=0,"",5+1))),"") | Z39: =IF(S39<>"", IF(COUNTIF(OFFSET($A$1,$S39-1,0),"*g*"), 1,IF(COUNTIF(OFFSET($A$1,$S39-1,1),"*g*"),2, IF(OFFSET($A$1,$S39-1,0)=".","", IF(OFFSET($A$1,$S39-1,0)=OFFSET($A$1,$S39-1,1),1,2)))),"") | AA39: =IFERROR(IF(S39<>"", IF(Z39<>"", IF(COUNTIF(OFFSET($A$1,$S39-1,Z39),"*g*"), Z39,IF(COUNTIF(OFFSET($A$1,$S39-1,Z39+1),"*g*"),Z39+2, IF(OFFSET($A$1,$S39-1,Z39)=".","", IF(OFFSET($A$1,$S39-1,Z39)=OFFSET($A$1,$S39-1,Z39+1),Z39+1,Z39+2)))), IF(COUNTIF(OFFSET($A$1,$S39-1,1),"*g*"), 2,IF(COUNTIF(OFFSET($A$1,$S39-1,1+1),"*g*"),1+2, IF(OFFSET($A$1,$S39-1,1)=".","", IF(OFFSET($A$1,$S39-1,1)=OFFSET($A$1,$S39-1,1+1), IF(OFFSET($A$1,$S39-1,1+1)=0,"",1+1), IF(OFFSET($A$1,$S39-1,1)<>"",1, IF(OFFSET($A$1,$S39-1,1+1)<>"",1+1,""))))))),""),"") | AB39: =IFERROR(IF(S39<>"", IF(AA39<>"", IF(COUNTIF(OFFSET($A$1,$S39-1,AA39),"*g*"), AA39,IF(COUNTIF(OFFSET($A$1,$S39-1,AA39+1),"*g*"),AA39+2, IF(OFFSET($A$1,$S39-1,AA39)=".","", IF(OFFSET($A$1,$S39-1,AA39)=OFFSET($A$1,$S39-1,AA39+1),AA39+1,AA39+2)))), IF(COUNTIF(OFFSET($A$1,$S39-1,2),"*g*"), 2,IF(COUNTIF(OFFSET($A$1,$S39-1,2+1),"*g*"),2+2, IF(OFFSET($A$1,$S39-1,2)=".","", IF(OFFSET($A$1,$S39-1,2)=OFFSET($A$1,$S39-1,2+1), IF(OFFSET($A$1,$S39-1,2+1)=0,"",2+1), IF(OFFSET($A$1,$S39-1,2)<>"",2, IF(OFFSET($A$1,$S39-1,2+1)<>"",2+1,""))))))),""),"") | AC39: =IFERROR(IF(S39<>"", IF(AB39<>"", IF(COUNTIF(OFFSET($A$1,$S39-1,AB39),"*g*"), AB39,IF(COUNTIF(OFFSET($A$1,$S39-1,AB39+1),"*g*"),AB39+2, IF(OFFSET($A$1,$S39-1,AB39)=".","", IF(OFFSET($A$1,$S39-1,AB39)=OFFSET($A$1,$S39-1,AB39+1),AB39+1,AB39+2)))), IF(COUNTIF(OFFSET($A$1,$S39-1,3),"*g*"), 3,IF(COUNTIF(OFFSET($A$1,$S39-1,3+1),"*g*"),3+2, IF(OFFSET($A$1,$S39-1,3)=".","", IF(OFFSET($A$1,$S39-1,3)=OFFSET($A$1,$S39-1,3+1), IF(OFFSET($A$1,$S39-1,3+1)=0,"",3+1), IF(OFFSET($A$1,$S39-1,3)<>"",3, IF(OFFSET($A$1,$S39-1,3+1)<>"",3+1,""))))))),""),"") | AE39: =IF(R39<>"", IF(AND($S39-$R38>3,COUNTIF(OFFSET($A$1,$R38+($S39-$R38-4),0),"<>*テキスト*")), IF(OFFSET($A$1,$R38+($S39-$R38-4),0)=OFFSET($A$1,$R38+($S39-$R38-4),1),1, IF(OFFSET($A$1,$R38+($S39-$R38-4),0)=OFFSET($A$1,$R38+($S39-$R38-4),2),2, IF(OFFSET($A$1,$R38+($S39-$R38-4),0)=OFFSET($A$1,$R38+($S39-$R38-4),3),3,4))), IF(AND($S39-$R38>2,COUNTIF(OFFSET($A$1,$R38+($S39-$R38-3),0),"<>*テキスト*")), IF(OFFSET($A$1,$R38+($S39-$R38-3),0)=OFFSET($A$1,$R38+($S39-$R38-3),1),1, IF(OFFSET($A$1,$R38+($S39-$R38-3),0)=OFFSET($A$1,$R38+($S39-$R38-3),2),2, IF(OFFSET($A$1,$R38+($S39-$R38-3),0)=OFFSET($A$1,$R38+($S39-$R38-3),3),3,4))), IF(COUNTIF(OFFSET($A$1,$R38+($S39-$R38-2),0),"*様*"),1, IF(COUNTIF(OFFSET($A$1,$R38+($S39-$R38-2),1),"*様*"),2, IF(COUNTIF(OFFSET($A$1,$R38+($S39-$R38-2),2),"*様*"),3,4))))),"") | AF39: =IF(R39<>"", IF(AND($S39-$R38>3,COUNTIF(OFFSET($A$1,$R38+($S39-$R38-4),0),"<>*テキスト*")), IFERROR(IF(OFFSET($A$1,$R38+($S39-$R38-4),AE39)=0,"", IF(OFFSET($A$1,$R38+($S39-$R38-4),AE39)=OFFSET($A$1,$R38+($S39-$R38-4),AE39+1),1+AE39, IF(OFFSET($A$1,$R38+($S39-$R38-4),AE39)=OFFSET($A$1,$R38+($S39-$R38-4),AE39+2),2+AE39, IF(OFFSET($A$1,$R38+($S39-$R38-4),AE39)=OFFSET($A$1,$R38+($S39-$R38-4),AE39+3),3+AE39,3+AE39)))),""), IF(AND($S39-$R38>2,COUNTIF(OFFSET($A$1,$R38+($S39-$R38-3),0),"<>*テキスト*")), IFERROR(IF(OFFSET($A$1,$R38+($S39-$R38-3),AE39)=0,"", IF(OFFSET($A$1,$R38+($S39-$R38-3),AE39)=OFFSET($A$1,$R38+($S39-$R38-3),AE39+1),1+AE39, IF(OFFSET($A$1,$R38+($S39-$R38-3),AE39)=OFFSET($A$1,$R38+($S39-$R38-3),AE39+2),2+AE39, IF(OFFSET($A$1,$R38+($S39-$R38-3),AE39)=OFFSET($A$1,$R38+($S39-$R38-3),AE39+3),3+AE39,3+AE39)))),""), IF(COUNTIF(OFFSET($A$1,$R38+($S39-$R38-2),AE39),"*様*"),1+AE39, IF(COUNTIF(OFFSET($A$1,$R38+($S39-$R38-2),AE39+1),"*様*"),2+AE39, IF(COUNTIF(OFFSET($A$1,$R38+($S39-$R38-2),AE39+2),"*様*"),3+AE39,4+AE39))))),"") | AG39: =IF(R39<>"", IF(AND($S39-$R38>3,COUNTIF(OFFSET($A$1,$R38+($S39-$R38-4),0),"<>*テキスト*")), IFERROR(IF(OFFSET($A$1,$R38+($S39-$R38-4),AF39)=0,"", IF(OFFSET($A$1,$R38+($S39-$R38-4),AF39)=OFFSET($A$1,$R38+($S39-$R38-4),AF39+1),1+AF39, IF(OFFSET($A$1,$R38+($S39-$R38-4),AF39)=OFFSET($A$1,$R38+($S39-$R38-4),AF39+2),2+AF39, IF(OFFSET($A$1,$R38+($S39-$R38-4),AF39)=OFFSET($A$1,$R38+($S39-$R38-4),AF39+3),3+AF39,3+AF39)))),""), IF(AND($S39-$R38>2,COUNTIF(OFFSET($A$1,$R38+($S39-$R38-3),0),"<>*テキスト*")), IFERROR(IF(OFFSET($A$1,$R38+($S39-$R38-3),AF39)=0,"", IF(OFFSET($A$1,$R38+($S39-$R38-3),AF39)=OFFSET($A$1,$R38+($S39-$R38-3),AF39+1),1+AF39, IF(OFFSET($A$1,$R38+($S39-$R38-3),AF39)=OFFSET($A$1,$R38+($S39-$R38-3),AF39+2),2+AF39, IF(OFFSET($A$1,$R38+($S39-$R38-3),AF39)=OFFSET($A$1,$R38+($S39-$R38-3),AF39+3),3+AF39,3+AF39)))),""), IF(COUNTIF(OFFSET($A$1,$R38+($S39-$R38-2),AF39),"*様*"),1+AF39, IF(COUNTIF(OFFSET($A$1,$R38+($S39-$R38-2),AF39+1),"*様*"),2+AF39, IF(COUNTIF(OFFSET($A$1,$R38+($S39-$R38-2),AF39+2),"*様*"),3+AF39,4+AF39))))),"") | AH39: =IF(R39<>"", IF(AND($S39-$R38>3,COUNTIF(OFFSET($A$1,$R38+($S39-$R38-4),0),"<>*テキスト*")), IFERROR(IF(OFFSET($A$1,$R38+($S39-$R38-4),AG39)=0,"", IF(OFFSET($A$1,$R38+($S39-$R38-4),AG39)=OFFSET($A$1,$R38+($S39-$R38-4),AG39+1),1+AG39, IF(OFFSET($A$1,$R38+($S39-$R38-4),AG39)=OFFSET($A$1,$R38+($S39-$R38-4),AG39+2),2+AG39, IF(OFFSET($A$1,$R38+($S39-$R38-4),AG39)=OFFSET($A$1,$R38+($S39-$R38-4),AG39+3),3+AG39,3+AG39)))),""), IF(AND($S39-$R38>2,COUNTIF(OFFSET($A$1,$R38+($S39-$R38-3),0),"<>*テキスト*")), IFERROR(IF(OFFSET($A$1,$R38+($S39-$R38-3),AG39)=0,"", IF(OFFSET($A$1,$R38+($S39-$R38-3),AG39)=OFFSET($A$1,$R38+($S39-$R38-3),AG39+1),1+AG39, IF(OFFSET($A$1,$R38+($S39-$R38-3),AG39)=OFFSET($A$1,$R38+($S39-$R38-3),AG39+2),2+AG39, IF(OFFSET($A$1,$R38+($S39-$R38-3),AG39)=OFFSET($A$1,$R38+($S39-$R38-3),AG39+3),3+AG39,3+AG39)))),""), IF(COUNTIF(OFFSET($A$1,$R38+($S39-$R38-2),AG39),"*様*"),1+AG39, IF(COUNTIF(OFFSET($A$1,$R38+($S39-$R38-2),AG39+1),"*様*"),2+AG39, IF(COUNTIF(OFFSET($A$1,$R38+($S39-$R38-2),AG39+2),"*様*"),3+AG39,4+AG39))))),"") | AI39: =IF(R39<>"", IF(AG39<>"","", IF(COUNTIF(OFFSET($A$1,$R38+($S39-$R38-3),0),"*様*"),1, IF(COUNTIF(OFFSET($A$1,$R38+($S39-$R38-3),1),"*様*"),2, IF(COUNTIF(OFFSET($A$1,$R38+($S39-$R38-3),2),"*様*"),3,4)))),"") | AJ39: =IF(R39<>"", IF(AH39<>"","", IF(AI39<>"", IF(COUNTIF(OFFSET($A$1,$R38+($S39-$R38-3),AI39),"*様*"),1+AI39, IF(COUNTIF(OFFSET($A$1,$R38+($S39-$R38-3),AI39+1),"*様*"),2+AI39, IF(COUNTIF(OFFSET($A$1,$R38+($S39-$R38-3),AI39+2),"*様*"),3+AI39,4+AI39))), IF(COUNTIF(OFFSET($A$1,$R38+($S39-$R38-3),0),"*様*"),1, IF(COUNTIF(OFFSET($A$1,$R38+($S39-$R38-3),1),"*様*"),2, IF(COUNTIF(OFFSET($A$1,$R38+($S39-$R38-3),2),"*様*"),3,4))))),"")
O40: =IF(COUNTIF(A40,"*/*"),ROW(),0) -> 0 | P40: =IF(O40<>0,O40-1,0) -> 0 | R40: {=IFERROR(_xlfn.AGGREGATE(15, 6, ($O$2:$O$350)/($O$2:$O$350<>0), ROWS($R$2:R40)), "")} | S40: {=IFERROR(_xlfn.AGGREGATE(15, 6, ($P$2:$P$350)/($P$2:$P$350<>0), ROWS($R$2:R40)), "")} | U40: =IF(R40<>"", IF(COUNTIF(OFFSET($A$1,$R40-1,0),"*/*"), IF(COUNTIF(OFFSET($A$1,$R40-1,1),"*/*"),"",2),1),"") | V40: =IF(R40<>"",IF(U40<>"", IF(COUNTIF(OFFSET($A$1,$R40-1,U40),"*/*"), IF(COUNTIF(OFFSET($A$1,$R40-1,U40+1),"*/*"),"",U40+2),U40+1), IF(COUNTIF(OFFSET($A$1,$R40-1,1),"*/*"), IF(COUNTIF(OFFSET($A$1,$R40-1,1+1),"*/*"),"",1+2),1+1)),"") | W40: =IF(R40<>"",IF(V40<>"", IF(COUNTIF(OFFSET($A$1,$R40-1,V40),"*/*"), IF(COUNTIF(OFFSET($A$1,$R40-1,V40+1),"*/*"),"",V40+2),V40+1), IF(COUNTIF(OFFSET($A$1,$R40-1,2),"*/*"), IF(COUNTIF(OFFSET($A$1,$R40-1,2+1),"*/*"),"",2+2),2+1)),"") | X40: =IF(R40<>"",IF(W40<>"", IF(COUNTIF(OFFSET($A$1,$R40-1,W40),"*/*"), IF(COUNTIF(OFFSET($A$1,$R40-1,W40+1),"*/*"),"",W40+2),W40+1), IF(COUNTIF(OFFSET($A$1,$R40-1,5),"*/*"), IF(COUNTIF(OFFSET($A$1,$R40-1,5+1),"*/*"),"", IF(OFFSET($A$1,R40-1,5+2-1)=0,"",5+2)),IF(OFFSET($A$1,R40-1,5+1-1)=0,"",5+1))),"") | Z40: =IF(S40<>"", IF(COUNTIF(OFFSET($A$1,$S40-1,0),"*g*"), 1,IF(COUNTIF(OFFSET($A$1,$S40-1,1),"*g*"),2, IF(OFFSET($A$1,$S40-1,0)=".","", IF(OFFSET($A$1,$S40-1,0)=OFFSET($A$1,$S40-1,1),1,2)))),"") | AA40: =IFERROR(IF(S40<>"", IF(Z40<>"", IF(COUNTIF(OFFSET($A$1,$S40-1,Z40),"*g*"), Z40,IF(COUNTIF(OFFSET($A$1,$S40-1,Z40+1),"*g*"),Z40+2, IF(OFFSET($A$1,$S40-1,Z40)=".","", IF(OFFSET($A$1,$S40-1,Z40)=OFFSET($A$1,$S40-1,Z40+1),Z40+1,Z40+2)))), IF(COUNTIF(OFFSET($A$1,$S40-1,1),"*g*"), 2,IF(COUNTIF(OFFSET($A$1,$S40-1,1+1),"*g*"),1+2, IF(OFFSET($A$1,$S40-1,1)=".","", IF(OFFSET($A$1,$S40-1,1)=OFFSET($A$1,$S40-1,1+1), IF(OFFSET($A$1,$S40-1,1+1)=0,"",1+1), IF(OFFSET($A$1,$S40-1,1)<>"",1, IF(OFFSET($A$1,$S40-1,1+1)<>"",1+1,""))))))),""),"") | AB40: =IFERROR(IF(S40<>"", IF(COUNTIF(OFFSET($A$1,$S40-1,AA40),"*g*"), AA40,IF(COUNTIF(OFFSET($A$1,$S40-1,AA40+1),"*g*"),AA40+2, IF(OFFSET($A$1,$S40-1,AA40)=".","", IF(OFFSET($A$1,$S40-1,AA40)=OFFSET($A$1,$S40-1,AA40+1),AA40+1,AA40+2)))),""),"") | AC40: =IFERROR(IF(S40<>"", IF(COUNTIF(OFFSET($A$1,$S40-1,AB40),"*g*"), AB40,IF(COUNTIF(OFFSET($A$1,$S40-1,AB40+1),"*g*"),AB40+2, IF(OFFSET($A$1,$S40-1,AB40)=".","", IF(OFFSET($A$1,$S40-1,AB40)=OFFSET($A$1,$S40-1,AB40+1),AB40+1, IF(OFFSET($A$1,$S40-1,AB40+1)<>0,AB40+2, IF(OFFSET($A$1,$S40-1,AB40)<>0,AB40+1,"")))))),""),"") | AE40: =IF(R40<>"", IF(AND($S40-$R39>3,COUNTIF(OFFSET($A$1,$R39+($S40-$R39-4),0),"<>*テキスト*")), IF(OFFSET($A$1,$R39+($S40-$R39-4),0)=OFFSET($A$1,$R39+($S40-$R39-4),1),1, IF(OFFSET($A$1,$R39+($S40-$R39-4),0)=OFFSET($A$1,$R39+($S40-$R39-4),2),2, IF(OFFSET($A$1,$R39+($S40-$R39-4),0)=OFFSET($A$1,$R39+($S40-$R39-4),3),3,4))), IF(AND($S40-$R39>2,COUNTIF(OFFSET($A$1,$R39+($S40-$R39-3),0),"<>*テキスト*")), IF(OFFSET($A$1,$R39+($S40-$R39-3),0)=OFFSET($A$1,$R39+($S40-$R39-3),1),1, IF(OFFSET($A$1,$R39+($S40-$R39-3),0)=OFFSET($A$1,$R39+($S40-$R39-3),2),2, IF(OFFSET($A$1,$R39+($S40-$R39-3),0)=OFFSET($A$1,$R39+($S40-$R39-3),3),3,4))), IF(COUNTIF(OFFSET($A$1,$R39+($S40-$R39-2),0),"*様*"),1, IF(COUNTIF(OFFSET($A$1,$R39+($S40-$R39-2),1),"*様*"),2, IF(COUNTIF(OFFSET($A$1,$R39+($S40-$R39-2),2),"*様*"),3,4))))),"") | AF40: =IF(R40<>"", IF(AND($S40-$R39>3,COUNTIF(OFFSET($A$1,$R39+($S40-$R39-4),0),"<>*テキスト*")), IFERROR(IF(OFFSET($A$1,$R39+($S40-$R39-4),AE40)=0,"", IF(OFFSET($A$1,$R39+($S40-$R39-4),AE40)=OFFSET($A$1,$R39+($S40-$R39-4),AE40+1),1+AE40, IF(OFFSET($A$1,$R39+($S40-$R39-4),AE40)=OFFSET($A$1,$R39+($S40-$R39-4),AE40+2),2+AE40, IF(OFFSET($A$1,$R39+($S40-$R39-4),AE40)=OFFSET($A$1,$R39+($S40-$R39-4),AE40+3),3+AE40,3+AE40)))),""), IF(AND($S40-$R39>2,COUNTIF(OFFSET($A$1,$R39+($S40-$R39-3),0),"<>*テキスト*")), IFERROR(IF(OFFSET($A$1,$R39+($S40-$R39-3),AE40)=0,"", IF(OFFSET($A$1,$R39+($S40-$R39-3),AE40)=OFFSET($A$1,$R39+($S40-$R39-3),AE40+1),1+AE40, IF(OFFSET($A$1,$R39+($S40-$R39-3),AE40)=OFFSET($A$1,$R39+($S40-$R39-3),AE40+2),2+AE40, IF(OFFSET($A$1,$R39+($S40-$R39-3),AE40)=OFFSET($A$1,$R39+($S40-$R39-3),AE40+3),3+AE40,3+AE40)))),""), IF(COUNTIF(OFFSET($A$1,$R39+($S40-$R39-2),AE40),"*様*"),1+AE40, IF(COUNTIF(OFFSET($A$1,$R39+($S40-$R39-2),AE40+1),"*様*"),2+AE40, IF(COUNTIF(OFFSET($A$1,$R39+($S40-$R39-2),AE40+2),"*様*"),3+AE40,4+AE40))))),"") | AG40: =IF(R40<>"", IF(AND($S40-$R39>3,COUNTIF(OFFSET($A$1,$R39+($S40-$R39-4),0),"<>*テキスト*")), IFERROR(IF(OFFSET($A$1,$R39+($S40-$R39-4),AF40)=0,"", IF(OFFSET($A$1,$R39+($S40-$R39-4),AF40)=OFFSET($A$1,$R39+($S40-$R39-4),AF40+1),1+AF40, IF(OFFSET($A$1,$R39+($S40-$R39-4),AF40)=OFFSET($A$1,$R39+($S40-$R39-4),AF40+2),2+AF40, IF(OFFSET($A$1,$R39+($S40-$R39-4),AF40)=OFFSET($A$1,$R39+($S40-$R39-4),AF40+3),3+AF40,3+AF40)))),""), IF(AND($S40-$R39>2,COUNTIF(OFFSET($A$1,$R39+($S40-$R39-3),0),"<>*テキスト*")), IFERROR(IF(OFFSET($A$1,$R39+($S40-$R39-3),AF40)=0,"", IF(OFFSET($A$1,$R39+($S40-$R39-3),AF40)=OFFSET($A$1,$R39+($S40-$R39-3),AF40+1),1+AF40, IF(OFFSET($A$1,$R39+($S40-$R39-3),AF40)=OFFSET($A$1,$R39+($S40-$R39-3),AF40+2),2+AF40, IF(OFFSET($A$1,$R39+($S40-$R39-3),AF40)=OFFSET($A$1,$R39+($S40-$R39-3),AF40+3),3+AF40,3+AF40)))),""), IF(COUNTIF(OFFSET($A$1,$R39+($S40-$R39-2),AF40),"*様*"),1+AF40, IF(COUNTIF(OFFSET($A$1,$R39+($S40-$R39-2),AF40+1),"*様*"),2+AF40, IF(COUNTIF(OFFSET($A$1,$R39+($S40-$R39-2),AF40+2),"*様*"),3+AF40,4+AF40))))),"") | AH40: =IF(R40<>"", IF(AND($S40-$R39>3,COUNTIF(OFFSET($A$1,$R39+($S40-$R39-4),0),"<>*テキスト*")), IFERROR(IF(OFFSET($A$1,$R39+($S40-$R39-4),AG40)=0,"", IF(OFFSET($A$1,$R39+($S40-$R39-4),AG40)=OFFSET($A$1,$R39+($S40-$R39-4),AG40+1),1+AG40, IF(OFFSET($A$1,$R39+($S40-$R39-4),AG40)=OFFSET($A$1,$R39+($S40-$R39-4),AG40+2),2+AG40, IF(OFFSET($A$1,$R39+($S40-$R39-4),AG40)=OFFSET($A$1,$R39+($S40-$R39-4),AG40+3),3+AG40,3+AG40)))),""), IF(AND($S40-$R39>2,COUNTIF(OFFSET($A$1,$R39+($S40-$R39-3),0),"<>*テキスト*")), IFERROR(IF(OFFSET($A$1,$R39+($S40-$R39-3),AG40)=0,"", IF(OFFSET($A$1,$R39+($S40-$R39-3),AG40)=OFFSET($A$1,$R39+($S40-$R39-3),AG40+1),1+AG40, IF(OFFSET($A$1,$R39+($S40-$R39-3),AG40)=OFFSET($A$1,$R39+($S40-$R39-3),AG40+2),2+AG40, IF(OFFSET($A$1,$R39+($S40-$R39-3),AG40)=OFFSET($A$1,$R39+($S40-$R39-3),AG40+3),3+AG40,3+AG40)))),""), IF(COUNTIF(OFFSET($A$1,$R39+($S40-$R39-2),AG40),"*様*"),1+AG40, IF(COUNTIF(OFFSET($A$1,$R39+($S40-$R39-2),AG40+1),"*様*"),2+AG40, IF(COUNTIF(OFFSET($A$1,$R39+($S40-$R39-2),AG40+2),"*様*"),3+AG40,4+AG40))))),"") | AI40: =IF(R40<>"", IF(AG40<>"","", IF(COUNTIF(OFFSET($A$1,$R39+($S40-$R39-3),0),"*様*"),1, IF(COUNTIF(OFFSET($A$1,$R39+($S40-$R39-3),1),"*様*"),2, IF(COUNTIF(OFFSET($A$1,$R39+($S40-$R39-3),2),"*様*"),3,4)))),"") | AJ40: =IF(R40<>"", IF(AH40<>"","", IF(AI40<>"", IF(COUNTIF(OFFSET($A$1,$R39+($S40-$R39-3),AI40),"*様*"),1+AI40, IF(COUNTIF(OFFSET($A$1,$R39+($S40-$R39-3),AI40+1),"*様*"),2+AI40, IF(COUNTIF(OFFSET($A$1,$R39+($S40-$R39-3),AI40+2),"*様*"),3+AI40,4+AI40))), IF(COUNTIF(OFFSET($A$1,$R39+($S40-$R39-3),0),"*様*"),1, IF(COUNTIF(OFFSET($A$1,$R39+($S40-$R39-3),1),"*様*"),2, IF(COUNTIF(OFFSET($A$1,$R39+($S40-$R39-3),2),"*様*"),3,4))))),"")
O41: =IF(COUNTIF(A41,"*/*"),ROW(),0) -> 0 | P41: =IF(O41<>0,O41-1,0) -> 0 | R41: {=IFERROR(_xlfn.AGGREGATE(15, 6, ($O$2:$O$350)/($O$2:$O$350<>0), ROWS($R$2:R41)), "")} | S41: {=IFERROR(_xlfn.AGGREGATE(15, 6, ($P$2:$P$350)/($P$2:$P$350<>0), ROWS($R$2:R41)), "")} | U41: =IF(R41<>"", IF(COUNTIF(OFFSET($A$1,$R41-1,0),"*/*"), IF(COUNTIF(OFFSET($A$1,$R41-1,1),"*/*"),"",2),1),"") | V41: =IF(R41<>"",IF(U41<>"", IF(COUNTIF(OFFSET($A$1,$R41-1,U41),"*/*"), IF(COUNTIF(OFFSET($A$1,$R41-1,U41+1),"*/*"),"",U41+2),U41+1), IF(COUNTIF(OFFSET($A$1,$R41-1,1),"*/*"), IF(COUNTIF(OFFSET($A$1,$R41-1,1+1),"*/*"),"",1+2),1+1)),"") | W41: =IF(R41<>"",IF(V41<>"", IF(COUNTIF(OFFSET($A$1,$R41-1,V41),"*/*"), IF(COUNTIF(OFFSET($A$1,$R41-1,V41+1),"*/*"),"",V41+2),V41+1), IF(COUNTIF(OFFSET($A$1,$R41-1,2),"*/*"), IF(COUNTIF(OFFSET($A$1,$R41-1,2+1),"*/*"),"",2+2),2+1)),"") | X41: =IF(R41<>"",IF(W41<>"", IF(COUNTIF(OFFSET($A$1,$R41-1,W41),"*/*"), IF(COUNTIF(OFFSET($A$1,$R41-1,W41+1),"*/*"),"",W41+2),W41+1), IF(COUNTIF(OFFSET($A$1,$R41-1,5),"*/*"), IF(COUNTIF(OFFSET($A$1,$R41-1,5+1),"*/*"),"", IF(OFFSET($A$1,R41-1,5+2-1)=0,"",5+2)),IF(OFFSET($A$1,R41-1,5+1-1)=0,"",5+1))),"") | Z41: =IF(S41<>"", IF(COUNTIF(OFFSET($A$1,$S41-1,0),"*g*"), 1,IF(COUNTIF(OFFSET($A$1,$S41-1,1),"*g*"),2, IF(OFFSET($A$1,$S41-1,0)=".","", IF(OFFSET($A$1,$S41-1,0)=OFFSET($A$1,$S41-1,1),1,2)))),"") | AA41: =IFERROR(IF(S41<>"", IF(Z41<>"", IF(COUNTIF(OFFSET($A$1,$S41-1,Z41),"*g*"), Z41,IF(COUNTIF(OFFSET($A$1,$S41-1,Z41+1),"*g*"),Z41+2, IF(OFFSET($A$1,$S41-1,Z41)=".","", IF(OFFSET($A$1,$S41-1,Z41)=OFFSET($A$1,$S41-1,Z41+1),Z41+1,Z41+2)))), IF(COUNTIF(OFFSET($A$1,$S41-1,2),"*g*"), 2,IF(COUNTIF(OFFSET($A$1,$S41-1,2+1),"*g*"),2+2, IF(OFFSET($A$1,$S41-1,2)=".","", IF(OFFSET($A$1,$S41-1,2)=OFFSET($A$1,$S41-1,2+1), IF(OFFSET($A$1,$S41-1,2+1)=0,"",2+1), IF(OFFSET($A$1,$S41-1,2)<>"",2, IF(OFFSET($A$1,$S41-1,2+1)<>"",2+1,""))))))),""),"") | AB41: =IFERROR(IF(S41<>"", IF(COUNTIF(OFFSET($A$1,$S41-1,AA41),"*g*"), AA41,IF(COUNTIF(OFFSET($A$1,$S41-1,AA41+1),"*g*"),AA41+2, IF(OFFSET($A$1,$S41-1,AA41)=".","", IF(OFFSET($A$1,$S41-1,AA41)=OFFSET($A$1,$S41-1,AA41+1),AA41+1,AA41+2)))),""),"") | AC41: =IFERROR(IF(S41<>"", IF(COUNTIF(OFFSET($A$1,$S41-1,AB41),"*g*"), AB41,IF(COUNTIF(OFFSET($A$1,$S41-1,AB41+1),"*g*"),AB41+2, IF(OFFSET($A$1,$S41-1,AB41)=".","", IF(OFFSET($A$1,$S41-1,AB41)=OFFSET($A$1,$S41-1,AB41+1),AB41+1, IF(OFFSET($A$1,$S41-1,AB41+1)<>0,AB41+2, IF(OFFSET($A$1,$S41-1,AB41)<>0,AB41+1,"")))))),""),"") | AE41: =IF(R41<>"", IF(AND($S41-$R40>3,COUNTIF(OFFSET($A$1,$R40+($S41-$R40-4),0),"<>*テキスト*")), IF(OFFSET($A$1,$R40+($S41-$R40-4),0)=OFFSET($A$1,$R40+($S41-$R40-4),1),1, IF(OFFSET($A$1,$R40+($S41-$R40-4),0)=OFFSET($A$1,$R40+($S41-$R40-4),2),2, IF(OFFSET($A$1,$R40+($S41-$R40-4),0)=OFFSET($A$1,$R40+($S41-$R40-4),3),3,4))), IF(AND($S41-$R40>2,COUNTIF(OFFSET($A$1,$R40+($S41-$R40-3),0),"<>*テキスト*")), IF(OFFSET($A$1,$R40+($S41-$R40-3),0)=OFFSET($A$1,$R40+($S41-$R40-3),1),1, IF(OFFSET($A$1,$R40+($S41-$R40-3),0)=OFFSET($A$1,$R40+($S41-$R40-3),2),2, IF(OFFSET($A$1,$R40+($S41-$R40-3),0)=OFFSET($A$1,$R40+($S41-$R40-3),3),3,4))), IF(COUNTIF(OFFSET($A$1,$R40+($S41-$R40-2),0),"*様*"),1, IF(COUNTIF(OFFSET($A$1,$R40+($S41-$R40-2),1),"*様*"),2, IF(COUNTIF(OFFSET($A$1,$R40+($S41-$R40-2),2),"*様*"),3,4))))),"") | AF41: =IF(R41<>"", IF(AND($S41-$R40>3,COUNTIF(OFFSET($A$1,$R40+($S41-$R40-4),0),"<>*テキスト*")), IFERROR(IF(OFFSET($A$1,$R40+($S41-$R40-4),AE41)=0,"", IF(OFFSET($A$1,$R40+($S41-$R40-4),AE41)=OFFSET($A$1,$R40+($S41-$R40-4),AE41+1),1+AE41, IF(OFFSET($A$1,$R40+($S41-$R40-4),AE41)=OFFSET($A$1,$R40+($S41-$R40-4),AE41+2),2+AE41, IF(OFFSET($A$1,$R40+($S41-$R40-4),AE41)=OFFSET($A$1,$R40+($S41-$R40-4),AE41+3),3+AE41,3+AE41)))),""), IF(AND($S41-$R40>2,COUNTIF(OFFSET($A$1,$R40+($S41-$R40-3),0),"<>*テキスト*")), IFERROR(IF(OFFSET($A$1,$R40+($S41-$R40-3),AE41)=0,"", IF(OFFSET($A$1,$R40+($S41-$R40-3),AE41)=OFFSET($A$1,$R40+($S41-$R40-3),AE41+1),1+AE41, IF(OFFSET($A$1,$R40+($S41-$R40-3),AE41)=OFFSET($A$1,$R40+($S41-$R40-3),AE41+2),2+AE41, IF(OFFSET($A$1,$R40+($S41-$R40-3),AE41)=OFFSET($A$1,$R40+($S41-$R40-3),AE41+3),3+AE41,3+AE41)))),""), IF(COUNTIF(OFFSET($A$1,$R40+($S41-$R40-2),AE41),"*様*"),1+AE41, IF(COUNTIF(OFFSET($A$1,$R40+($S41-$R40-2),AE41+1),"*様*"),2+AE41, IF(COUNTIF(OFFSET($A$1,$R40+($S41-$R40-2),AE41+2),"*様*"),3+AE41,4+AE41))))),"") | AG41: =IF(R41<>"", IF(AND($S41-$R40>3,COUNTIF(OFFSET($A$1,$R40+($S41-$R40-4),0),"<>*テキスト*")), IFERROR(IF(OFFSET($A$1,$R40+($S41-$R40-4),AF41)=0,"", IF(OFFSET($A$1,$R40+($S41-$R40-4),AF41)=OFFSET($A$1,$R40+($S41-$R40-4),AF41+1),1+AF41, IF(OFFSET($A$1,$R40+($S41-$R40-4),AF41)=OFFSET($A$1,$R40+($S41-$R40-4),AF41+2),2+AF41, IF(OFFSET($A$1,$R40+($S41-$R40-4),AF41)=OFFSET($A$1,$R40+($S41-$R40-4),AF41+3),3+AF41,3+AF41)))),""), IF(AND($S41-$R40>2,COUNTIF(OFFSET($A$1,$R40+($S41-$R40-3),0),"<>*テキスト*")), IFERROR(IF(OFFSET($A$1,$R40+($S41-$R40-3),AF41)=0,"", IF(OFFSET($A$1,$R40+($S41-$R40-3),AF41)=OFFSET($A$1,$R40+($S41-$R40-3),AF41+1),1+AF41, IF(OFFSET($A$1,$R40+($S41-$R40-3),AF41)=OFFSET($A$1,$R40+($S41-$R40-3),AF41+2),2+AF41, IF(OFFSET($A$1,$R40+($S41-$R40-3),AF41)=OFFSET($A$1,$R40+($S41-$R40-3),AF41+3),3+AF41,3+AF41)))),""), IF(COUNTIF(OFFSET($A$1,$R40+($S41-$R40-2),AF41),"*様*"),1+AF41, IF(COUNTIF(OFFSET($A$1,$R40+($S41-$R40-2),AF41+1),"*様*"),2+AF41, IF(COUNTIF(OFFSET($A$1,$R40+($S41-$R40-2),AF41+2),"*様*"),3+AF41,4+AF41))))),"") | AH41: =IF(R41<>"", IF(AND($S41-$R40>3,COUNTIF(OFFSET($A$1,$R40+($S41-$R40-4),0),"<>*テキスト*")), IFERROR(IF(OFFSET($A$1,$R40+($S41-$R40-4),AG41)=0,"", IF(OFFSET($A$1,$R40+($S41-$R40-4),AG41)=OFFSET($A$1,$R40+($S41-$R40-4),AG41+1),1+AG41, IF(OFFSET($A$1,$R40+($S41-$R40-4),AG41)=OFFSET($A$1,$R40+($S41-$R40-4),AG41+2),2+AG41, IF(OFFSET($A$1,$R40+($S41-$R40-4),AG41)=OFFSET($A$1,$R40+($S41-$R40-4),AG41+3),3+AG41,3+AG41)))),""), IF(AND($S41-$R40>2,COUNTIF(OFFSET($A$1,$R40+($S41-$R40-3),0),"<>*テキスト*")), IFERROR(IF(OFFSET($A$1,$R40+($S41-$R40-3),AG41)=0,"", IF(OFFSET($A$1,$R40+($S41-$R40-3),AG41)=OFFSET($A$1,$R40+($S41-$R40-3),AG41+1),1+AG41, IF(OFFSET($A$1,$R40+($S41-$R40-3),AG41)=OFFSET($A$1,$R40+($S41-$R40-3),AG41+2),2+AG41, IF(OFFSET($A$1,$R40+($S41-$R40-3),AG41)=OFFSET($A$1,$R40+($S41-$R40-3),AG41+3),3+AG41,3+AG41)))),""), IF(COUNTIF(OFFSET($A$1,$R40+($S41-$R40-2),AG41),"*様*"),1+AG41, IF(COUNTIF(OFFSET($A$1,$R40+($S41-$R40-2),AG41+1),"*様*"),2+AG41, IF(COUNTIF(OFFSET($A$1,$R40+($S41-$R40-2),AG41+2),"*様*"),3+AG41,4+AG41))))),"") | AI41: =IF(R41<>"", IF(AG41<>"","", IF(COUNTIF(OFFSET($A$1,$R40+($S41-$R40-3),0),"*様*"),1, IF(COUNTIF(OFFSET($A$1,$R40+($S41-$R40-3),1),"*様*"),2, IF(COUNTIF(OFFSET($A$1,$R40+($S41-$R40-3),2),"*様*"),3,4)))),"") | AJ41: =IF(R41<>"", IF(AH41<>"","", IF(AI41<>"", IF(COUNTIF(OFFSET($A$1,$R40+($S41-$R40-3),AI41),"*様*"),1+AI41, IF(COUNTIF(OFFSET($A$1,$R40+($S41-$R40-3),AI41+1),"*様*"),2+AI41, IF(COUNTIF(OFFSET($A$1,$R40+($S41-$R40-3),AI41+2),"*様*"),3+AI41,4+AI41))), IF(COUNTIF(OFFSET($A$1,$R40+($S41-$R40-3),0),"*様*"),1, IF(COUNTIF(OFFSET($A$1,$R40+($S41-$R40-3),1),"*様*"),2, IF(COUNTIF(OFFSET($A$1,$R40+($S41-$R40-3),2),"*様*"),3,4))))),"")
O42: =IF(COUNTIF(A42,"*/*"),ROW(),0) -> 0 | P42: =IF(O42<>0,O42-1,0) -> 0 | R42: {=IFERROR(_xlfn.AGGREGATE(15, 6, ($O$2:$O$350)/($O$2:$O$350<>0), ROWS($R$2:R42)), "")} | S42: {=IFERROR(_xlfn.AGGREGATE(15, 6, ($P$2:$P$350)/($P$2:$P$350<>0), ROWS($R$2:R42)), "")} | U42: =IF(R42<>"", IF(COUNTIF(OFFSET($A$1,$R42-1,0),"*/*"), IF(COUNTIF(OFFSET($A$1,$R42-1,1),"*/*"),"",2),1),"") | V42: =IF(R42<>"",IF(U42<>"", IF(COUNTIF(OFFSET($A$1,$R42-1,U42),"*/*"), IF(COUNTIF(OFFSET($A$1,$R42-1,U42+1),"*/*"),"",U42+2),U42+1), IF(COUNTIF(OFFSET($A$1,$R42-1,1),"*/*"), IF(COUNTIF(OFFSET($A$1,$R42-1,1+1),"*/*"),"",1+2),1+1)),"") | W42: =IF(R42<>"",IF(V42<>"", IF(COUNTIF(OFFSET($A$1,$R42-1,V42),"*/*"), IF(COUNTIF(OFFSET($A$1,$R42-1,V42+1),"*/*"),"",V42+2),V42+1), IF(COUNTIF(OFFSET($A$1,$R42-1,2),"*/*"), IF(COUNTIF(OFFSET($A$1,$R42-1,2+1),"*/*"),"",2+2),2+1)),"") | X42: =IF(R42<>"",IF(W42<>"", IF(COUNTIF(OFFSET($A$1,$R42-1,W42),"*/*"), IF(COUNTIF(OFFSET($A$1,$R42-1,W42+1),"*/*"),"",W42+2),W42+1), IF(COUNTIF(OFFSET($A$1,$R42-1,5),"*/*"), IF(COUNTIF(OFFSET($A$1,$R42-1,5+1),"*/*"),"", IF(OFFSET($A$1,R42-1,5+2-1)=0,"",5+2)),IF(OFFSET($A$1,R42-1,5+1-1)=0,"",5+1))),"") | Z42: =IF(S42<>"", IF(COUNTIF(OFFSET($A$1,$S42-1,0),"*g*"), 1,IF(COUNTIF(OFFSET($A$1,$S42-1,1),"*g*"),2, IF(OFFSET($A$1,$S42-1,0)=".","", IF(OFFSET($A$1,$S42-1,0)=OFFSET($A$1,$S42-1,1),1,2)))),"") | AA42: =IFERROR(IF(S42<>"", IF(Z42<>"", IF(COUNTIF(OFFSET($A$1,$S42-1,Z42),"*g*"), Z42,IF(COUNTIF(OFFSET($A$1,$S42-1,Z42+1),"*g*"),Z42+2, IF(OFFSET($A$1,$S42-1,Z42)=".","", IF(OFFSET($A$1,$S42-1,Z42)=OFFSET($A$1,$S42-1,Z42+1),Z42+1,Z42+2)))), IF(COUNTIF(OFFSET($A$1,$S42-1,2),"*g*"), 2,IF(COUNTIF(OFFSET($A$1,$S42-1,2+1),"*g*"),2+2, IF(OFFSET($A$1,$S42-1,2)=".","", IF(OFFSET($A$1,$S42-1,2)=OFFSET($A$1,$S42-1,2+1), IF(OFFSET($A$1,$S42-1,2+1)=0,"",2+1), IF(OFFSET($A$1,$S42-1,2)<>"",2, IF(OFFSET($A$1,$S42-1,2+1)<>"",2+1,""))))))),""),"") | AB42: =IFERROR(IF(S42<>"", IF(COUNTIF(OFFSET($A$1,$S42-1,AA42),"*g*"), AA42,IF(COUNTIF(OFFSET($A$1,$S42-1,AA42+1),"*g*"),AA42+2, IF(OFFSET($A$1,$S42-1,AA42)=".","", IF(OFFSET($A$1,$S42-1,AA42)=OFFSET($A$1,$S42-1,AA42+1),AA42+1,AA42+2)))),""),"") | AC42: =IFERROR(IF(S42<>"", IF(COUNTIF(OFFSET($A$1,$S42-1,AB42),"*g*"), AB42,IF(COUNTIF(OFFSET($A$1,$S42-1,AB42+1),"*g*"),AB42+2, IF(OFFSET($A$1,$S42-1,AB42)=".","", IF(OFFSET($A$1,$S42-1,AB42)=OFFSET($A$1,$S42-1,AB42+1),AB42+1, IF(OFFSET($A$1,$S42-1,AB42+1)<>0,AB42+2, IF(OFFSET($A$1,$S42-1,AB42)<>0,AB42+1,"")))))),""),"") | AE42: =IF(R42<>"", IF(AND($S42-$R41>3,COUNTIF(OFFSET($A$1,$R41+($S42-$R41-4),0),"<>*テキスト*")), IF(OFFSET($A$1,$R41+($S42-$R41-4),0)=OFFSET($A$1,$R41+($S42-$R41-4),1),1, IF(OFFSET($A$1,$R41+($S42-$R41-4),0)=OFFSET($A$1,$R41+($S42-$R41-4),2),2, IF(OFFSET($A$1,$R41+($S42-$R41-4),0)=OFFSET($A$1,$R41+($S42-$R41-4),3),3,4))), IF(AND($S42-$R41>2,COUNTIF(OFFSET($A$1,$R41+($S42-$R41-3),0),"<>*テキスト*")), IF(OFFSET($A$1,$R41+($S42-$R41-3),0)=OFFSET($A$1,$R41+($S42-$R41-3),1),1, IF(OFFSET($A$1,$R41+($S42-$R41-3),0)=OFFSET($A$1,$R41+($S42-$R41-3),2),2, IF(OFFSET($A$1,$R41+($S42-$R41-3),0)=OFFSET($A$1,$R41+($S42-$R41-3),3),3,4))), IF(COUNTIF(OFFSET($A$1,$R41+($S42-$R41-2),0),"*様*"),1, IF(COUNTIF(OFFSET($A$1,$R41+($S42-$R41-2),1),"*様*"),2, IF(COUNTIF(OFFSET($A$1,$R41+($S42-$R41-2),2),"*様*"),3,4))))),"") | AF42: =IF(R42<>"", IF(AND($S42-$R41>3,COUNTIF(OFFSET($A$1,$R41+($S42-$R41-4),0),"<>*テキスト*")), IFERROR(IF(OFFSET($A$1,$R41+($S42-$R41-4),AE42)=0,"", IF(OFFSET($A$1,$R41+($S42-$R41-4),AE42)=OFFSET($A$1,$R41+($S42-$R41-4),AE42+1),1+AE42, IF(OFFSET($A$1,$R41+($S42-$R41-4),AE42)=OFFSET($A$1,$R41+($S42-$R41-4),AE42+2),2+AE42, IF(OFFSET($A$1,$R41+($S42-$R41-4),AE42)=OFFSET($A$1,$R41+($S42-$R41-4),AE42+3),3+AE42,3+AE42)))),""), IF(AND($S42-$R41>2,COUNTIF(OFFSET($A$1,$R41+($S42-$R41-3),0),"<>*テキスト*")), IFERROR(IF(OFFSET($A$1,$R41+($S42-$R41-3),AE42)=0,"", IF(OFFSET($A$1,$R41+($S42-$R41-3),AE42)=OFFSET($A$1,$R41+($S42-$R41-3),AE42+1),1+AE42, IF(OFFSET($A$1,$R41+($S42-$R41-3),AE42)=OFFSET($A$1,$R41+($S42-$R41-3),AE42+2),2+AE42, IF(OFFSET($A$1,$R41+($S42-$R41-3),AE42)=OFFSET($A$1,$R41+($S42-$R41-3),AE42+3),3+AE42,3+AE42)))),""), IF(COUNTIF(OFFSET($A$1,$R41+($S42-$R41-2),AE42),"*様*"),1+AE42, IF(COUNTIF(OFFSET($A$1,$R41+($S42-$R41-2),AE42+1),"*様*"),2+AE42, IF(COUNTIF(OFFSET($A$1,$R41+($S42-$R41-2),AE42+2),"*様*"),3+AE42,4+AE42))))),"") | AG42: =IF(R42<>"", IF(AND($S42-$R41>3,COUNTIF(OFFSET($A$1,$R41+($S42-$R41-4),0),"<>*テキスト*")), IFERROR(IF(OFFSET($A$1,$R41+($S42-$R41-4),AF42)=0,"", IF(OFFSET($A$1,$R41+($S42-$R41-4),AF42)=OFFSET($A$1,$R41+($S42-$R41-4),AF42+1),1+AF42, IF(OFFSET($A$1,$R41+($S42-$R41-4),AF42)=OFFSET($A$1,$R41+($S42-$R41-4),AF42+2),2+AF42, IF(OFFSET($A$1,$R41+($S42-$R41-4),AF42)=OFFSET($A$1,$R41+($S42-$R41-4),AF42+3),3+AF42,3+AF42)))),""), IF(AND($S42-$R41>2,COUNTIF(OFFSET($A$1,$R41+($S42-$R41-3),0),"<>*テキスト*")), IFERROR(IF(OFFSET($A$1,$R41+($S42-$R41-3),AF42)=0,"", IF(OFFSET($A$1,$R41+($S42-$R41-3),AF42)=OFFSET($A$1,$R41+($S42-$R41-3),AF42+1),1+AF42, IF(OFFSET($A$1,$R41+($S42-$R41-3),AF42)=OFFSET($A$1,$R41+($S42-$R41-3),AF42+2),2+AF42, IF(OFFSET($A$1,$R41+($S42-$R41-3),AF42)=OFFSET($A$1,$R41+($S42-$R41-3),AF42+3),3+AF42,3+AF42)))),""), IF(COUNTIF(OFFSET($A$1,$R41+($S42-$R41-2),AF42),"*様*"),1+AF42, IF(COUNTIF(OFFSET($A$1,$R41+($S42-$R41-2),AF42+1),"*様*"),2+AF42, IF(COUNTIF(OFFSET($A$1,$R41+($S42-$R41-2),AF42+2),"*様*"),3+AF42,4+AF42))))),"") | AH42: =IF(R42<>"", IF(AND($S42-$R41>3,COUNTIF(OFFSET($A$1,$R41+($S42-$R41-4),0),"<>*テキスト*")), IFERROR(IF(OFFSET($A$1,$R41+($S42-$R41-4),AG42)=0,"", IF(OFFSET($A$1,$R41+($S42-$R41-4),AG42)=OFFSET($A$1,$R41+($S42-$R41-4),AG42+1),1+AG42, IF(OFFSET($A$1,$R41+($S42-$R41-4),AG42)=OFFSET($A$1,$R41+($S42-$R41-4),AG42+2),2+AG42, IF(OFFSET($A$1,$R41+($S42-$R41-4),AG42)=OFFSET($A$1,$R41+($S42-$R41-4),AG42+3),3+AG42,3+AG42)))),""), IF(AND($S42-$R41>2,COUNTIF(OFFSET($A$1,$R41+($S42-$R41-3),0),"<>*テキスト*")), IFERROR(IF(OFFSET($A$1,$R41+($S42-$R41-3),AG42)=0,"", IF(OFFSET($A$1,$R41+($S42-$R41-3),AG42)=OFFSET($A$1,$R41+($S42-$R41-3),AG42+1),1+AG42, IF(OFFSET($A$1,$R41+($S42-$R41-3),AG42)=OFFSET($A$1,$R41+($S42-$R41-3),AG42+2),2+AG42, IF(OFFSET($A$1,$R41+($S42-$R41-3),AG42)=OFFSET($A$1,$R41+($S42-$R41-3),AG42+3),3+AG42,3+AG42)))),""), IF(COUNTIF(OFFSET($A$1,$R41+($S42-$R41-2),AG42),"*様*"),1+AG42, IF(COUNTIF(OFFSET($A$1,$R41+($S42-$R41-2),AG42+1),"*様*"),2+AG42, IF(COUNTIF(OFFSET($A$1,$R41+($S42-$R41-2),AG42+2),"*様*"),3+AG42,4+AG42))))),"") | AI42: =IF(R42<>"", IF(AG42<>"","", IF(COUNTIF(OFFSET($A$1,$R41+($S42-$R41-3),0),"*様*"),1, IF(COUNTIF(OFFSET($A$1,$R41+($S42-$R41-3),1),"*様*"),2, IF(COUNTIF(OFFSET($A$1,$R41+($S42-$R41-3),2),"*様*"),3,4)))),"") | AJ42: =IF(R42<>"", IF(AH42<>"","", IF(AI42<>"", IF(COUNTIF(OFFSET($A$1,$R41+($S42-$R41-3),AI42),"*様*"),1+AI42, IF(COUNTIF(OFFSET($A$1,$R41+($S42-$R41-3),AI42+1),"*様*"),2+AI42, IF(COUNTIF(OFFSET($A$1,$R41+($S42-$R41-3),AI42+2),"*様*"),3+AI42,4+AI42))), IF(COUNTIF(OFFSET($A$1,$R41+($S42-$R41-3),0),"*様*"),1, IF(COUNTIF(OFFSET($A$1,$R41+($S42-$R41-3),1),"*様*"),2, IF(COUNTIF(OFFSET($A$1,$R41+($S42-$R41-3),2),"*様*"),3,4))))),"")
O43: =IF(COUNTIF(A43,"*/*"),ROW(),0) -> 0 | P43: =IF(O43<>0,O43-1,0) -> 0 | R43: {=IFERROR(_xlfn.AGGREGATE(15, 6, ($O$2:$O$350)/($O$2:$O$350<>0), ROWS($R$2:R43)), "")} | S43: {=IFERROR(_xlfn.AGGREGATE(15, 6, ($P$2:$P$350)/($P$2:$P$350<>0), ROWS($R$2:R43)), "")} | U43: =IF(R43<>"", IF(COUNTIF(OFFSET($A$1,$R43-1,0),"*/*"), IF(COUNTIF(OFFSET($A$1,$R43-1,1),"*/*"),"",2),1),"") | V43: =IF(R43<>"",IF(U43<>"", IF(COUNTIF(OFFSET($A$1,$R43-1,U43),"*/*"), IF(COUNTIF(OFFSET($A$1,$R43-1,U43+1),"*/*"),"",U43+2),U43+1), IF(COUNTIF(OFFSET($A$1,$R43-1,1),"*/*"), IF(COUNTIF(OFFSET($A$1,$R43-1,1+1),"*/*"),"",1+2),1+1)),"") | W43: =IF(R43<>"",IF(V43<>"", IF(COUNTIF(OFFSET($A$1,$R43-1,V43),"*/*"), IF(COUNTIF(OFFSET($A$1,$R43-1,V43+1),"*/*"),"",V43+2),V43+1), IF(COUNTIF(OFFSET($A$1,$R43-1,2),"*/*"), IF(COUNTIF(OFFSET($A$1,$R43-1,2+1),"*/*"),"",2+2),2+1)),"") | X43: =IF(R43<>"",IF(W43<>"", IF(COUNTIF(OFFSET($A$1,$R43-1,W43),"*/*"), IF(COUNTIF(OFFSET($A$1,$R43-1,W43+1),"*/*"),"",W43+2),W43+1), IF(COUNTIF(OFFSET($A$1,$R43-1,5),"*/*"), IF(COUNTIF(OFFSET($A$1,$R43-1,5+1),"*/*"),"", IF(OFFSET($A$1,R43-1,5+2-1)=0,"",5+2)),IF(OFFSET($A$1,R43-1,5+1-1)=0,"",5+1))),"") | Z43: =IF(S43<>"", IF(COUNTIF(OFFSET($A$1,$S43-1,0),"*g*"), 1,IF(COUNTIF(OFFSET($A$1,$S43-1,1),"*g*"),2, IF(OFFSET($A$1,$S43-1,0)=".","", IF(OFFSET($A$1,$S43-1,0)=OFFSET($A$1,$S43-1,1),1,2)))),"") | AA43: =IFERROR(IF(S43<>"", IF(Z43<>"", IF(COUNTIF(OFFSET($A$1,$S43-1,Z43),"*g*"), Z43,IF(COUNTIF(OFFSET($A$1,$S43-1,Z43+1),"*g*"),Z43+2, IF(OFFSET($A$1,$S43-1,Z43)=".","", IF(OFFSET($A$1,$S43-1,Z43)=OFFSET($A$1,$S43-1,Z43+1),Z43+1,Z43+2)))), IF(COUNTIF(OFFSET($A$1,$S43-1,2),"*g*"), 2,IF(COUNTIF(OFFSET($A$1,$S43-1,2+1),"*g*"),2+2, IF(OFFSET($A$1,$S43-1,2)=".","", IF(OFFSET($A$1,$S43-1,2)=OFFSET($A$1,$S43-1,2+1), IF(OFFSET($A$1,$S43-1,2+1)=0,"",2+1), IF(OFFSET($A$1,$S43-1,2)<>"",2, IF(OFFSET($A$1,$S43-1,2+1)<>"",2+1,""))))))),""),"") | AB43: =IFERROR(IF(S43<>"", IF(COUNTIF(OFFSET($A$1,$S43-1,AA43),"*g*"), AA43,IF(COUNTIF(OFFSET($A$1,$S43-1,AA43+1),"*g*"),AA43+2, IF(OFFSET($A$1,$S43-1,AA43)=".","", IF(OFFSET($A$1,$S43-1,AA43)=OFFSET($A$1,$S43-1,AA43+1),AA43+1,AA43+2)))),""),"") | AC43: =IFERROR(IF(S43<>"", IF(COUNTIF(OFFSET($A$1,$S43-1,AB43),"*g*"), AB43,IF(COUNTIF(OFFSET($A$1,$S43-1,AB43+1),"*g*"),AB43+2, IF(OFFSET($A$1,$S43-1,AB43)=".","", IF(OFFSET($A$1,$S43-1,AB43)=OFFSET($A$1,$S43-1,AB43+1),AB43+1, IF(OFFSET($A$1,$S43-1,AB43+1)<>0,AB43+2, IF(OFFSET($A$1,$S43-1,AB43)<>0,AB43+1,"")))))),""),"") | AE43: =IF(R43<>"", IF(AND($S43-$R42>3,COUNTIF(OFFSET($A$1,$R42+($S43-$R42-4),0),"<>*テキスト*")), IF(OFFSET($A$1,$R42+($S43-$R42-4),0)=OFFSET($A$1,$R42+($S43-$R42-4),1),1, IF(OFFSET($A$1,$R42+($S43-$R42-4),0)=OFFSET($A$1,$R42+($S43-$R42-4),2),2, IF(OFFSET($A$1,$R42+($S43-$R42-4),0)=OFFSET($A$1,$R42+($S43-$R42-4),3),3,4))), IF(AND($S43-$R42>2,COUNTIF(OFFSET($A$1,$R42+($S43-$R42-3),0),"<>*テキスト*")), IF(OFFSET($A$1,$R42+($S43-$R42-3),0)=OFFSET($A$1,$R42+($S43-$R42-3),1),1, IF(OFFSET($A$1,$R42+($S43-$R42-3),0)=OFFSET($A$1,$R42+($S43-$R42-3),2),2, IF(OFFSET($A$1,$R42+($S43-$R42-3),0)=OFFSET($A$1,$R42+($S43-$R42-3),3),3,4))), IF(COUNTIF(OFFSET($A$1,$R42+($S43-$R42-2),0),"*様*"),1, IF(COUNTIF(OFFSET($A$1,$R42+($S43-$R42-2),1),"*様*"),2, IF(COUNTIF(OFFSET($A$1,$R42+($S43-$R42-2),2),"*様*"),3,4))))),"") | AF43: =IF(R43<>"", IF(AND($S43-$R42>3,COUNTIF(OFFSET($A$1,$R42+($S43-$R42-4),0),"<>*テキスト*")), IFERROR(IF(OFFSET($A$1,$R42+($S43-$R42-4),AE43)=0,"", IF(OFFSET($A$1,$R42+($S43-$R42-4),AE43)=OFFSET($A$1,$R42+($S43-$R42-4),AE43+1),1+AE43, IF(OFFSET($A$1,$R42+($S43-$R42-4),AE43)=OFFSET($A$1,$R42+($S43-$R42-4),AE43+2),2+AE43, IF(OFFSET($A$1,$R42+($S43-$R42-4),AE43)=OFFSET($A$1,$R42+($S43-$R42-4),AE43+3),3+AE43,3+AE43)))),""), IF(AND($S43-$R42>2,COUNTIF(OFFSET($A$1,$R42+($S43-$R42-3),0),"<>*テキスト*")), IFERROR(IF(OFFSET($A$1,$R42+($S43-$R42-3),AE43)=0,"", IF(OFFSET($A$1,$R42+($S43-$R42-3),AE43)=OFFSET($A$1,$R42+($S43-$R42-3),AE43+1),1+AE43, IF(OFFSET($A$1,$R42+($S43-$R42-3),AE43)=OFFSET($A$1,$R42+($S43-$R42-3),AE43+2),2+AE43, IF(OFFSET($A$1,$R42+($S43-$R42-3),AE43)=OFFSET($A$1,$R42+($S43-$R42-3),AE43+3),3+AE43,3+AE43)))),""), IF(COUNTIF(OFFSET($A$1,$R42+($S43-$R42-2),AE43),"*様*"),1+AE43, IF(COUNTIF(OFFSET($A$1,$R42+($S43-$R42-2),AE43+1),"*様*"),2+AE43, IF(COUNTIF(OFFSET($A$1,$R42+($S43-$R42-2),AE43+2),"*様*"),3+AE43,4+AE43))))),"") | AG43: =IF(R43<>"", IF(AND($S43-$R42>3,COUNTIF(OFFSET($A$1,$R42+($S43-$R42-4),0),"<>*テキスト*")), IFERROR(IF(OFFSET($A$1,$R42+($S43-$R42-4),AF43)=0,"", IF(OFFSET($A$1,$R42+($S43-$R42-4),AF43)=OFFSET($A$1,$R42+($S43-$R42-4),AF43+1),1+AF43, IF(OFFSET($A$1,$R42+($S43-$R42-4),AF43)=OFFSET($A$1,$R42+($S43-$R42-4),AF43+2),2+AF43, IF(OFFSET($A$1,$R42+($S43-$R42-4),AF43)=OFFSET($A$1,$R42+($S43-$R42-4),AF43+3),3+AF43,3+AF43)))),""), IF(AND($S43-$R42>2,COUNTIF(OFFSET($A$1,$R42+($S43-$R42-3),0),"<>*テキスト*")), IFERROR(IF(OFFSET($A$1,$R42+($S43-$R42-3),AF43)=0,"", IF(OFFSET($A$1,$R42+($S43-$R42-3),AF43)=OFFSET($A$1,$R42+($S43-$R42-3),AF43+1),1+AF43, IF(OFFSET($A$1,$R42+($S43-$R42-3),AF43)=OFFSET($A$1,$R42+($S43-$R42-3),AF43+2),2+AF43, IF(OFFSET($A$1,$R42+($S43-$R42-3),AF43)=OFFSET($A$1,$R42+($S43-$R42-3),AF43+3),3+AF43,3+AF43)))),""), IF(COUNTIF(OFFSET($A$1,$R42+($S43-$R42-2),AF43),"*様*"),1+AF43, IF(COUNTIF(OFFSET($A$1,$R42+($S43-$R42-2),AF43+1),"*様*"),2+AF43, IF(COUNTIF(OFFSET($A$1,$R42+($S43-$R42-2),AF43+2),"*様*"),3+AF43,4+AF43))))),"") | AH43: =IF(R43<>"", IF(AND($S43-$R42>3,COUNTIF(OFFSET($A$1,$R42+($S43-$R42-4),0),"<>*テキスト*")), IFERROR(IF(OFFSET($A$1,$R42+($S43-$R42-4),AG43)=0,"", IF(OFFSET($A$1,$R42+($S43-$R42-4),AG43)=OFFSET($A$1,$R42+($S43-$R42-4),AG43+1),1+AG43, IF(OFFSET($A$1,$R42+($S43-$R42-4),AG43)=OFFSET($A$1,$R42+($S43-$R42-4),AG43+2),2+AG43, IF(OFFSET($A$1,$R42+($S43-$R42-4),AG43)=OFFSET($A$1,$R42+($S43-$R42-4),AG43+3),3+AG43,3+AG43)))),""), IF(AND($S43-$R42>2,COUNTIF(OFFSET($A$1,$R42+($S43-$R42-3),0),"<>*テキスト*")), IFERROR(IF(OFFSET($A$1,$R42+($S43-$R42-3),AG43)=0,"", IF(OFFSET($A$1,$R42+($S43-$R42-3),AG43)=OFFSET($A$1,$R42+($S43-$R42-3),AG43+1),1+AG43, IF(OFFSET($A$1,$R42+($S43-$R42-3),AG43)=OFFSET($A$1,$R42+($S43-$R42-3),AG43+2),2+AG43, IF(OFFSET($A$1,$R42+($S43-$R42-3),AG43)=OFFSET($A$1,$R42+($S43-$R42-3),AG43+3),3+AG43,3+AG43)))),""), IF(COUNTIF(OFFSET($A$1,$R42+($S43-$R42-2),AG43),"*様*"),1+AG43, IF(COUNTIF(OFFSET($A$1,$R42+($S43-$R42-2),AG43+1),"*様*"),2+AG43, IF(COUNTIF(OFFSET($A$1,$R42+($S43-$R42-2),AG43+2),"*様*"),3+AG43,4+AG43))))),"") | AI43: =IF(R43<>"", IF(AG43<>"","", IF(COUNTIF(OFFSET($A$1,$R42+($S43-$R42-3),0),"*様*"),1, IF(COUNTIF(OFFSET($A$1,$R42+($S43-$R42-3),1),"*様*"),2, IF(COUNTIF(OFFSET($A$1,$R42+($S43-$R42-3),2),"*様*"),3,4)))),"") | AJ43: =IF(R43<>"", IF(AH43<>"","", IF(AI43<>"", IF(COUNTIF(OFFSET($A$1,$R42+($S43-$R42-3),AI43),"*様*"),1+AI43, IF(COUNTIF(OFFSET($A$1,$R42+($S43-$R42-3),AI43+1),"*様*"),2+AI43, IF(COUNTIF(OFFSET($A$1,$R42+($S43-$R42-3),AI43+2),"*様*"),3+AI43,4+AI43))), IF(COUNTIF(OFFSET($A$1,$R42+($S43-$R42-3),0),"*様*"),1, IF(COUNTIF(OFFSET($A$1,$R42+($S43-$R42-3),1),"*様*"),2, IF(COUNTIF(OFFSET($A$1,$R42+($S43-$R42-3),2),"*様*"),3,4))))),"")
O44: =IF(COUNTIF(A44,"*/*"),ROW(),0) -> 0 | P44: =IF(O44<>0,O44-1,0) -> 0 | R44: {=IFERROR(_xlfn.AGGREGATE(15, 6, ($O$2:$O$350)/($O$2:$O$350<>0), ROWS($R$2:R44)), "")} | S44: {=IFERROR(_xlfn.AGGREGATE(15, 6, ($P$2:$P$350)/($P$2:$P$350<>0), ROWS($R$2:R44)), "")} | U44: =IF(R44<>"", IF(COUNTIF(OFFSET($A$1,$R44-1,0),"*/*"), IF(COUNTIF(OFFSET($A$1,$R44-1,1),"*/*"),"",2),1),"") | V44: =IF(R44<>"",IF(U44<>"", IF(COUNTIF(OFFSET($A$1,$R44-1,U44),"*/*"), IF(COUNTIF(OFFSET($A$1,$R44-1,U44+1),"*/*"),"",U44+2),U44+1), IF(COUNTIF(OFFSET($A$1,$R44-1,1),"*/*"), IF(COUNTIF(OFFSET($A$1,$R44-1,1+1),"*/*"),"",1+2),1+1)),"") | W44: =IF(R44<>"",IF(V44<>"", IF(COUNTIF(OFFSET($A$1,$R44-1,V44),"*/*"), IF(COUNTIF(OFFSET($A$1,$R44-1,V44+1),"*/*"),"",V44+2),V44+1), IF(COUNTIF(OFFSET($A$1,$R44-1,2),"*/*"), IF(COUNTIF(OFFSET($A$1,$R44-1,2+1),"*/*"),"",2+2),2+1)),"") | X44: =IF(R44<>"",IF(W44<>"", IF(COUNTIF(OFFSET($A$1,$R44-1,W44),"*/*"), IF(COUNTIF(OFFSET($A$1,$R44-1,W44+1),"*/*"),"",W44+2),W44+1), IF(COUNTIF(OFFSET($A$1,$R44-1,5),"*/*"), IF(COUNTIF(OFFSET($A$1,$R44-1,5+1),"*/*"),"", IF(OFFSET($A$1,R44-1,5+2-1)=0,"",5+2)),IF(OFFSET($A$1,R44-1,5+1-1)=0,"",5+1))),"") | Z44: =IF(S44<>"", IF(COUNTIF(OFFSET($A$1,$S44-1,0),"*g*"), 1,IF(COUNTIF(OFFSET($A$1,$S44-1,1),"*g*"),2, IF(OFFSET($A$1,$S44-1,0)=".","", IF(OFFSET($A$1,$S44-1,0)=OFFSET($A$1,$S44-1,1),1,2)))),"") | AA44: =IFERROR(IF(S44<>"", IF(Z44<>"", IF(COUNTIF(OFFSET($A$1,$S44-1,Z44),"*g*"), Z44,IF(COUNTIF(OFFSET($A$1,$S44-1,Z44+1),"*g*"),Z44+2, IF(OFFSET($A$1,$S44-1,Z44)=".","", IF(OFFSET($A$1,$S44-1,Z44)=OFFSET($A$1,$S44-1,Z44+1),Z44+1,Z44+2)))), IF(COUNTIF(OFFSET($A$1,$S44-1,2),"*g*"), 2,IF(COUNTIF(OFFSET($A$1,$S44-1,2+1),"*g*"),2+2, IF(OFFSET($A$1,$S44-1,2)=".","", IF(OFFSET($A$1,$S44-1,2)=OFFSET($A$1,$S44-1,2+1), IF(OFFSET($A$1,$S44-1,2+1)=0,"",2+1), IF(OFFSET($A$1,$S44-1,2)<>"",2, IF(OFFSET($A$1,$S44-1,2+1)<>"",2+1,""))))))),""),"") | AB44: =IFERROR(IF(S44<>"", IF(COUNTIF(OFFSET($A$1,$S44-1,AA44),"*g*"), AA44,IF(COUNTIF(OFFSET($A$1,$S44-1,AA44+1),"*g*"),AA44+2, IF(OFFSET($A$1,$S44-1,AA44)=".","", IF(OFFSET($A$1,$S44-1,AA44)=OFFSET($A$1,$S44-1,AA44+1),AA44+1,AA44+2)))),""),"") | AC44: =IFERROR(IF(S44<>"", IF(COUNTIF(OFFSET($A$1,$S44-1,AB44),"*g*"), AB44,IF(COUNTIF(OFFSET($A$1,$S44-1,AB44+1),"*g*"),AB44+2, IF(OFFSET($A$1,$S44-1,AB44)=".","", IF(OFFSET($A$1,$S44-1,AB44)=OFFSET($A$1,$S44-1,AB44+1),AB44+1, IF(OFFSET($A$1,$S44-1,AB44+1)<>0,AB44+2, IF(OFFSET($A$1,$S44-1,AB44)<>0,AB44+1,"")))))),""),"") | AE44: =IF(R44<>"", IF(AND($S44-$R43>3,COUNTIF(OFFSET($A$1,$R43+($S44-$R43-4),0),"<>*テキスト*")), IF(OFFSET($A$1,$R43+($S44-$R43-4),0)=OFFSET($A$1,$R43+($S44-$R43-4),1),1, IF(OFFSET($A$1,$R43+($S44-$R43-4),0)=OFFSET($A$1,$R43+($S44-$R43-4),2),2, IF(OFFSET($A$1,$R43+($S44-$R43-4),0)=OFFSET($A$1,$R43+($S44-$R43-4),3),3,4))), IF(AND($S44-$R43>2,COUNTIF(OFFSET($A$1,$R43+($S44-$R43-3),0),"<>*テキスト*")), IF(OFFSET($A$1,$R43+($S44-$R43-3),0)=OFFSET($A$1,$R43+($S44-$R43-3),1),1, IF(OFFSET($A$1,$R43+($S44-$R43-3),0)=OFFSET($A$1,$R43+($S44-$R43-3),2),2, IF(OFFSET($A$1,$R43+($S44-$R43-3),0)=OFFSET($A$1,$R43+($S44-$R43-3),3),3,4))), IF(COUNTIF(OFFSET($A$1,$R43+($S44-$R43-2),0),"*様*"),1, IF(COUNTIF(OFFSET($A$1,$R43+($S44-$R43-2),1),"*様*"),2, IF(COUNTIF(OFFSET($A$1,$R43+($S44-$R43-2),2),"*様*"),3,4))))),"") | AF44: =IF(R44<>"", IF(AND($S44-$R43>3,COUNTIF(OFFSET($A$1,$R43+($S44-$R43-4),0),"<>*テキスト*")), IFERROR(IF(OFFSET($A$1,$R43+($S44-$R43-4),AE44)=0,"", IF(OFFSET($A$1,$R43+($S44-$R43-4),AE44)=OFFSET($A$1,$R43+($S44-$R43-4),AE44+1),1+AE44, IF(OFFSET($A$1,$R43+($S44-$R43-4),AE44)=OFFSET($A$1,$R43+($S44-$R43-4),AE44+2),2+AE44, IF(OFFSET($A$1,$R43+($S44-$R43-4),AE44)=OFFSET($A$1,$R43+($S44-$R43-4),AE44+3),3+AE44,3+AE44)))),""), IF(AND($S44-$R43>2,COUNTIF(OFFSET($A$1,$R43+($S44-$R43-3),0),"<>*テキスト*")), IFERROR(IF(OFFSET($A$1,$R43+($S44-$R43-3),AE44)=0,"", IF(OFFSET($A$1,$R43+($S44-$R43-3),AE44)=OFFSET($A$1,$R43+($S44-$R43-3),AE44+1),1+AE44, IF(OFFSET($A$1,$R43+($S44-$R43-3),AE44)=OFFSET($A$1,$R43+($S44-$R43-3),AE44+2),2+AE44, IF(OFFSET($A$1,$R43+($S44-$R43-3),AE44)=OFFSET($A$1,$R43+($S44-$R43-3),AE44+3),3+AE44,3+AE44)))),""), IF(COUNTIF(OFFSET($A$1,$R43+($S44-$R43-2),AE44),"*様*"),1+AE44, IF(COUNTIF(OFFSET($A$1,$R43+($S44-$R43-2),AE44+1),"*様*"),2+AE44, IF(COUNTIF(OFFSET($A$1,$R43+($S44-$R43-2),AE44+2),"*様*"),3+AE44,4+AE44))))),"") | AG44: =IF(R44<>"", IF(AND($S44-$R43>3,COUNTIF(OFFSET($A$1,$R43+($S44-$R43-4),0),"<>*テキスト*")), IFERROR(IF(OFFSET($A$1,$R43+($S44-$R43-4),AF44)=0,"", IF(OFFSET($A$1,$R43+($S44-$R43-4),AF44)=OFFSET($A$1,$R43+($S44-$R43-4),AF44+1),1+AF44, IF(OFFSET($A$1,$R43+($S44-$R43-4),AF44)=OFFSET($A$1,$R43+($S44-$R43-4),AF44+2),2+AF44, IF(OFFSET($A$1,$R43+($S44-$R43-4),AF44)=OFFSET($A$1,$R43+($S44-$R43-4),AF44+3),3+AF44,3+AF44)))),""), IF(AND($S44-$R43>2,COUNTIF(OFFSET($A$1,$R43+($S44-$R43-3),0),"<>*テキスト*")), IFERROR(IF(OFFSET($A$1,$R43+($S44-$R43-3),AF44)=0,"", IF(OFFSET($A$1,$R43+($S44-$R43-3),AF44)=OFFSET($A$1,$R43+($S44-$R43-3),AF44+1),1+AF44, IF(OFFSET($A$1,$R43+($S44-$R43-3),AF44)=OFFSET($A$1,$R43+($S44-$R43-3),AF44+2),2+AF44, IF(OFFSET($A$1,$R43+($S44-$R43-3),AF44)=OFFSET($A$1,$R43+($S44-$R43-3),AF44+3),3+AF44,3+AF44)))),""), IF(COUNTIF(OFFSET($A$1,$R43+($S44-$R43-2),AF44),"*様*"),1+AF44, IF(COUNTIF(OFFSET($A$1,$R43+($S44-$R43-2),AF44+1),"*様*"),2+AF44, IF(COUNTIF(OFFSET($A$1,$R43+($S44-$R43-2),AF44+2),"*様*"),3+AF44,4+AF44))))),"") | AH44: =IF(R44<>"", IF(AND($S44-$R43>3,COUNTIF(OFFSET($A$1,$R43+($S44-$R43-4),0),"<>*テキスト*")), IFERROR(IF(OFFSET($A$1,$R43+($S44-$R43-4),AG44)=0,"", IF(OFFSET($A$1,$R43+($S44-$R43-4),AG44)=OFFSET($A$1,$R43+($S44-$R43-4),AG44+1),1+AG44, IF(OFFSET($A$1,$R43+($S44-$R43-4),AG44)=OFFSET($A$1,$R43+($S44-$R43-4),AG44+2),2+AG44, IF(OFFSET($A$1,$R43+($S44-$R43-4),AG44)=OFFSET($A$1,$R43+($S44-$R43-4),AG44+3),3+AG44,3+AG44)))),""), IF(AND($S44-$R43>2,COUNTIF(OFFSET($A$1,$R43+($S44-$R43-3),0),"<>*テキスト*")), IFERROR(IF(OFFSET($A$1,$R43+($S44-$R43-3),AG44)=0,"", IF(OFFSET($A$1,$R43+($S44-$R43-3),AG44)=OFFSET($A$1,$R43+($S44-$R43-3),AG44+1),1+AG44, IF(OFFSET($A$1,$R43+($S44-$R43-3),AG44)=OFFSET($A$1,$R43+($S44-$R43-3),AG44+2),2+AG44, IF(OFFSET($A$1,$R43+($S44-$R43-3),AG44)=OFFSET($A$1,$R43+($S44-$R43-3),AG44+3),3+AG44,3+AG44)))),""), IF(COUNTIF(OFFSET($A$1,$R43+($S44-$R43-2),AG44),"*様*"),1+AG44, IF(COUNTIF(OFFSET($A$1,$R43+($S44-$R43-2),AG44+1),"*様*"),2+AG44, IF(COUNTIF(OFFSET($A$1,$R43+($S44-$R43-2),AG44+2),"*様*"),3+AG44,4+AG44))))),"") | AI44: =IF(R44<>"", IF(AG44<>"","", IF(COUNTIF(OFFSET($A$1,$R43+($S44-$R43-3),0),"*様*"),1, IF(COUNTIF(OFFSET($A$1,$R43+($S44-$R43-3),1),"*様*"),2, IF(COUNTIF(OFFSET($A$1,$R43+($S44-$R43-3),2),"*様*"),3,4)))),"") | AJ44: =IF(R44<>"", IF(AH44<>"","", IF(AI44<>"", IF(COUNTIF(OFFSET($A$1,$R43+($S44-$R43-3),AI44),"*様*"),1+AI44, IF(COUNTIF(OFFSET($A$1,$R43+($S44-$R43-3),AI44+1),"*様*"),2+AI44, IF(COUNTIF(OFFSET($A$1,$R43+($S44-$R43-3),AI44+2),"*様*"),3+AI44,4+AI44))), IF(COUNTIF(OFFSET($A$1,$R43+($S44-$R43-3),0),"*様*"),1, IF(COUNTIF(OFFSET($A$1,$R43+($S44-$R43-3),1),"*様*"),2, IF(COUNTIF(OFFSET($A$1,$R43+($S44-$R43-3),2),"*様*"),3,4))))),"")
O45: =IF(COUNTIF(A45,"*/*"),ROW(),0) -> 0 | P45: =IF(O45<>0,O45-1,0) -> 0 | R45: {=IFERROR(_xlfn.AGGREGATE(15, 6, ($O$2:$O$350)/($O$2:$O$350<>0), ROWS($R$2:R45)), "")} | S45: {=IFERROR(_xlfn.AGGREGATE(15, 6, ($P$2:$P$350)/($P$2:$P$350<>0), ROWS($R$2:R45)), "")} | U45: =IF(R45<>"", IF(COUNTIF(OFFSET($A$1,$R45-1,0),"*/*"), IF(COUNTIF(OFFSET($A$1,$R45-1,1),"*/*"),"",2),1),"") | V45: =IF(R45<>"",IF(U45<>"", IF(COUNTIF(OFFSET($A$1,$R45-1,U45),"*/*"), IF(COUNTIF(OFFSET($A$1,$R45-1,U45+1),"*/*"),"",U45+2),U45+1), IF(COUNTIF(OFFSET($A$1,$R45-1,1),"*/*"), IF(COUNTIF(OFFSET($A$1,$R45-1,1+1),"*/*"),"",1+2),1+1)),"") | W45: =IF(R45<>"",IF(V45<>"", IF(COUNTIF(OFFSET($A$1,$R45-1,V45),"*/*"), IF(COUNTIF(OFFSET($A$1,$R45-1,V45+1),"*/*"),"",V45+2),V45+1), IF(COUNTIF(OFFSET($A$1,$R45-1,2),"*/*"), IF(COUNTIF(OFFSET($A$1,$R45-1,2+1),"*/*"),"",2+2),2+1)),"") | X45: =IF(R45<>"",IF(W45<>"", IF(COUNTIF(OFFSET($A$1,$R45-1,W45),"*/*"), IF(COUNTIF(OFFSET($A$1,$R45-1,W45+1),"*/*"),"",W45+2),W45+1), IF(COUNTIF(OFFSET($A$1,$R45-1,5),"*/*"), IF(COUNTIF(OFFSET($A$1,$R45-1,5+1),"*/*"),"", IF(OFFSET($A$1,R45-1,5+2-1)=0,"",5+2)),IF(OFFSET($A$1,R45-1,5+1-1)=0,"",5+1))),"") | Z45: =IF(S45<>"", IF(COUNTIF(OFFSET($A$1,$S45-1,0),"*g*"), 1,IF(COUNTIF(OFFSET($A$1,$S45-1,1),"*g*"),2, IF(OFFSET($A$1,$S45-1,0)=".","", IF(OFFSET($A$1,$S45-1,0)=OFFSET($A$1,$S45-1,1),1,2)))),"") | AA45: =IFERROR(IF(S45<>"", IF(Z45<>"", IF(COUNTIF(OFFSET($A$1,$S45-1,Z45),"*g*"), Z45,IF(COUNTIF(OFFSET($A$1,$S45-1,Z45+1),"*g*"),Z45+2, IF(OFFSET($A$1,$S45-1,Z45)=".","", IF(OFFSET($A$1,$S45-1,Z45)=OFFSET($A$1,$S45-1,Z45+1),Z45+1,Z45+2)))), IF(COUNTIF(OFFSET($A$1,$S45-1,2),"*g*"), 2,IF(COUNTIF(OFFSET($A$1,$S45-1,2+1),"*g*"),2+2, IF(OFFSET($A$1,$S45-1,2)=".","", IF(OFFSET($A$1,$S45-1,2)=OFFSET($A$1,$S45-1,2+1), IF(OFFSET($A$1,$S45-1,2+1)=0,"",2+1), IF(OFFSET($A$1,$S45-1,2)<>"",2, IF(OFFSET($A$1,$S45-1,2+1)<>"",2+1,""))))))),""),"") | AB45: =IFERROR(IF(S45<>"", IF(COUNTIF(OFFSET($A$1,$S45-1,AA45),"*g*"), AA45,IF(COUNTIF(OFFSET($A$1,$S45-1,AA45+1),"*g*"),AA45+2, IF(OFFSET($A$1,$S45-1,AA45)=".","", IF(OFFSET($A$1,$S45-1,AA45)=OFFSET($A$1,$S45-1,AA45+1),AA45+1,AA45+2)))),""),"") | AC45: =IFERROR(IF(S45<>"", IF(COUNTIF(OFFSET($A$1,$S45-1,AB45),"*g*"), AB45,IF(COUNTIF(OFFSET($A$1,$S45-1,AB45+1),"*g*"),AB45+2, IF(OFFSET($A$1,$S45-1,AB45)=".","", IF(OFFSET($A$1,$S45-1,AB45)=OFFSET($A$1,$S45-1,AB45+1),AB45+1, IF(OFFSET($A$1,$S45-1,AB45+1)<>0,AB45+2, IF(OFFSET($A$1,$S45-1,AB45)<>0,AB45+1,"")))))),""),"") | AE45: =IF(R45<>"", IF(AND($S45-$R44>3,COUNTIF(OFFSET($A$1,$R44+($S45-$R44-4),0),"<>*テキスト*")), IF(OFFSET($A$1,$R44+($S45-$R44-4),0)=OFFSET($A$1,$R44+($S45-$R44-4),1),1, IF(OFFSET($A$1,$R44+($S45-$R44-4),0)=OFFSET($A$1,$R44+($S45-$R44-4),2),2, IF(OFFSET($A$1,$R44+($S45-$R44-4),0)=OFFSET($A$1,$R44+($S45-$R44-4),3),3,4))), IF(AND($S45-$R44>2,COUNTIF(OFFSET($A$1,$R44+($S45-$R44-3),0),"<>*テキスト*")), IF(OFFSET($A$1,$R44+($S45-$R44-3),0)=OFFSET($A$1,$R44+($S45-$R44-3),1),1, IF(OFFSET($A$1,$R44+($S45-$R44-3),0)=OFFSET($A$1,$R44+($S45-$R44-3),2),2, IF(OFFSET($A$1,$R44+($S45-$R44-3),0)=OFFSET($A$1,$R44+($S45-$R44-3),3),3,4))), IF(COUNTIF(OFFSET($A$1,$R44+($S45-$R44-2),0),"*様*"),1, IF(COUNTIF(OFFSET($A$1,$R44+($S45-$R44-2),1),"*様*"),2, IF(COUNTIF(OFFSET($A$1,$R44+($S45-$R44-2),2),"*様*"),3,4))))),"") | AF45: =IF(R45<>"", IF(AND($S45-$R44>3,COUNTIF(OFFSET($A$1,$R44+($S45-$R44-4),0),"<>*テキスト*")), IFERROR(IF(OFFSET($A$1,$R44+($S45-$R44-4),AE45)=0,"", IF(OFFSET($A$1,$R44+($S45-$R44-4),AE45)=OFFSET($A$1,$R44+($S45-$R44-4),AE45+1),1+AE45, IF(OFFSET($A$1,$R44+($S45-$R44-4),AE45)=OFFSET($A$1,$R44+($S45-$R44-4),AE45+2),2+AE45, IF(OFFSET($A$1,$R44+($S45-$R44-4),AE45)=OFFSET($A$1,$R44+($S45-$R44-4),AE45+3),3+AE45,3+AE45)))),""), IF(AND($S45-$R44>2,COUNTIF(OFFSET($A$1,$R44+($S45-$R44-3),0),"<>*テキスト*")), IFERROR(IF(OFFSET($A$1,$R44+($S45-$R44-3),AE45)=0,"", IF(OFFSET($A$1,$R44+($S45-$R44-3),AE45)=OFFSET($A$1,$R44+($S45-$R44-3),AE45+1),1+AE45, IF(OFFSET($A$1,$R44+($S45-$R44-3),AE45)=OFFSET($A$1,$R44+($S45-$R44-3),AE45+2),2+AE45, IF(OFFSET($A$1,$R44+($S45-$R44-3),AE45)=OFFSET($A$1,$R44+($S45-$R44-3),AE45+3),3+AE45,3+AE45)))),""), IF(COUNTIF(OFFSET($A$1,$R44+($S45-$R44-2),AE45),"*様*"),1+AE45, IF(COUNTIF(OFFSET($A$1,$R44+($S45-$R44-2),AE45+1),"*様*"),2+AE45, IF(COUNTIF(OFFSET($A$1,$R44+($S45-$R44-2),AE45+2),"*様*"),3+AE45,4+AE45))))),"") | AG45: =IF(R45<>"", IF(AND($S45-$R44>3,COUNTIF(OFFSET($A$1,$R44+($S45-$R44-4),0),"<>*テキスト*")), IFERROR(IF(OFFSET($A$1,$R44+($S45-$R44-4),AF45)=0,"", IF(OFFSET($A$1,$R44+($S45-$R44-4),AF45)=OFFSET($A$1,$R44+($S45-$R44-4),AF45+1),1+AF45, IF(OFFSET($A$1,$R44+($S45-$R44-4),AF45)=OFFSET($A$1,$R44+($S45-$R44-4),AF45+2),2+AF45, IF(OFFSET($A$1,$R44+($S45-$R44-4),AF45)=OFFSET($A$1,$R44+($S45-$R44-4),AF45+3),3+AF45,3+AF45)))),""), IF(AND($S45-$R44>2,COUNTIF(OFFSET($A$1,$R44+($S45-$R44-3),0),"<>*テキスト*")), IFERROR(IF(OFFSET($A$1,$R44+($S45-$R44-3),AF45)=0,"", IF(OFFSET($A$1,$R44+($S45-$R44-3),AF45)=OFFSET($A$1,$R44+($S45-$R44-3),AF45+1),1+AF45, IF(OFFSET($A$1,$R44+($S45-$R44-3),AF45)=OFFSET($A$1,$R44+($S45-$R44-3),AF45+2),2+AF45, IF(OFFSET($A$1,$R44+($S45-$R44-3),AF45)=OFFSET($A$1,$R44+($S45-$R44-3),AF45+3),3+AF45,3+AF45)))),""), IF(COUNTIF(OFFSET($A$1,$R44+($S45-$R44-2),AF45),"*様*"),1+AF45, IF(COUNTIF(OFFSET($A$1,$R44+($S45-$R44-2),AF45+1),"*様*"),2+AF45, IF(COUNTIF(OFFSET($A$1,$R44+($S45-$R44-2),AF45+2),"*様*"),3+AF45,4+AF45))))),"") | AH45: =IF(R45<>"", IF(AND($S45-$R44>3,COUNTIF(OFFSET($A$1,$R44+($S45-$R44-4),0),"<>*テキスト*")), IFERROR(IF(OFFSET($A$1,$R44+($S45-$R44-4),AG45)=0,"", IF(OFFSET($A$1,$R44+($S45-$R44-4),AG45)=OFFSET($A$1,$R44+($S45-$R44-4),AG45+1),1+AG45, IF(OFFSET($A$1,$R44+($S45-$R44-4),AG45)=OFFSET($A$1,$R44+($S45-$R44-4),AG45+2),2+AG45, IF(OFFSET($A$1,$R44+($S45-$R44-4),AG45)=OFFSET($A$1,$R44+($S45-$R44-4),AG45+3),3+AG45,3+AG45)))),""), IF(AND($S45-$R44>2,COUNTIF(OFFSET($A$1,$R44+($S45-$R44-3),0),"<>*テキスト*")), IFERROR(IF(OFFSET($A$1,$R44+($S45-$R44-3),AG45)=0,"", IF(OFFSET($A$1,$R44+($S45-$R44-3),AG45)=OFFSET($A$1,$R44+($S45-$R44-3),AG45+1),1+AG45, IF(OFFSET($A$1,$R44+($S45-$R44-3),AG45)=OFFSET($A$1,$R44+($S45-$R44-3),AG45+2),2+AG45, IF(OFFSET($A$1,$R44+($S45-$R44-3),AG45)=OFFSET($A$1,$R44+($S45-$R44-3),AG45+3),3+AG45,3+AG45)))),""), IF(COUNTIF(OFFSET($A$1,$R44+($S45-$R44-2),AG45),"*様*"),1+AG45, IF(COUNTIF(OFFSET($A$1,$R44+($S45-$R44-2),AG45+1),"*様*"),2+AG45, IF(COUNTIF(OFFSET($A$1,$R44+($S45-$R44-2),AG45+2),"*様*"),3+AG45,4+AG45))))),"") | AI45: =IF(R45<>"", IF(AG45<>"","", IF(COUNTIF(OFFSET($A$1,$R44+($S45-$R44-3),0),"*様*"),1, IF(COUNTIF(OFFSET($A$1,$R44+($S45-$R44-3),1),"*様*"),2, IF(COUNTIF(OFFSET($A$1,$R44+($S45-$R44-3),2),"*様*"),3,4)))),"") | AJ45: =IF(R45<>"", IF(AH45<>"","", IF(AI45<>"", IF(COUNTIF(OFFSET($A$1,$R44+($S45-$R44-3),AI45),"*様*"),1+AI45, IF(COUNTIF(OFFSET($A$1,$R44+($S45-$R44-3),AI45+1),"*様*"),2+AI45, IF(COUNTIF(OFFSET($A$1,$R44+($S45-$R44-3),AI45+2),"*様*"),3+AI45,4+AI45))), IF(COUNTIF(OFFSET($A$1,$R44+($S45-$R44-3),0),"*様*"),1, IF(COUNTIF(OFFSET($A$1,$R44+($S45-$R44-3),1),"*様*"),2, IF(COUNTIF(OFFSET($A$1,$R44+($S45-$R44-3),2),"*様*"),3,4))))),"")
O46: =IF(COUNTIF(A46,"*/*"),ROW(),0) -> 0 | P46: =IF(O46<>0,O46-1,0) -> 0 | R46: {=IFERROR(_xlfn.AGGREGATE(15, 6, ($O$2:$O$350)/($O$2:$O$350<>0), ROWS($R$2:R46)), "")} | S46: {=IFERROR(_xlfn.AGGREGATE(15, 6, ($P$2:$P$350)/($P$2:$P$350<>0), ROWS($R$2:R46)), "")} | U46: =IF(R46<>"", IF(COUNTIF(OFFSET($A$1,$R46-1,0),"*/*"), IF(COUNTIF(OFFSET($A$1,$R46-1,1),"*/*"),"",2),1),"") | V46: =IF(R46<>"",IF(U46<>"", IF(COUNTIF(OFFSET($A$1,$R46-1,U46),"*/*"), IF(COUNTIF(OFFSET($A$1,$R46-1,U46+1),"*/*"),"",U46+2),U46+1), IF(COUNTIF(OFFSET($A$1,$R46-1,1),"*/*"), IF(COUNTIF(OFFSET($A$1,$R46-1,1+1),"*/*"),"",1+2),1+1)),"") | W46: =IF(R46<>"",IF(V46<>"", IF(COUNTIF(OFFSET($A$1,$R46-1,V46),"*/*"), IF(COUNTIF(OFFSET($A$1,$R46-1,V46+1),"*/*"),"",V46+2),V46+1), IF(COUNTIF(OFFSET($A$1,$R46-1,2),"*/*"), IF(COUNTIF(OFFSET($A$1,$R46-1,2+1),"*/*"),"",2+2),2+1)),"") | X46: =IF(R46<>"",IF(W46<>"", IF(COUNTIF(OFFSET($A$1,$R46-1,W46),"*/*"), IF(COUNTIF(OFFSET($A$1,$R46-1,W46+1),"*/*"),"",W46+2),W46+1), IF(COUNTIF(OFFSET($A$1,$R46-1,5),"*/*"), IF(COUNTIF(OFFSET($A$1,$R46-1,5+1),"*/*"),"", IF(OFFSET($A$1,R46-1,5+2-1)=0,"",5+2)),IF(OFFSET($A$1,R46-1,5+1-1)=0,"",5+1))),"") | Z46: =IF(S46<>"", IF(COUNTIF(OFFSET($A$1,$S46-1,0),"*g*"), 1,IF(COUNTIF(OFFSET($A$1,$S46-1,1),"*g*"),2, IF(OFFSET($A$1,$S46-1,0)=".","", IF(OFFSET($A$1,$S46-1,0)=OFFSET($A$1,$S46-1,1),1,2)))),"") | AA46: =IFERROR(IF(S46<>"", IF(Z46<>"", IF(COUNTIF(OFFSET($A$1,$S46-1,Z46),"*g*"), Z46,IF(COUNTIF(OFFSET($A$1,$S46-1,Z46+1),"*g*"),Z46+2, IF(OFFSET($A$1,$S46-1,Z46)=".","", IF(OFFSET($A$1,$S46-1,Z46)=OFFSET($A$1,$S46-1,Z46+1),Z46+1,Z46+2)))), IF(COUNTIF(OFFSET($A$1,$S46-1,2),"*g*"), 2,IF(COUNTIF(OFFSET($A$1,$S46-1,2+1),"*g*"),2+2, IF(OFFSET($A$1,$S46-1,2)=".","", IF(OFFSET($A$1,$S46-1,2)=OFFSET($A$1,$S46-1,2+1), IF(OFFSET($A$1,$S46-1,2+1)=0,"",2+1), IF(OFFSET($A$1,$S46-1,2)<>"",2, IF(OFFSET($A$1,$S46-1,2+1)<>"",2+1,""))))))),""),"") | AB46: =IFERROR(IF(S46<>"", IF(COUNTIF(OFFSET($A$1,$S46-1,AA46),"*g*"), AA46,IF(COUNTIF(OFFSET($A$1,$S46-1,AA46+1),"*g*"),AA46+2, IF(OFFSET($A$1,$S46-1,AA46)=".","", IF(OFFSET($A$1,$S46-1,AA46)=OFFSET($A$1,$S46-1,AA46+1),AA46+1,AA46+2)))),""),"") | AC46: =IFERROR(IF(S46<>"", IF(COUNTIF(OFFSET($A$1,$S46-1,AB46),"*g*"), AB46,IF(COUNTIF(OFFSET($A$1,$S46-1,AB46+1),"*g*"),AB46+2, IF(OFFSET($A$1,$S46-1,AB46)=".","", IF(OFFSET($A$1,$S46-1,AB46)=OFFSET($A$1,$S46-1,AB46+1),AB46+1, IF(OFFSET($A$1,$S46-1,AB46+1)<>0,AB46+2, IF(OFFSET($A$1,$S46-1,AB46)<>0,AB46+1,"")))))),""),"") | AE46: =IF(R46<>"", IF(AND($S46-$R45>3,COUNTIF(OFFSET($A$1,$R45+($S46-$R45-4),0),"<>*テキスト*")), IF(OFFSET($A$1,$R45+($S46-$R45-4),0)=OFFSET($A$1,$R45+($S46-$R45-4),1),1, IF(OFFSET($A$1,$R45+($S46-$R45-4),0)=OFFSET($A$1,$R45+($S46-$R45-4),2),2, IF(OFFSET($A$1,$R45+($S46-$R45-4),0)=OFFSET($A$1,$R45+($S46-$R45-4),3),3,4))), IF(AND($S46-$R45>2,COUNTIF(OFFSET($A$1,$R45+($S46-$R45-3),0),"<>*テキスト*")), IF(OFFSET($A$1,$R45+($S46-$R45-3),0)=OFFSET($A$1,$R45+($S46-$R45-3),1),1, IF(OFFSET($A$1,$R45+($S46-$R45-3),0)=OFFSET($A$1,$R45+($S46-$R45-3),2),2, IF(OFFSET($A$1,$R45+($S46-$R45-3),0)=OFFSET($A$1,$R45+($S46-$R45-3),3),3,4))), IF(COUNTIF(OFFSET($A$1,$R45+($S46-$R45-2),0),"*様*"),1, IF(COUNTIF(OFFSET($A$1,$R45+($S46-$R45-2),1),"*様*"),2, IF(COUNTIF(OFFSET($A$1,$R45+($S46-$R45-2),2),"*様*"),3,4))))),"") | AF46: =IF(R46<>"", IF(AND($S46-$R45>3,COUNTIF(OFFSET($A$1,$R45+($S46-$R45-4),0),"<>*テキスト*")), IFERROR(IF(OFFSET($A$1,$R45+($S46-$R45-4),AE46)=0,"", IF(OFFSET($A$1,$R45+($S46-$R45-4),AE46)=OFFSET($A$1,$R45+($S46-$R45-4),AE46+1),1+AE46, IF(OFFSET($A$1,$R45+($S46-$R45-4),AE46)=OFFSET($A$1,$R45+($S46-$R45-4),AE46+2),2+AE46, IF(OFFSET($A$1,$R45+($S46-$R45-4),AE46)=OFFSET($A$1,$R45+($S46-$R45-4),AE46+3),3+AE46,3+AE46)))),""), IF(AND($S46-$R45>2,COUNTIF(OFFSET($A$1,$R45+($S46-$R45-3),0),"<>*テキスト*")), IFERROR(IF(OFFSET($A$1,$R45+($S46-$R45-3),AE46)=0,"", IF(OFFSET($A$1,$R45+($S46-$R45-3),AE46)=OFFSET($A$1,$R45+($S46-$R45-3),AE46+1),1+AE46, IF(OFFSET($A$1,$R45+($S46-$R45-3),AE46)=OFFSET($A$1,$R45+($S46-$R45-3),AE46+2),2+AE46, IF(OFFSET($A$1,$R45+($S46-$R45-3),AE46)=OFFSET($A$1,$R45+($S46-$R45-3),AE46+3),3+AE46,3+AE46)))),""), IF(COUNTIF(OFFSET($A$1,$R45+($S46-$R45-2),AE46),"*様*"),1+AE46, IF(COUNTIF(OFFSET($A$1,$R45+($S46-$R45-2),AE46+1),"*様*"),2+AE46, IF(COUNTIF(OFFSET($A$1,$R45+($S46-$R45-2),AE46+2),"*様*"),3+AE46,4+AE46))))),"") | AG46: =IF(R46<>"", IF(AND($S46-$R45>3,COUNTIF(OFFSET($A$1,$R45+($S46-$R45-4),0),"<>*テキスト*")), IFERROR(IF(OFFSET($A$1,$R45+($S46-$R45-4),AF46)=0,"", IF(OFFSET($A$1,$R45+($S46-$R45-4),AF46)=OFFSET($A$1,$R45+($S46-$R45-4),AF46+1),1+AF46, IF(OFFSET($A$1,$R45+($S46-$R45-4),AF46)=OFFSET($A$1,$R45+($S46-$R45-4),AF46+2),2+AF46, IF(OFFSET($A$1,$R45+($S46-$R45-4),AF46)=OFFSET($A$1,$R45+($S46-$R45-4),AF46+3),3+AF46,3+AF46)))),""), IF(AND($S46-$R45>2,COUNTIF(OFFSET($A$1,$R45+($S46-$R45-3),0),"<>*テキスト*")), IFERROR(IF(OFFSET($A$1,$R45+($S46-$R45-3),AF46)=0,"", IF(OFFSET($A$1,$R45+($S46-$R45-3),AF46)=OFFSET($A$1,$R45+($S46-$R45-3),AF46+1),1+AF46, IF(OFFSET($A$1,$R45+($S46-$R45-3),AF46)=OFFSET($A$1,$R45+($S46-$R45-3),AF46+2),2+AF46, IF(OFFSET($A$1,$R45+($S46-$R45-3),AF46)=OFFSET($A$1,$R45+($S46-$R45-3),AF46+3),3+AF46,3+AF46)))),""), IF(COUNTIF(OFFSET($A$1,$R45+($S46-$R45-2),AF46),"*様*"),1+AF46, IF(COUNTIF(OFFSET($A$1,$R45+($S46-$R45-2),AF46+1),"*様*"),2+AF46, IF(COUNTIF(OFFSET($A$1,$R45+($S46-$R45-2),AF46+2),"*様*"),3+AF46,4+AF46))))),"") | AH46: =IF(R46<>"", IF(AND($S46-$R45>3,COUNTIF(OFFSET($A$1,$R45+($S46-$R45-4),0),"<>*テキスト*")), IFERROR(IF(OFFSET($A$1,$R45+($S46-$R45-4),AG46)=0,"", IF(OFFSET($A$1,$R45+($S46-$R45-4),AG46)=OFFSET($A$1,$R45+($S46-$R45-4),AG46+1),1+AG46, IF(OFFSET($A$1,$R45+($S46-$R45-4),AG46)=OFFSET($A$1,$R45+($S46-$R45-4),AG46+2),2+AG46, IF(OFFSET($A$1,$R45+($S46-$R45-4),AG46)=OFFSET($A$1,$R45+($S46-$R45-4),AG46+3),3+AG46,3+AG46)))),""), IF(AND($S46-$R45>2,COUNTIF(OFFSET($A$1,$R45+($S46-$R45-3),0),"<>*テキスト*")), IFERROR(IF(OFFSET($A$1,$R45+($S46-$R45-3),AG46)=0,"", IF(OFFSET($A$1,$R45+($S46-$R45-3),AG46)=OFFSET($A$1,$R45+($S46-$R45-3),AG46+1),1+AG46, IF(OFFSET($A$1,$R45+($S46-$R45-3),AG46)=OFFSET($A$1,$R45+($S46-$R45-3),AG46+2),2+AG46, IF(OFFSET($A$1,$R45+($S46-$R45-3),AG46)=OFFSET($A$1,$R45+($S46-$R45-3),AG46+3),3+AG46,3+AG46)))),""), IF(COUNTIF(OFFSET($A$1,$R45+($S46-$R45-2),AG46),"*様*"),1+AG46, IF(COUNTIF(OFFSET($A$1,$R45+($S46-$R45-2),AG46+1),"*様*"),2+AG46, IF(COUNTIF(OFFSET($A$1,$R45+($S46-$R45-2),AG46+2),"*様*"),3+AG46,4+AG46))))),"") | AI46: =IF(R46<>"", IF(AG46<>"","", IF(COUNTIF(OFFSET($A$1,$R45+($S46-$R45-3),0),"*様*"),1, IF(COUNTIF(OFFSET($A$1,$R45+($S46-$R45-3),1),"*様*"),2, IF(COUNTIF(OFFSET($A$1,$R45+($S46-$R45-3),2),"*様*"),3,4)))),"") | AJ46: =IF(R46<>"", IF(AH46<>"","", IF(AI46<>"", IF(COUNTIF(OFFSET($A$1,$R45+($S46-$R45-3),AI46),"*様*"),1+AI46, IF(COUNTIF(OFFSET($A$1,$R45+($S46-$R45-3),AI46+1),"*様*"),2+AI46, IF(COUNTIF(OFFSET($A$1,$R45+($S46-$R45-3),AI46+2),"*様*"),3+AI46,4+AI46))), IF(COUNTIF(OFFSET($A$1,$R45+($S46-$R45-3),0),"*様*"),1, IF(COUNTIF(OFFSET($A$1,$R45+($S46-$R45-3),1),"*様*"),2, IF(COUNTIF(OFFSET($A$1,$R45+($S46-$R45-3),2),"*様*"),3,4))))),"")
O47: =IF(COUNTIF(A47,"*/*"),ROW(),0) -> 0 | P47: =IF(O47<>0,O47-1,0) -> 0 | R47: {=IFERROR(_xlfn.AGGREGATE(15, 6, ($O$2:$O$350)/($O$2:$O$350<>0), ROWS($R$2:R47)), "")} | S47: {=IFERROR(_xlfn.AGGREGATE(15, 6, ($P$2:$P$350)/($P$2:$P$350<>0), ROWS($R$2:R47)), "")} | U47: =IF(R47<>"", IF(COUNTIF(OFFSET($A$1,$R47-1,0),"*/*"), IF(COUNTIF(OFFSET($A$1,$R47-1,1),"*/*"),"",2),1),"") | V47: =IF(R47<>"",IF(U47<>"", IF(COUNTIF(OFFSET($A$1,$R47-1,U47),"*/*"), IF(COUNTIF(OFFSET($A$1,$R47-1,U47+1),"*/*"),"",U47+2),U47+1), IF(COUNTIF(OFFSET($A$1,$R47-1,1),"*/*"), IF(COUNTIF(OFFSET($A$1,$R47-1,1+1),"*/*"),"",1+2),1+1)),"") | W47: =IF(R47<>"",IF(V47<>"", IF(COUNTIF(OFFSET($A$1,$R47-1,V47),"*/*"), IF(COUNTIF(OFFSET($A$1,$R47-1,V47+1),"*/*"),"",V47+2),V47+1), IF(COUNTIF(OFFSET($A$1,$R47-1,2),"*/*"), IF(COUNTIF(OFFSET($A$1,$R47-1,2+1),"*/*"),"",2+2),2+1)),"") | X47: =IF(R47<>"",IF(W47<>"", IF(COUNTIF(OFFSET($A$1,$R47-1,W47),"*/*"), IF(COUNTIF(OFFSET($A$1,$R47-1,W47+1),"*/*"),"",W47+2),W47+1), IF(COUNTIF(OFFSET($A$1,$R47-1,5),"*/*"), IF(COUNTIF(OFFSET($A$1,$R47-1,5+1),"*/*"),"", IF(OFFSET($A$1,R47-1,5+2-1)=0,"",5+2)),IF(OFFSET($A$1,R47-1,5+1-1)=0,"",5+1))),"") | Z47: =IF(S47<>"", IF(COUNTIF(OFFSET($A$1,$S47-1,0),"*g*"), 1,IF(COUNTIF(OFFSET($A$1,$S47-1,1),"*g*"),2, IF(OFFSET($A$1,$S47-1,0)=".","", IF(OFFSET($A$1,$S47-1,0)=OFFSET($A$1,$S47-1,1),1,2)))),"") | AA47: =IFERROR(IF(S47<>"", IF(Z47<>"", IF(COUNTIF(OFFSET($A$1,$S47-1,Z47),"*g*"), Z47,IF(COUNTIF(OFFSET($A$1,$S47-1,Z47+1),"*g*"),Z47+2, IF(OFFSET($A$1,$S47-1,Z47)=".","", IF(OFFSET($A$1,$S47-1,Z47)=OFFSET($A$1,$S47-1,Z47+1),Z47+1,Z47+2)))), IF(COUNTIF(OFFSET($A$1,$S47-1,2),"*g*"), 2,IF(COUNTIF(OFFSET($A$1,$S47-1,2+1),"*g*"),2+2, IF(OFFSET($A$1,$S47-1,2)=".","", IF(OFFSET($A$1,$S47-1,2)=OFFSET($A$1,$S47-1,2+1), IF(OFFSET($A$1,$S47-1,2+1)=0,"",2+1), IF(OFFSET($A$1,$S47-1,2)<>"",2, IF(OFFSET($A$1,$S47-1,2+1)<>"",2+1,""))))))),""),"") | AB47: =IFERROR(IF(S47<>"", IF(COUNTIF(OFFSET($A$1,$S47-1,AA47),"*g*"), AA47,IF(COUNTIF(OFFSET($A$1,$S47-1,AA47+1),"*g*"),AA47+2, IF(OFFSET($A$1,$S47-1,AA47)=".","", IF(OFFSET($A$1,$S47-1,AA47)=OFFSET($A$1,$S47-1,AA47+1),AA47+1,AA47+2)))),""),"") | AC47: =IFERROR(IF(S47<>"", IF(COUNTIF(OFFSET($A$1,$S47-1,AB47),"*g*"), AB47,IF(COUNTIF(OFFSET($A$1,$S47-1,AB47+1),"*g*"),AB47+2, IF(OFFSET($A$1,$S47-1,AB47)=".","", IF(OFFSET($A$1,$S47-1,AB47)=OFFSET($A$1,$S47-1,AB47+1),AB47+1, IF(OFFSET($A$1,$S47-1,AB47+1)<>0,AB47+2, IF(OFFSET($A$1,$S47-1,AB47)<>0,AB47+1,"")))))),""),"") | AE47: =IF(R47<>"", IF(AND($S47-$R46>3,COUNTIF(OFFSET($A$1,$R46+($S47-$R46-4),0),"<>*テキスト*")), IF(OFFSET($A$1,$R46+($S47-$R46-4),0)=OFFSET($A$1,$R46+($S47-$R46-4),1),1, IF(OFFSET($A$1,$R46+($S47-$R46-4),0)=OFFSET($A$1,$R46+($S47-$R46-4),2),2, IF(OFFSET($A$1,$R46+($S47-$R46-4),0)=OFFSET($A$1,$R46+($S47-$R46-4),3),3,4))), IF(AND($S47-$R46>2,COUNTIF(OFFSET($A$1,$R46+($S47-$R46-3),0),"<>*テキスト*")), IF(OFFSET($A$1,$R46+($S47-$R46-3),0)=OFFSET($A$1,$R46+($S47-$R46-3),1),1, IF(OFFSET($A$1,$R46+($S47-$R46-3),0)=OFFSET($A$1,$R46+($S47-$R46-3),2),2, IF(OFFSET($A$1,$R46+($S47-$R46-3),0)=OFFSET($A$1,$R46+($S47-$R46-3),3),3,4))), IF(COUNTIF(OFFSET($A$1,$R46+($S47-$R46-2),0),"*様*"),1, IF(COUNTIF(OFFSET($A$1,$R46+($S47-$R46-2),1),"*様*"),2, IF(COUNTIF(OFFSET($A$1,$R46+($S47-$R46-2),2),"*様*"),3,4))))),"") | AF47: =IF(R47<>"", IF(AND($S47-$R46>3,COUNTIF(OFFSET($A$1,$R46+($S47-$R46-4),0),"<>*テキスト*")), IFERROR(IF(OFFSET($A$1,$R46+($S47-$R46-4),AE47)=0,"", IF(OFFSET($A$1,$R46+($S47-$R46-4),AE47)=OFFSET($A$1,$R46+($S47-$R46-4),AE47+1),1+AE47, IF(OFFSET($A$1,$R46+($S47-$R46-4),AE47)=OFFSET($A$1,$R46+($S47-$R46-4),AE47+2),2+AE47, IF(OFFSET($A$1,$R46+($S47-$R46-4),AE47)=OFFSET($A$1,$R46+($S47-$R46-4),AE47+3),3+AE47,3+AE47)))),""), IF(AND($S47-$R46>2,COUNTIF(OFFSET($A$1,$R46+($S47-$R46-3),0),"<>*テキスト*")), IFERROR(IF(OFFSET($A$1,$R46+($S47-$R46-3),AE47)=0,"", IF(OFFSET($A$1,$R46+($S47-$R46-3),AE47)=OFFSET($A$1,$R46+($S47-$R46-3),AE47+1),1+AE47, IF(OFFSET($A$1,$R46+($S47-$R46-3),AE47)=OFFSET($A$1,$R46+($S47-$R46-3),AE47+2),2+AE47, IF(OFFSET($A$1,$R46+($S47-$R46-3),AE47)=OFFSET($A$1,$R46+($S47-$R46-3),AE47+3),3+AE47,3+AE47)))),""), IF(COUNTIF(OFFSET($A$1,$R46+($S47-$R46-2),AE47),"*様*"),1+AE47, IF(COUNTIF(OFFSET($A$1,$R46+($S47-$R46-2),AE47+1),"*様*"),2+AE47, IF(COUNTIF(OFFSET($A$1,$R46+($S47-$R46-2),AE47+2),"*様*"),3+AE47,4+AE47))))),"") | AG47: =IF(R47<>"", IF(AND($S47-$R46>3,COUNTIF(OFFSET($A$1,$R46+($S47-$R46-4),0),"<>*テキスト*")), IFERROR(IF(OFFSET($A$1,$R46+($S47-$R46-4),AF47)=0,"", IF(OFFSET($A$1,$R46+($S47-$R46-4),AF47)=OFFSET($A$1,$R46+($S47-$R46-4),AF47+1),1+AF47, IF(OFFSET($A$1,$R46+($S47-$R46-4),AF47)=OFFSET($A$1,$R46+($S47-$R46-4),AF47+2),2+AF47, IF(OFFSET($A$1,$R46+($S47-$R46-4),AF47)=OFFSET($A$1,$R46+($S47-$R46-4),AF47+3),3+AF47,3+AF47)))),""), IF(AND($S47-$R46>2,COUNTIF(OFFSET($A$1,$R46+($S47-$R46-3),0),"<>*テキスト*")), IFERROR(IF(OFFSET($A$1,$R46+($S47-$R46-3),AF47)=0,"", IF(OFFSET($A$1,$R46+($S47-$R46-3),AF47)=OFFSET($A$1,$R46+($S47-$R46-3),AF47+1),1+AF47, IF(OFFSET($A$1,$R46+($S47-$R46-3),AF47)=OFFSET($A$1,$R46+($S47-$R46-3),AF47+2),2+AF47, IF(OFFSET($A$1,$R46+($S47-$R46-3),AF47)=OFFSET($A$1,$R46+($S47-$R46-3),AF47+3),3+AF47,3+AF47)))),""), IF(COUNTIF(OFFSET($A$1,$R46+($S47-$R46-2),AF47),"*様*"),1+AF47, IF(COUNTIF(OFFSET($A$1,$R46+($S47-$R46-2),AF47+1),"*様*"),2+AF47, IF(COUNTIF(OFFSET($A$1,$R46+($S47-$R46-2),AF47+2),"*様*"),3+AF47,4+AF47))))),"") | AH47: =IF(R47<>"", IF(AND($S47-$R46>3,COUNTIF(OFFSET($A$1,$R46+($S47-$R46-4),0),"<>*テキスト*")), IFERROR(IF(OFFSET($A$1,$R46+($S47-$R46-4),AG47)=0,"", IF(OFFSET($A$1,$R46+($S47-$R46-4),AG47)=OFFSET($A$1,$R46+($S47-$R46-4),AG47+1),1+AG47, IF(OFFSET($A$1,$R46+($S47-$R46-4),AG47)=OFFSET($A$1,$R46+($S47-$R46-4),AG47+2),2+AG47, IF(OFFSET($A$1,$R46+($S47-$R46-4),AG47)=OFFSET($A$1,$R46+($S47-$R46-4),AG47+3),3+AG47,3+AG47)))),""), IF(AND($S47-$R46>2,COUNTIF(OFFSET($A$1,$R46+($S47-$R46-3),0),"<>*テキスト*")), IFERROR(IF(OFFSET($A$1,$R46+($S47-$R46-3),AG47)=0,"", IF(OFFSET($A$1,$R46+($S47-$R46-3),AG47)=OFFSET($A$1,$R46+($S47-$R46-3),AG47+1),1+AG47, IF(OFFSET($A$1,$R46+($S47-$R46-3),AG47)=OFFSET($A$1,$R46+($S47-$R46-3),AG47+2),2+AG47, IF(OFFSET($A$1,$R46+($S47-$R46-3),AG47)=OFFSET($A$1,$R46+($S47-$R46-3),AG47+3),3+AG47,3+AG47)))),""), IF(COUNTIF(OFFSET($A$1,$R46+($S47-$R46-2),AG47),"*様*"),1+AG47, IF(COUNTIF(OFFSET($A$1,$R46+($S47-$R46-2),AG47+1),"*様*"),2+AG47, IF(COUNTIF(OFFSET($A$1,$R46+($S47-$R46-2),AG47+2),"*様*"),3+AG47,4+AG47))))),"") | AI47: =IF(R47<>"", IF(AG47<>"","", IF(COUNTIF(OFFSET($A$1,$R46+($S47-$R46-3),0),"*様*"),1, IF(COUNTIF(OFFSET($A$1,$R46+($S47-$R46-3),1),"*様*"),2, IF(COUNTIF(OFFSET($A$1,$R46+($S47-$R46-3),2),"*様*"),3,4)))),"") | AJ47: =IF(R47<>"", IF(AH47<>"","", IF(AI47<>"", IF(COUNTIF(OFFSET($A$1,$R46+($S47-$R46-3),AI47),"*様*"),1+AI47, IF(COUNTIF(OFFSET($A$1,$R46+($S47-$R46-3),AI47+1),"*様*"),2+AI47, IF(COUNTIF(OFFSET($A$1,$R46+($S47-$R46-3),AI47+2),"*様*"),3+AI47,4+AI47))), IF(COUNTIF(OFFSET($A$1,$R46+($S47-$R46-3),0),"*様*"),1, IF(COUNTIF(OFFSET($A$1,$R46+($S47-$R46-3),1),"*様*"),2, IF(COUNTIF(OFFSET($A$1,$R46+($S47-$R46-3),2),"*様*"),3,4))))),"")
O48: =IF(COUNTIF(A48,"*/*"),ROW(),0) -> 0 | P48: =IF(O48<>0,O48-1,0) -> 0 | R48: {=IFERROR(_xlfn.AGGREGATE(15, 6, ($O$2:$O$350)/($O$2:$O$350<>0), ROWS($R$2:R48)), "")} | S48: {=IFERROR(_xlfn.AGGREGATE(15, 6, ($P$2:$P$350)/($P$2:$P$350<>0), ROWS($R$2:R48)), "")} | U48: =IF(R48<>"", IF(COUNTIF(OFFSET($A$1,$R48-1,0),"*/*"), IF(COUNTIF(OFFSET($A$1,$R48-1,1),"*/*"),"",2),1),"") | V48: =IF(R48<>"",IF(U48<>"", IF(COUNTIF(OFFSET($A$1,$R48-1,U48),"*/*"), IF(COUNTIF(OFFSET($A$1,$R48-1,U48+1),"*/*"),"",U48+2),U48+1), IF(COUNTIF(OFFSET($A$1,$R48-1,1),"*/*"), IF(COUNTIF(OFFSET($A$1,$R48-1,1+1),"*/*"),"",1+2),1+1)),"") | W48: =IF(R48<>"",IF(V48<>"", IF(COUNTIF(OFFSET($A$1,$R48-1,V48),"*/*"), IF(COUNTIF(OFFSET($A$1,$R48-1,V48+1),"*/*"),"",V48+2),V48+1), IF(COUNTIF(OFFSET($A$1,$R48-1,2),"*/*"), IF(COUNTIF(OFFSET($A$1,$R48-1,2+1),"*/*"),"",2+2),2+1)),"") | X48: =IF(R48<>"",IF(W48<>"", IF(COUNTIF(OFFSET($A$1,$R48-1,W48),"*/*"), IF(COUNTIF(OFFSET($A$1,$R48-1,W48+1),"*/*"),"",W48+2),W48+1), IF(COUNTIF(OFFSET($A$1,$R48-1,5),"*/*"), IF(COUNTIF(OFFSET($A$1,$R48-1,5+1),"*/*"),"", IF(OFFSET($A$1,R48-1,5+2-1)=0,"",5+2)),IF(OFFSET($A$1,R48-1,5+1-1)=0,"",5+1))),"") | Z48: =IF(S48<>"", IF(COUNTIF(OFFSET($A$1,$S48-1,0),"*g*"), 1,IF(COUNTIF(OFFSET($A$1,$S48-1,1),"*g*"),2, IF(OFFSET($A$1,$S48-1,0)=".","", IF(OFFSET($A$1,$S48-1,0)=OFFSET($A$1,$S48-1,1),1,2)))),"") | AA48: =IFERROR(IF(S48<>"", IF(Z48<>"", IF(COUNTIF(OFFSET($A$1,$S48-1,Z48),"*g*"), Z48,IF(COUNTIF(OFFSET($A$1,$S48-1,Z48+1),"*g*"),Z48+2, IF(OFFSET($A$1,$S48-1,Z48)=".","", IF(OFFSET($A$1,$S48-1,Z48)=OFFSET($A$1,$S48-1,Z48+1),Z48+1,Z48+2)))), IF(COUNTIF(OFFSET($A$1,$S48-1,2),"*g*"), 2,IF(COUNTIF(OFFSET($A$1,$S48-1,2+1),"*g*"),2+2, IF(OFFSET($A$1,$S48-1,2)=".","", IF(OFFSET($A$1,$S48-1,2)=OFFSET($A$1,$S48-1,2+1), IF(OFFSET($A$1,$S48-1,2+1)=0,"",2+1), IF(OFFSET($A$1,$S48-1,2)<>"",2, IF(OFFSET($A$1,$S48-1,2+1)<>"",2+1,""))))))),""),"") | AB48: =IFERROR(IF(S48<>"", IF(COUNTIF(OFFSET($A$1,$S48-1,AA48),"*g*"), AA48,IF(COUNTIF(OFFSET($A$1,$S48-1,AA48+1),"*g*"),AA48+2, IF(OFFSET($A$1,$S48-1,AA48)=".","", IF(OFFSET($A$1,$S48-1,AA48)=OFFSET($A$1,$S48-1,AA48+1),AA48+1,AA48+2)))),""),"") | AC48: =IFERROR(IF(S48<>"", IF(COUNTIF(OFFSET($A$1,$S48-1,AB48),"*g*"), AB48,IF(COUNTIF(OFFSET($A$1,$S48-1,AB48+1),"*g*"),AB48+2, IF(OFFSET($A$1,$S48-1,AB48)=".","", IF(OFFSET($A$1,$S48-1,AB48)=OFFSET($A$1,$S48-1,AB48+1),AB48+1, IF(OFFSET($A$1,$S48-1,AB48+1)<>0,AB48+2, IF(OFFSET($A$1,$S48-1,AB48)<>0,AB48+1,"")))))),""),"") | AE48: =IF(R48<>"", IF(AND($S48-$R47>3,COUNTIF(OFFSET($A$1,$R47+($S48-$R47-4),0),"<>*テキスト*")), IF(OFFSET($A$1,$R47+($S48-$R47-4),0)=OFFSET($A$1,$R47+($S48-$R47-4),1),1, IF(OFFSET($A$1,$R47+($S48-$R47-4),0)=OFFSET($A$1,$R47+($S48-$R47-4),2),2, IF(OFFSET($A$1,$R47+($S48-$R47-4),0)=OFFSET($A$1,$R47+($S48-$R47-4),3),3,4))), IF(AND($S48-$R47>2,COUNTIF(OFFSET($A$1,$R47+($S48-$R47-3),0),"<>*テキスト*")), IF(OFFSET($A$1,$R47+($S48-$R47-3),0)=OFFSET($A$1,$R47+($S48-$R47-3),1),1, IF(OFFSET($A$1,$R47+($S48-$R47-3),0)=OFFSET($A$1,$R47+($S48-$R47-3),2),2, IF(OFFSET($A$1,$R47+($S48-$R47-3),0)=OFFSET($A$1,$R47+($S48-$R47-3),3),3,4))), IF(COUNTIF(OFFSET($A$1,$R47+($S48-$R47-2),0),"*様*"),1, IF(COUNTIF(OFFSET($A$1,$R47+($S48-$R47-2),1),"*様*"),2, IF(COUNTIF(OFFSET($A$1,$R47+($S48-$R47-2),2),"*様*"),3,4))))),"") | AF48: =IF(R48<>"", IF(AND($S48-$R47>3,COUNTIF(OFFSET($A$1,$R47+($S48-$R47-4),0),"<>*テキスト*")), IFERROR(IF(OFFSET($A$1,$R47+($S48-$R47-4),AE48)=0,"", IF(OFFSET($A$1,$R47+($S48-$R47-4),AE48)=OFFSET($A$1,$R47+($S48-$R47-4),AE48+1),1+AE48, IF(OFFSET($A$1,$R47+($S48-$R47-4),AE48)=OFFSET($A$1,$R47+($S48-$R47-4),AE48+2),2+AE48, IF(OFFSET($A$1,$R47+($S48-$R47-4),AE48)=OFFSET($A$1,$R47+($S48-$R47-4),AE48+3),3+AE48,3+AE48)))),""), IF(AND($S48-$R47>2,COUNTIF(OFFSET($A$1,$R47+($S48-$R47-3),0),"<>*テキスト*")), IFERROR(IF(OFFSET($A$1,$R47+($S48-$R47-3),AE48)=0,"", IF(OFFSET($A$1,$R47+($S48-$R47-3),AE48)=OFFSET($A$1,$R47+($S48-$R47-3),AE48+1),1+AE48, IF(OFFSET($A$1,$R47+($S48-$R47-3),AE48)=OFFSET($A$1,$R47+($S48-$R47-3),AE48+2),2+AE48, IF(OFFSET($A$1,$R47+($S48-$R47-3),AE48)=OFFSET($A$1,$R47+($S48-$R47-3),AE48+3),3+AE48,3+AE48)))),""), IF(COUNTIF(OFFSET($A$1,$R47+($S48-$R47-2),AE48),"*様*"),1+AE48, IF(COUNTIF(OFFSET($A$1,$R47+($S48-$R47-2),AE48+1),"*様*"),2+AE48, IF(COUNTIF(OFFSET($A$1,$R47+($S48-$R47-2),AE48+2),"*様*"),3+AE48,4+AE48))))),"") | AG48: =IF(R48<>"", IF(AND($S48-$R47>3,COUNTIF(OFFSET($A$1,$R47+($S48-$R47-4),0),"<>*テキスト*")), IFERROR(IF(OFFSET($A$1,$R47+($S48-$R47-4),AF48)=0,"", IF(OFFSET($A$1,$R47+($S48-$R47-4),AF48)=OFFSET($A$1,$R47+($S48-$R47-4),AF48+1),1+AF48, IF(OFFSET($A$1,$R47+($S48-$R47-4),AF48)=OFFSET($A$1,$R47+($S48-$R47-4),AF48+2),2+AF48, IF(OFFSET($A$1,$R47+($S48-$R47-4),AF48)=OFFSET($A$1,$R47+($S48-$R47-4),AF48+3),3+AF48,3+AF48)))),""), IF(AND($S48-$R47>2,COUNTIF(OFFSET($A$1,$R47+($S48-$R47-3),0),"<>*テキスト*")), IFERROR(IF(OFFSET($A$1,$R47+($S48-$R47-3),AF48)=0,"", IF(OFFSET($A$1,$R47+($S48-$R47-3),AF48)=OFFSET($A$1,$R47+($S48-$R47-3),AF48+1),1+AF48, IF(OFFSET($A$1,$R47+($S48-$R47-3),AF48)=OFFSET($A$1,$R47+($S48-$R47-3),AF48+2),2+AF48, IF(OFFSET($A$1,$R47+($S48-$R47-3),AF48)=OFFSET($A$1,$R47+($S48-$R47-3),AF48+3),3+AF48,3+AF48)))),""), IF(COUNTIF(OFFSET($A$1,$R47+($S48-$R47-2),AF48),"*様*"),1+AF48, IF(COUNTIF(OFFSET($A$1,$R47+($S48-$R47-2),AF48+1),"*様*"),2+AF48, IF(COUNTIF(OFFSET($A$1,$R47+($S48-$R47-2),AF48+2),"*様*"),3+AF48,4+AF48))))),"") | AH48: =IF(R48<>"", IF(AND($S48-$R47>3,COUNTIF(OFFSET($A$1,$R47+($S48-$R47-4),0),"<>*テキスト*")), IFERROR(IF(OFFSET($A$1,$R47+($S48-$R47-4),AG48)=0,"", IF(OFFSET($A$1,$R47+($S48-$R47-4),AG48)=OFFSET($A$1,$R47+($S48-$R47-4),AG48+1),1+AG48, IF(OFFSET($A$1,$R47+($S48-$R47-4),AG48)=OFFSET($A$1,$R47+($S48-$R47-4),AG48+2),2+AG48, IF(OFFSET($A$1,$R47+($S48-$R47-4),AG48)=OFFSET($A$1,$R47+($S48-$R47-4),AG48+3),3+AG48,3+AG48)))),""), IF(AND($S48-$R47>2,COUNTIF(OFFSET($A$1,$R47+($S48-$R47-3),0),"<>*テキスト*")), IFERROR(IF(OFFSET($A$1,$R47+($S48-$R47-3),AG48)=0,"", IF(OFFSET($A$1,$R47+($S48-$R47-3),AG48)=OFFSET($A$1,$R47+($S48-$R47-3),AG48+1),1+AG48, IF(OFFSET($A$1,$R47+($S48-$R47-3),AG48)=OFFSET($A$1,$R47+($S48-$R47-3),AG48+2),2+AG48, IF(OFFSET($A$1,$R47+($S48-$R47-3),AG48)=OFFSET($A$1,$R47+($S48-$R47-3),AG48+3),3+AG48,3+AG48)))),""), IF(COUNTIF(OFFSET($A$1,$R47+($S48-$R47-2),AG48),"*様*"),1+AG48, IF(COUNTIF(OFFSET($A$1,$R47+($S48-$R47-2),AG48+1),"*様*"),2+AG48, IF(COUNTIF(OFFSET($A$1,$R47+($S48-$R47-2),AG48+2),"*様*"),3+AG48,4+AG48))))),"") | AI48: =IF(R48<>"", IF(AG48<>"","", IF(COUNTIF(OFFSET($A$1,$R47+($S48-$R47-3),0),"*様*"),1, IF(COUNTIF(OFFSET($A$1,$R47+($S48-$R47-3),1),"*様*"),2, IF(COUNTIF(OFFSET($A$1,$R47+($S48-$R47-3),2),"*様*"),3,4)))),"") | AJ48: =IF(R48<>"", IF(AH48<>"","", IF(AI48<>"", IF(COUNTIF(OFFSET($A$1,$R47+($S48-$R47-3),AI48),"*様*"),1+AI48, IF(COUNTIF(OFFSET($A$1,$R47+($S48-$R47-3),AI48+1),"*様*"),2+AI48, IF(COUNTIF(OFFSET($A$1,$R47+($S48-$R47-3),AI48+2),"*様*"),3+AI48,4+AI48))), IF(COUNTIF(OFFSET($A$1,$R47+($S48-$R47-3),0),"*様*"),1, IF(COUNTIF(OFFSET($A$1,$R47+($S48-$R47-3),1),"*様*"),2, IF(COUNTIF(OFFSET($A$1,$R47+($S48-$R47-3),2),"*様*"),3,4))))),"")
O49: =IF(COUNTIF(A49,"*/*"),ROW(),0) -> 0 | P49: =IF(O49<>0,O49-1,0) -> 0 | R49: {=IFERROR(_xlfn.AGGREGATE(15, 6, ($O$2:$O$350)/($O$2:$O$350<>0), ROWS($R$2:R49)), "")} | S49: {=IFERROR(_xlfn.AGGREGATE(15, 6, ($P$2:$P$350)/($P$2:$P$350<>0), ROWS($R$2:R49)), "")} | U49: =IF(R49<>"", IF(COUNTIF(OFFSET($A$1,$R49-1,0),"*/*"), IF(COUNTIF(OFFSET($A$1,$R49-1,1),"*/*"),"",2),1),"") | V49: =IF(R49<>"",IF(U49<>"", IF(COUNTIF(OFFSET($A$1,$R49-1,U49),"*/*"), IF(COUNTIF(OFFSET($A$1,$R49-1,U49+1),"*/*"),"",U49+2),U49+1), IF(COUNTIF(OFFSET($A$1,$R49-1,1),"*/*"), IF(COUNTIF(OFFSET($A$1,$R49-1,1+1),"*/*"),"",1+2),1+1)),"") | W49: =IF(R49<>"",IF(V49<>"", IF(COUNTIF(OFFSET($A$1,$R49-1,V49),"*/*"), IF(COUNTIF(OFFSET($A$1,$R49-1,V49+1),"*/*"),"",V49+2),V49+1), IF(COUNTIF(OFFSET($A$1,$R49-1,2),"*/*"), IF(COUNTIF(OFFSET($A$1,$R49-1,2+1),"*/*"),"",2+2),2+1)),"") | X49: =IF(R49<>"",IF(W49<>"", IF(COUNTIF(OFFSET($A$1,$R49-1,W49),"*/*"), IF(COUNTIF(OFFSET($A$1,$R49-1,W49+1),"*/*"),"",W49+2),W49+1), IF(COUNTIF(OFFSET($A$1,$R49-1,5),"*/*"), IF(COUNTIF(OFFSET($A$1,$R49-1,5+1),"*/*"),"", IF(OFFSET($A$1,R49-1,5+2-1)=0,"",5+2)),IF(OFFSET($A$1,R49-1,5+1-1)=0,"",5+1))),"") | Z49: =IF(S49<>"", IF(COUNTIF(OFFSET($A$1,$S49-1,0),"*g*"), 1,IF(COUNTIF(OFFSET($A$1,$S49-1,1),"*g*"),2, IF(OFFSET($A$1,$S49-1,0)=".","", IF(OFFSET($A$1,$S49-1,0)=OFFSET($A$1,$S49-1,1),1,2)))),"") | AA49: =IFERROR(IF(S49<>"", IF(Z49<>"", IF(COUNTIF(OFFSET($A$1,$S49-1,Z49),"*g*"), Z49,IF(COUNTIF(OFFSET($A$1,$S49-1,Z49+1),"*g*"),Z49+2, IF(OFFSET($A$1,$S49-1,Z49)=".","", IF(OFFSET($A$1,$S49-1,Z49)=OFFSET($A$1,$S49-1,Z49+1),Z49+1,Z49+2)))), IF(COUNTIF(OFFSET($A$1,$S49-1,2),"*g*"), 2,IF(COUNTIF(OFFSET($A$1,$S49-1,2+1),"*g*"),2+2, IF(OFFSET($A$1,$S49-1,2)=".","", IF(OFFSET($A$1,$S49-1,2)=OFFSET($A$1,$S49-1,2+1), IF(OFFSET($A$1,$S49-1,2+1)=0,"",2+1), IF(OFFSET($A$1,$S49-1,2)<>"",2, IF(OFFSET($A$1,$S49-1,2+1)<>"",2+1,""))))))),""),"") | AB49: =IFERROR(IF(S49<>"", IF(COUNTIF(OFFSET($A$1,$S49-1,AA49),"*g*"), AA49,IF(COUNTIF(OFFSET($A$1,$S49-1,AA49+1),"*g*"),AA49+2, IF(OFFSET($A$1,$S49-1,AA49)=".","", IF(OFFSET($A$1,$S49-1,AA49)=OFFSET($A$1,$S49-1,AA49+1),AA49+1,AA49+2)))),""),"") | AC49: =IFERROR(IF(S49<>"", IF(COUNTIF(OFFSET($A$1,$S49-1,AB49),"*g*"), AB49,IF(COUNTIF(OFFSET($A$1,$S49-1,AB49+1),"*g*"),AB49+2, IF(OFFSET($A$1,$S49-1,AB49)=".","", IF(OFFSET($A$1,$S49-1,AB49)=OFFSET($A$1,$S49-1,AB49+1),AB49+1, IF(OFFSET($A$1,$S49-1,AB49+1)<>0,AB49+2, IF(OFFSET($A$1,$S49-1,AB49)<>0,AB49+1,"")))))),""),"") | AE49: =IF(R49<>"", IF(AND($S49-$R48>3,COUNTIF(OFFSET($A$1,$R48+($S49-$R48-4),0),"<>*テキスト*")), IF(OFFSET($A$1,$R48+($S49-$R48-4),0)=OFFSET($A$1,$R48+($S49-$R48-4),1),1, IF(OFFSET($A$1,$R48+($S49-$R48-4),0)=OFFSET($A$1,$R48+($S49-$R48-4),2),2, IF(OFFSET($A$1,$R48+($S49-$R48-4),0)=OFFSET($A$1,$R48+($S49-$R48-4),3),3,4))), IF(AND($S49-$R48>2,COUNTIF(OFFSET($A$1,$R48+($S49-$R48-3),0),"<>*テキスト*")), IF(OFFSET($A$1,$R48+($S49-$R48-3),0)=OFFSET($A$1,$R48+($S49-$R48-3),1),1, IF(OFFSET($A$1,$R48+($S49-$R48-3),0)=OFFSET($A$1,$R48+($S49-$R48-3),2),2, IF(OFFSET($A$1,$R48+($S49-$R48-3),0)=OFFSET($A$1,$R48+($S49-$R48-3),3),3,4))), IF(COUNTIF(OFFSET($A$1,$R48+($S49-$R48-2),0),"*様*"),1, IF(COUNTIF(OFFSET($A$1,$R48+($S49-$R48-2),1),"*様*"),2, IF(COUNTIF(OFFSET($A$1,$R48+($S49-$R48-2),2),"*様*"),3,4))))),"") | AF49: =IF(R49<>"", IF(AND($S49-$R48>3,COUNTIF(OFFSET($A$1,$R48+($S49-$R48-4),0),"<>*テキスト*")), IFERROR(IF(OFFSET($A$1,$R48+($S49-$R48-4),AE49)=0,"", IF(OFFSET($A$1,$R48+($S49-$R48-4),AE49)=OFFSET($A$1,$R48+($S49-$R48-4),AE49+1),1+AE49, IF(OFFSET($A$1,$R48+($S49-$R48-4),AE49)=OFFSET($A$1,$R48+($S49-$R48-4),AE49+2),2+AE49, IF(OFFSET($A$1,$R48+($S49-$R48-4),AE49)=OFFSET($A$1,$R48+($S49-$R48-4),AE49+3),3+AE49,3+AE49)))),""), IF(AND($S49-$R48>2,COUNTIF(OFFSET($A$1,$R48+($S49-$R48-3),0),"<>*テキスト*")), IFERROR(IF(OFFSET($A$1,$R48+($S49-$R48-3),AE49)=0,"", IF(OFFSET($A$1,$R48+($S49-$R48-3),AE49)=OFFSET($A$1,$R48+($S49-$R48-3),AE49+1),1+AE49, IF(OFFSET($A$1,$R48+($S49-$R48-3),AE49)=OFFSET($A$1,$R48+($S49-$R48-3),AE49+2),2+AE49, IF(OFFSET($A$1,$R48+($S49-$R48-3),AE49)=OFFSET($A$1,$R48+($S49-$R48-3),AE49+3),3+AE49,3+AE49)))),""), IF(COUNTIF(OFFSET($A$1,$R48+($S49-$R48-2),AE49),"*様*"),1+AE49, IF(COUNTIF(OFFSET($A$1,$R48+($S49-$R48-2),AE49+1),"*様*"),2+AE49, IF(COUNTIF(OFFSET($A$1,$R48+($S49-$R48-2),AE49+2),"*様*"),3+AE49,4+AE49))))),"") | AG49: =IF(R49<>"", IF(AND($S49-$R48>3,COUNTIF(OFFSET($A$1,$R48+($S49-$R48-4),0),"<>*テキスト*")), IFERROR(IF(OFFSET($A$1,$R48+($S49-$R48-4),AF49)=0,"", IF(OFFSET($A$1,$R48+($S49-$R48-4),AF49)=OFFSET($A$1,$R48+($S49-$R48-4),AF49+1),1+AF49, IF(OFFSET($A$1,$R48+($S49-$R48-4),AF49)=OFFSET($A$1,$R48+($S49-$R48-4),AF49+2),2+AF49, IF(OFFSET($A$1,$R48+($S49-$R48-4),AF49)=OFFSET($A$1,$R48+($S49-$R48-4),AF49+3),3+AF49,3+AF49)))),""), IF(AND($S49-$R48>2,COUNTIF(OFFSET($A$1,$R48+($S49-$R48-3),0),"<>*テキスト*")), IFERROR(IF(OFFSET($A$1,$R48+($S49-$R48-3),AF49)=0,"", IF(OFFSET($A$1,$R48+($S49-$R48-3),AF49)=OFFSET($A$1,$R48+($S49-$R48-3),AF49+1),1+AF49, IF(OFFSET($A$1,$R48+($S49-$R48-3),AF49)=OFFSET($A$1,$R48+($S49-$R48-3),AF49+2),2+AF49, IF(OFFSET($A$1,$R48+($S49-$R48-3),AF49)=OFFSET($A$1,$R48+($S49-$R48-3),AF49+3),3+AF49,3+AF49)))),""), IF(COUNTIF(OFFSET($A$1,$R48+($S49-$R48-2),AF49),"*様*"),1+AF49, IF(COUNTIF(OFFSET($A$1,$R48+($S49-$R48-2),AF49+1),"*様*"),2+AF49, IF(COUNTIF(OFFSET($A$1,$R48+($S49-$R48-2),AF49+2),"*様*"),3+AF49,4+AF49))))),"") | AH49: =IF(R49<>"", IF(AND($S49-$R48>3,COUNTIF(OFFSET($A$1,$R48+($S49-$R48-4),0),"<>*テキスト*")), IFERROR(IF(OFFSET($A$1,$R48+($S49-$R48-4),AG49)=0,"", IF(OFFSET($A$1,$R48+($S49-$R48-4),AG49)=OFFSET($A$1,$R48+($S49-$R48-4),AG49+1),1+AG49, IF(OFFSET($A$1,$R48+($S49-$R48-4),AG49)=OFFSET($A$1,$R48+($S49-$R48-4),AG49+2),2+AG49, IF(OFFSET($A$1,$R48+($S49-$R48-4),AG49)=OFFSET($A$1,$R48+($S49-$R48-4),AG49+3),3+AG49,3+AG49)))),""), IF(AND($S49-$R48>2,COUNTIF(OFFSET($A$1,$R48+($S49-$R48-3),0),"<>*テキスト*")), IFERROR(IF(OFFSET($A$1,$R48+($S49-$R48-3),AG49)=0,"", IF(OFFSET($A$1,$R48+($S49-$R48-3),AG49)=OFFSET($A$1,$R48+($S49-$R48-3),AG49+1),1+AG49, IF(OFFSET($A$1,$R48+($S49-$R48-3),AG49)=OFFSET($A$1,$R48+($S49-$R48-3),AG49+2),2+AG49, IF(OFFSET($A$1,$R48+($S49-$R48-3),AG49)=OFFSET($A$1,$R48+($S49-$R48-3),AG49+3),3+AG49,3+AG49)))),""), IF(COUNTIF(OFFSET($A$1,$R48+($S49-$R48-2),AG49),"*様*"),1+AG49, IF(COUNTIF(OFFSET($A$1,$R48+($S49-$R48-2),AG49+1),"*様*"),2+AG49, IF(COUNTIF(OFFSET($A$1,$R48+($S49-$R48-2),AG49+2),"*様*"),3+AG49,4+AG49))))),"") | AI49: =IF(R49<>"", IF(AG49<>"","", IF(COUNTIF(OFFSET($A$1,$R48+($S49-$R48-3),0),"*様*"),1, IF(COUNTIF(OFFSET($A$1,$R48+($S49-$R48-3),1),"*様*"),2, IF(COUNTIF(OFFSET($A$1,$R48+($S49-$R48-3),2),"*様*"),3,4)))),"") | AJ49: =IF(R49<>"", IF(AH49<>"","", IF(AI49<>"", IF(COUNTIF(OFFSET($A$1,$R48+($S49-$R48-3),AI49),"*様*"),1+AI49, IF(COUNTIF(OFFSET($A$1,$R48+($S49-$R48-3),AI49+1),"*様*"),2+AI49, IF(COUNTIF(OFFSET($A$1,$R48+($S49-$R48-3),AI49+2),"*様*"),3+AI49,4+AI49))), IF(COUNTIF(OFFSET($A$1,$R48+($S49-$R48-3),0),"*様*"),1, IF(COUNTIF(OFFSET($A$1,$R48+($S49-$R48-3),1),"*様*"),2, IF(COUNTIF(OFFSET($A$1,$R48+($S49-$R48-3),2),"*様*"),3,4))))),"")
O50: =IF(COUNTIF(A50,"*/*"),ROW(),0) -> 0 | P50: =IF(O50<>0,O50-1,0) -> 0 | R50: {=IFERROR(_xlfn.AGGREGATE(15, 6, ($O$2:$O$350)/($O$2:$O$350<>0), ROWS($R$2:R50)), "")} | S50: {=IFERROR(_xlfn.AGGREGATE(15, 6, ($P$2:$P$350)/($P$2:$P$350<>0), ROWS($R$2:R50)), "")} | U50: =IF(R50<>"", IF(COUNTIF(OFFSET($A$1,$R50-1,0),"*/*"), IF(COUNTIF(OFFSET($A$1,$R50-1,1),"*/*"),"",2),1),"") | V50: =IF(R50<>"",IF(U50<>"", IF(COUNTIF(OFFSET($A$1,$R50-1,U50),"*/*"), IF(COUNTIF(OFFSET($A$1,$R50-1,U50+1),"*/*"),"",U50+2),U50+1), IF(COUNTIF(OFFSET($A$1,$R50-1,1),"*/*"), IF(COUNTIF(OFFSET($A$1,$R50-1,1+1),"*/*"),"",1+2),1+1)),"") | W50: =IF(R50<>"",IF(V50<>"", IF(COUNTIF(OFFSET($A$1,$R50-1,V50),"*/*"), IF(COUNTIF(OFFSET($A$1,$R50-1,V50+1),"*/*"),"",V50+2),V50+1), IF(COUNTIF(OFFSET($A$1,$R50-1,2),"*/*"), IF(COUNTIF(OFFSET($A$1,$R50-1,2+1),"*/*"),"",2+2),2+1)),"") | X50: =IF(R50<>"",IF(W50<>"", IF(COUNTIF(OFFSET($A$1,$R50-1,W50),"*/*"), IF(COUNTIF(OFFSET($A$1,$R50-1,W50+1),"*/*"),"",W50+2),W50+1), IF(COUNTIF(OFFSET($A$1,$R50-1,5),"*/*"), IF(COUNTIF(OFFSET($A$1,$R50-1,5+1),"*/*"),"", IF(OFFSET($A$1,R50-1,5+2-1)=0,"",5+2)),IF(OFFSET($A$1,R50-1,5+1-1)=0,"",5+1))),"") | Z50: =IF(S50<>"", IF(COUNTIF(OFFSET($A$1,$S50-1,0),"*g*"), 1,IF(COUNTIF(OFFSET($A$1,$S50-1,1),"*g*"),2, IF(OFFSET($A$1,$S50-1,0)=".","", IF(OFFSET($A$1,$S50-1,0)=OFFSET($A$1,$S50-1,1),1,2)))),"") | AA50: =IFERROR(IF(S50<>"", IF(Z50<>"", IF(COUNTIF(OFFSET($A$1,$S50-1,Z50),"*g*"), Z50,IF(COUNTIF(OFFSET($A$1,$S50-1,Z50+1),"*g*"),Z50+2, IF(OFFSET($A$1,$S50-1,Z50)=".","", IF(OFFSET($A$1,$S50-1,Z50)=OFFSET($A$1,$S50-1,Z50+1),Z50+1,Z50+2)))), IF(COUNTIF(OFFSET($A$1,$S50-1,2),"*g*"), 2,IF(COUNTIF(OFFSET($A$1,$S50-1,2+1),"*g*"),2+2, IF(OFFSET($A$1,$S50-1,2)=".","", IF(OFFSET($A$1,$S50-1,2)=OFFSET($A$1,$S50-1,2+1), IF(OFFSET($A$1,$S50-1,2+1)=0,"",2+1), IF(OFFSET($A$1,$S50-1,2)<>"",2, IF(OFFSET($A$1,$S50-1,2+1)<>"",2+1,""))))))),""),"") | AB50: =IFERROR(IF(S50<>"", IF(COUNTIF(OFFSET($A$1,$S50-1,AA50),"*g*"), AA50,IF(COUNTIF(OFFSET($A$1,$S50-1,AA50+1),"*g*"),AA50+2, IF(OFFSET($A$1,$S50-1,AA50)=".","", IF(OFFSET($A$1,$S50-1,AA50)=OFFSET($A$1,$S50-1,AA50+1),AA50+1,AA50+2)))),""),"") | AC50: =IFERROR(IF(S50<>"", IF(COUNTIF(OFFSET($A$1,$S50-1,AB50),"*g*"), AB50,IF(COUNTIF(OFFSET($A$1,$S50-1,AB50+1),"*g*"),AB50+2, IF(OFFSET($A$1,$S50-1,AB50)=".","", IF(OFFSET($A$1,$S50-1,AB50)=OFFSET($A$1,$S50-1,AB50+1),AB50+1, IF(OFFSET($A$1,$S50-1,AB50+1)<>0,AB50+2, IF(OFFSET($A$1,$S50-1,AB50)<>0,AB50+1,"")))))),""),"") | AE50: =IF(R50<>"", IF(AND($S50-$R49>3,COUNTIF(OFFSET($A$1,$R49+($S50-$R49-4),0),"<>*テキスト*")), IF(OFFSET($A$1,$R49+($S50-$R49-4),0)=OFFSET($A$1,$R49+($S50-$R49-4),1),1, IF(OFFSET($A$1,$R49+($S50-$R49-4),0)=OFFSET($A$1,$R49+($S50-$R49-4),2),2, IF(OFFSET($A$1,$R49+($S50-$R49-4),0)=OFFSET($A$1,$R49+($S50-$R49-4),3),3,4))), IF(AND($S50-$R49>2,COUNTIF(OFFSET($A$1,$R49+($S50-$R49-3),0),"<>*テキスト*")), IF(OFFSET($A$1,$R49+($S50-$R49-3),0)=OFFSET($A$1,$R49+($S50-$R49-3),1),1, IF(OFFSET($A$1,$R49+($S50-$R49-3),0)=OFFSET($A$1,$R49+($S50-$R49-3),2),2, IF(OFFSET($A$1,$R49+($S50-$R49-3),0)=OFFSET($A$1,$R49+($S50-$R49-3),3),3,4))), IF(COUNTIF(OFFSET($A$1,$R49+($S50-$R49-2),0),"*様*"),1, IF(COUNTIF(OFFSET($A$1,$R49+($S50-$R49-2),1),"*様*"),2, IF(COUNTIF(OFFSET($A$1,$R49+($S50-$R49-2),2),"*様*"),3,4))))),"") | AF50: =IF(R50<>"", IF(AND($S50-$R49>3,COUNTIF(OFFSET($A$1,$R49+($S50-$R49-4),0),"<>*テキスト*")), IFERROR(IF(OFFSET($A$1,$R49+($S50-$R49-4),AE50)=0,"", IF(OFFSET($A$1,$R49+($S50-$R49-4),AE50)=OFFSET($A$1,$R49+($S50-$R49-4),AE50+1),1+AE50, IF(OFFSET($A$1,$R49+($S50-$R49-4),AE50)=OFFSET($A$1,$R49+($S50-$R49-4),AE50+2),2+AE50, IF(OFFSET($A$1,$R49+($S50-$R49-4),AE50)=OFFSET($A$1,$R49+($S50-$R49-4),AE50+3),3+AE50,3+AE50)))),""), IF(AND($S50-$R49>2,COUNTIF(OFFSET($A$1,$R49+($S50-$R49-3),0),"<>*テキスト*")), IFERROR(IF(OFFSET($A$1,$R49+($S50-$R49-3),AE50)=0,"", IF(OFFSET($A$1,$R49+($S50-$R49-3),AE50)=OFFSET($A$1,$R49+($S50-$R49-3),AE50+1),1+AE50, IF(OFFSET($A$1,$R49+($S50-$R49-3),AE50)=OFFSET($A$1,$R49+($S50-$R49-3),AE50+2),2+AE50, IF(OFFSET($A$1,$R49+($S50-$R49-3),AE50)=OFFSET($A$1,$R49+($S50-$R49-3),AE50+3),3+AE50,3+AE50)))),""), IF(COUNTIF(OFFSET($A$1,$R49+($S50-$R49-2),AE50),"*様*"),1+AE50, IF(COUNTIF(OFFSET($A$1,$R49+($S50-$R49-2),AE50+1),"*様*"),2+AE50, IF(COUNTIF(OFFSET($A$1,$R49+($S50-$R49-2),AE50+2),"*様*"),3+AE50,4+AE50))))),"") | AG50: =IF(R50<>"", IF(AND($S50-$R49>3,COUNTIF(OFFSET($A$1,$R49+($S50-$R49-4),0),"<>*テキスト*")), IFERROR(IF(OFFSET($A$1,$R49+($S50-$R49-4),AF50)=0,"", IF(OFFSET($A$1,$R49+($S50-$R49-4),AF50)=OFFSET($A$1,$R49+($S50-$R49-4),AF50+1),1+AF50, IF(OFFSET($A$1,$R49+($S50-$R49-4),AF50)=OFFSET($A$1,$R49+($S50-$R49-4),AF50+2),2+AF50, IF(OFFSET($A$1,$R49+($S50-$R49-4),AF50)=OFFSET($A$1,$R49+($S50-$R49-4),AF50+3),3+AF50,3+AF50)))),""), IF(AND($S50-$R49>2,COUNTIF(OFFSET($A$1,$R49+($S50-$R49-3),0),"<>*テキスト*")), IFERROR(IF(OFFSET($A$1,$R49+($S50-$R49-3),AF50)=0,"", IF(OFFSET($A$1,$R49+($S50-$R49-3),AF50)=OFFSET($A$1,$R49+($S50-$R49-3),AF50+1),1+AF50, IF(OFFSET($A$1,$R49+($S50-$R49-3),AF50)=OFFSET($A$1,$R49+($S50-$R49-3),AF50+2),2+AF50, IF(OFFSET($A$1,$R49+($S50-$R49-3),AF50)=OFFSET($A$1,$R49+($S50-$R49-3),AF50+3),3+AF50,3+AF50)))),""), IF(COUNTIF(OFFSET($A$1,$R49+($S50-$R49-2),AF50),"*様*"),1+AF50, IF(COUNTIF(OFFSET($A$1,$R49+($S50-$R49-2),AF50+1),"*様*"),2+AF50, IF(COUNTIF(OFFSET($A$1,$R49+($S50-$R49-2),AF50+2),"*様*"),3+AF50,4+AF50))))),"") | AH50: =IF(R50<>"", IF(AND($S50-$R49>3,COUNTIF(OFFSET($A$1,$R49+($S50-$R49-4),0),"<>*テキスト*")), IFERROR(IF(OFFSET($A$1,$R49+($S50-$R49-4),AG50)=0,"", IF(OFFSET($A$1,$R49+($S50-$R49-4),AG50)=OFFSET($A$1,$R49+($S50-$R49-4),AG50+1),1+AG50, IF(OFFSET($A$1,$R49+($S50-$R49-4),AG50)=OFFSET($A$1,$R49+($S50-$R49-4),AG50+2),2+AG50, IF(OFFSET($A$1,$R49+($S50-$R49-4),AG50)=OFFSET($A$1,$R49+($S50-$R49-4),AG50+3),3+AG50,3+AG50)))),""), IF(AND($S50-$R49>2,COUNTIF(OFFSET($A$1,$R49+($S50-$R49-3),0),"<>*テキスト*")), IFERROR(IF(OFFSET($A$1,$R49+($S50-$R49-3),AG50)=0,"", IF(OFFSET($A$1,$R49+($S50-$R49-3),AG50)=OFFSET($A$1,$R49+($S50-$R49-3),AG50+1),1+AG50, IF(OFFSET($A$1,$R49+($S50-$R49-3),AG50)=OFFSET($A$1,$R49+($S50-$R49-3),AG50+2),2+AG50, IF(OFFSET($A$1,$R49+($S50-$R49-3),AG50)=OFFSET($A$1,$R49+($S50-$R49-3),AG50+3),3+AG50,3+AG50)))),""), IF(COUNTIF(OFFSET($A$1,$R49+($S50-$R49-2),AG50),"*様*"),1+AG50, IF(COUNTIF(OFFSET($A$1,$R49+($S50-$R49-2),AG50+1),"*様*"),2+AG50, IF(COUNTIF(OFFSET($A$1,$R49+($S50-$R49-2),AG50+2),"*様*"),3+AG50,4+AG50))))),"") | AI50: =IF(R50<>"", IF(AG50<>"","", IF(COUNTIF(OFFSET($A$1,$R49+($S50-$R49-3),0),"*様*"),1, IF(COUNTIF(OFFSET($A$1,$R49+($S50-$R49-3),1),"*様*"),2, IF(COUNTIF(OFFSET($A$1,$R49+($S50-$R49-3),2),"*様*"),3,4)))),"") | AJ50: =IF(R50<>"", IF(AH50<>"","", IF(AI50<>"", IF(COUNTIF(OFFSET($A$1,$R49+($S50-$R49-3),AI50),"*様*"),1+AI50, IF(COUNTIF(OFFSET($A$1,$R49+($S50-$R49-3),AI50+1),"*様*"),2+AI50, IF(COUNTIF(OFFSET($A$1,$R49+($S50-$R49-3),AI50+2),"*様*"),3+AI50,4+AI50))), IF(COUNTIF(OFFSET($A$1,$R49+($S50-$R49-3),0),"*様*"),1, IF(COUNTIF(OFFSET($A$1,$R49+($S50-$R49-3),1),"*様*"),2, IF(COUNTIF(OFFSET($A$1,$R49+($S50-$R49-3),2),"*様*"),3,4))))),"")
O51: =IF(COUNTIF(A51,"*/*"),ROW(),0) -> 0 | P51: =IF(O51<>0,O51-1,0) -> 0 | R51: {=IFERROR(_xlfn.AGGREGATE(15, 6, ($O$2:$O$350)/($O$2:$O$350<>0), ROWS($R$2:R51)), "")} | S51: {=IFERROR(_xlfn.AGGREGATE(15, 6, ($P$2:$P$350)/($P$2:$P$350<>0), ROWS($R$2:R51)), "")} | U51: =IF(R51<>"", IF(COUNTIF(OFFSET($A$1,$R51-1,0),"*/*"), IF(COUNTIF(OFFSET($A$1,$R51-1,1),"*/*"),"",2),1),"") | V51: =IF(R51<>"",IF(U51<>"", IF(COUNTIF(OFFSET($A$1,$R51-1,U51),"*/*"), IF(COUNTIF(OFFSET($A$1,$R51-1,U51+1),"*/*"),"",U51+2),U51+1), IF(COUNTIF(OFFSET($A$1,$R51-1,1),"*/*"), IF(COUNTIF(OFFSET($A$1,$R51-1,1+1),"*/*"),"",1+2),1+1)),"") | W51: =IF(R51<>"",IF(V51<>"", IF(COUNTIF(OFFSET($A$1,$R51-1,V51),"*/*"), IF(COUNTIF(OFFSET($A$1,$R51-1,V51+1),"*/*"),"",V51+2),V51+1), IF(COUNTIF(OFFSET($A$1,$R51-1,2),"*/*"), IF(COUNTIF(OFFSET($A$1,$R51-1,2+1),"*/*"),"",2+2),2+1)),"") | X51: =IF(R51<>"",IF(W51<>"", IF(COUNTIF(OFFSET($A$1,$R51-1,W51),"*/*"), IF(COUNTIF(OFFSET($A$1,$R51-1,W51+1),"*/*"),"",W51+2),W51+1), IF(COUNTIF(OFFSET($A$1,$R51-1,5),"*/*"), IF(COUNTIF(OFFSET($A$1,$R51-1,5+1),"*/*"),"", IF(OFFSET($A$1,R51-1,5+2-1)=0,"",5+2)),IF(OFFSET($A$1,R51-1,5+1-1)=0,"",5+1))),"") | Z51: =IF(S51<>"", IF(COUNTIF(OFFSET($A$1,$S51-1,0),"*g*"), 1,IF(COUNTIF(OFFSET($A$1,$S51-1,1),"*g*"),2, IF(OFFSET($A$1,$S51-1,0)=".","", IF(OFFSET($A$1,$S51-1,0)=OFFSET($A$1,$S51-1,1),1,2)))),"") | AA51: =IFERROR(IF(S51<>"", IF(Z51<>"", IF(COUNTIF(OFFSET($A$1,$S51-1,Z51),"*g*"), Z51,IF(COUNTIF(OFFSET($A$1,$S51-1,Z51+1),"*g*"),Z51+2, IF(OFFSET($A$1,$S51-1,Z51)=".","", IF(OFFSET($A$1,$S51-1,Z51)=OFFSET($A$1,$S51-1,Z51+1),Z51+1,Z51+2)))), IF(COUNTIF(OFFSET($A$1,$S51-1,2),"*g*"), 2,IF(COUNTIF(OFFSET($A$1,$S51-1,2+1),"*g*"),2+2, IF(OFFSET($A$1,$S51-1,2)=".","", IF(OFFSET($A$1,$S51-1,2)=OFFSET($A$1,$S51-1,2+1), IF(OFFSET($A$1,$S51-1,2+1)=0,"",2+1), IF(OFFSET($A$1,$S51-1,2)<>"",2, IF(OFFSET($A$1,$S51-1,2+1)<>"",2+1,""))))))),""),"") | AB51: =IFERROR(IF(S51<>"", IF(COUNTIF(OFFSET($A$1,$S51-1,AA51),"*g*"), AA51,IF(COUNTIF(OFFSET($A$1,$S51-1,AA51+1),"*g*"),AA51+2, IF(OFFSET($A$1,$S51-1,AA51)=".","", IF(OFFSET($A$1,$S51-1,AA51)=OFFSET($A$1,$S51-1,AA51+1),AA51+1,AA51+2)))),""),"") | AC51: =IFERROR(IF(S51<>"", IF(COUNTIF(OFFSET($A$1,$S51-1,AB51),"*g*"), AB51,IF(COUNTIF(OFFSET($A$1,$S51-1,AB51+1),"*g*"),AB51+2, IF(OFFSET($A$1,$S51-1,AB51)=".","", IF(OFFSET($A$1,$S51-1,AB51)=OFFSET($A$1,$S51-1,AB51+1),AB51+1, IF(OFFSET($A$1,$S51-1,AB51+1)<>0,AB51+2, IF(OFFSET($A$1,$S51-1,AB51)<>0,AB51+1,"")))))),""),"") | AE51: =IF(R51<>"", IF(AND($S51-$R50>3,COUNTIF(OFFSET($A$1,$R50+($S51-$R50-4),0),"<>*テキスト*")), IF(OFFSET($A$1,$R50+($S51-$R50-4),0)=OFFSET($A$1,$R50+($S51-$R50-4),1),1, IF(OFFSET($A$1,$R50+($S51-$R50-4),0)=OFFSET($A$1,$R50+($S51-$R50-4),2),2, IF(OFFSET($A$1,$R50+($S51-$R50-4),0)=OFFSET($A$1,$R50+($S51-$R50-4),3),3,4))), IF(AND($S51-$R50>2,COUNTIF(OFFSET($A$1,$R50+($S51-$R50-3),0),"<>*テキスト*")), IF(OFFSET($A$1,$R50+($S51-$R50-3),0)=OFFSET($A$1,$R50+($S51-$R50-3),1),1, IF(OFFSET($A$1,$R50+($S51-$R50-3),0)=OFFSET($A$1,$R50+($S51-$R50-3),2),2, IF(OFFSET($A$1,$R50+($S51-$R50-3),0)=OFFSET($A$1,$R50+($S51-$R50-3),3),3,4))), IF(COUNTIF(OFFSET($A$1,$R50+($S51-$R50-2),0),"*様*"),1, IF(COUNTIF(OFFSET($A$1,$R50+($S51-$R50-2),1),"*様*"),2, IF(COUNTIF(OFFSET($A$1,$R50+($S51-$R50-2),2),"*様*"),3,4))))),"") | AF51: =IF(R51<>"", IF(AND($S51-$R50>3,COUNTIF(OFFSET($A$1,$R50+($S51-$R50-4),0),"<>*テキスト*")), IFERROR(IF(OFFSET($A$1,$R50+($S51-$R50-4),AE51)=0,"", IF(OFFSET($A$1,$R50+($S51-$R50-4),AE51)=OFFSET($A$1,$R50+($S51-$R50-4),AE51+1),1+AE51, IF(OFFSET($A$1,$R50+($S51-$R50-4),AE51)=OFFSET($A$1,$R50+($S51-$R50-4),AE51+2),2+AE51, IF(OFFSET($A$1,$R50+($S51-$R50-4),AE51)=OFFSET($A$1,$R50+($S51-$R50-4),AE51+3),3+AE51,3+AE51)))),""), IF(AND($S51-$R50>2,COUNTIF(OFFSET($A$1,$R50+($S51-$R50-3),0),"<>*テキスト*")), IFERROR(IF(OFFSET($A$1,$R50+($S51-$R50-3),AE51)=0,"", IF(OFFSET($A$1,$R50+($S51-$R50-3),AE51)=OFFSET($A$1,$R50+($S51-$R50-3),AE51+1),1+AE51, IF(OFFSET($A$1,$R50+($S51-$R50-3),AE51)=OFFSET($A$1,$R50+($S51-$R50-3),AE51+2),2+AE51, IF(OFFSET($A$1,$R50+($S51-$R50-3),AE51)=OFFSET($A$1,$R50+($S51-$R50-3),AE51+3),3+AE51,3+AE51)))),""), IF(COUNTIF(OFFSET($A$1,$R50+($S51-$R50-2),AE51),"*様*"),1+AE51, IF(COUNTIF(OFFSET($A$1,$R50+($S51-$R50-2),AE51+1),"*様*"),2+AE51, IF(COUNTIF(OFFSET($A$1,$R50+($S51-$R50-2),AE51+2),"*様*"),3+AE51,4+AE51))))),"") | AG51: =IF(R51<>"", IF(AND($S51-$R50>3,COUNTIF(OFFSET($A$1,$R50+($S51-$R50-4),0),"<>*テキスト*")), IFERROR(IF(OFFSET($A$1,$R50+($S51-$R50-4),AF51)=0,"", IF(OFFSET($A$1,$R50+($S51-$R50-4),AF51)=OFFSET($A$1,$R50+($S51-$R50-4),AF51+1),1+AF51, IF(OFFSET($A$1,$R50+($S51-$R50-4),AF51)=OFFSET($A$1,$R50+($S51-$R50-4),AF51+2),2+AF51, IF(OFFSET($A$1,$R50+($S51-$R50-4),AF51)=OFFSET($A$1,$R50+($S51-$R50-4),AF51+3),3+AF51,3+AF51)))),""), IF(AND($S51-$R50>2,COUNTIF(OFFSET($A$1,$R50+($S51-$R50-3),0),"<>*テキスト*")), IFERROR(IF(OFFSET($A$1,$R50+($S51-$R50-3),AF51)=0,"", IF(OFFSET($A$1,$R50+($S51-$R50-3),AF51)=OFFSET($A$1,$R50+($S51-$R50-3),AF51+1),1+AF51, IF(OFFSET($A$1,$R50+($S51-$R50-3),AF51)=OFFSET($A$1,$R50+($S51-$R50-3),AF51+2),2+AF51, IF(OFFSET($A$1,$R50+($S51-$R50-3),AF51)=OFFSET($A$1,$R50+($S51-$R50-3),AF51+3),3+AF51,3+AF51)))),""), IF(COUNTIF(OFFSET($A$1,$R50+($S51-$R50-2),AF51),"*様*"),1+AF51, IF(COUNTIF(OFFSET($A$1,$R50+($S51-$R50-2),AF51+1),"*様*"),2+AF51, IF(COUNTIF(OFFSET($A$1,$R50+($S51-$R50-2),AF51+2),"*様*"),3+AF51,4+AF51))))),"") | AH51: =IF(R51<>"", IF(AND($S51-$R50>3,COUNTIF(OFFSET($A$1,$R50+($S51-$R50-4),0),"<>*テキスト*")), IFERROR(IF(OFFSET($A$1,$R50+($S51-$R50-4),AG51)=0,"", IF(OFFSET($A$1,$R50+($S51-$R50-4),AG51)=OFFSET($A$1,$R50+($S51-$R50-4),AG51+1),1+AG51, IF(OFFSET($A$1,$R50+($S51-$R50-4),AG51)=OFFSET($A$1,$R50+($S51-$R50-4),AG51+2),2+AG51, IF(OFFSET($A$1,$R50+($S51-$R50-4),AG51)=OFFSET($A$1,$R50+($S51-$R50-4),AG51+3),3+AG51,3+AG51)))),""), IF(AND($S51-$R50>2,COUNTIF(OFFSET($A$1,$R50+($S51-$R50-3),0),"<>*テキスト*")), IFERROR(IF(OFFSET($A$1,$R50+($S51-$R50-3),AG51)=0,"", IF(OFFSET($A$1,$R50+($S51-$R50-3),AG51)=OFFSET($A$1,$R50+($S51-$R50-3),AG51+1),1+AG51, IF(OFFSET($A$1,$R50+($S51-$R50-3),AG51)=OFFSET($A$1,$R50+($S51-$R50-3),AG51+2),2+AG51, IF(OFFSET($A$1,$R50+($S51-$R50-3),AG51)=OFFSET($A$1,$R50+($S51-$R50-3),AG51+3),3+AG51,3+AG51)))),""), IF(COUNTIF(OFFSET($A$1,$R50+($S51-$R50-2),AG51),"*様*"),1+AG51, IF(COUNTIF(OFFSET($A$1,$R50+($S51-$R50-2),AG51+1),"*様*"),2+AG51, IF(COUNTIF(OFFSET($A$1,$R50+($S51-$R50-2),AG51+2),"*様*"),3+AG51,4+AG51))))),"") | AI51: =IF(R51<>"", IF(AG51<>"","", IF(COUNTIF(OFFSET($A$1,$R50+($S51-$R50-3),0),"*様*"),1, IF(COUNTIF(OFFSET($A$1,$R50+($S51-$R50-3),1),"*様*"),2, IF(COUNTIF(OFFSET($A$1,$R50+($S51-$R50-3),2),"*様*"),3,4)))),"") | AJ51: =IF(R51<>"", IF(AH51<>"","", IF(AI51<>"", IF(COUNTIF(OFFSET($A$1,$R50+($S51-$R50-3),AI51),"*様*"),1+AI51, IF(COUNTIF(OFFSET($A$1,$R50+($S51-$R50-3),AI51+1),"*様*"),2+AI51, IF(COUNTIF(OFFSET($A$1,$R50+($S51-$R50-3),AI51+2),"*様*"),3+AI51,4+AI51))), IF(COUNTIF(OFFSET($A$1,$R50+($S51-$R50-3),0),"*様*"),1, IF(COUNTIF(OFFSET($A$1,$R50+($S51-$R50-3),1),"*様*"),2, IF(COUNTIF(OFFSET($A$1,$R50+($S51-$R50-3),2),"*様*"),3,4))))),"")
O52: =IF(COUNTIF(A52,"*/*"),ROW(),0) -> 0 | P52: =IF(O52<>0,O52-1,0) -> 0 | R52: {=IFERROR(_xlfn.AGGREGATE(15, 6, ($O$2:$O$350)/($O$2:$O$350<>0), ROWS($R$2:R52)), "")} | S52: {=IFERROR(_xlfn.AGGREGATE(15, 6, ($P$2:$P$350)/($P$2:$P$350<>0), ROWS($R$2:R52)), "")} | U52: =IF(R52<>"", IF(COUNTIF(OFFSET($A$1,$R52-1,0),"*/*"), IF(COUNTIF(OFFSET($A$1,$R52-1,1),"*/*"),"",2),1),"") | V52: =IF(R52<>"",IF(U52<>"", IF(COUNTIF(OFFSET($A$1,$R52-1,U52),"*/*"), IF(COUNTIF(OFFSET($A$1,$R52-1,U52+1),"*/*"),"",U52+2),U52+1), IF(COUNTIF(OFFSET($A$1,$R52-1,1),"*/*"), IF(COUNTIF(OFFSET($A$1,$R52-1,1+1),"*/*"),"",1+2),1+1)),"") | W52: =IF(R52<>"",IF(V52<>"", IF(COUNTIF(OFFSET($A$1,$R52-1,V52),"*/*"), IF(COUNTIF(OFFSET($A$1,$R52-1,V52+1),"*/*"),"",V52+2),V52+1), IF(COUNTIF(OFFSET($A$1,$R52-1,2),"*/*"), IF(COUNTIF(OFFSET($A$1,$R52-1,2+1),"*/*"),"",2+2),2+1)),"") | X52: =IF(R52<>"",IF(W52<>"", IF(COUNTIF(OFFSET($A$1,$R52-1,W52),"*/*"), IF(COUNTIF(OFFSET($A$1,$R52-1,W52+1),"*/*"),"",W52+2),W52+1), IF(COUNTIF(OFFSET($A$1,$R52-1,5),"*/*"), IF(COUNTIF(OFFSET($A$1,$R52-1,5+1),"*/*"),"", IF(OFFSET($A$1,R52-1,5+2-1)=0,"",5+2)),IF(OFFSET($A$1,R52-1,5+1-1)=0,"",5+1))),"") | Z52: =IF(S52<>"", IF(COUNTIF(OFFSET($A$1,$S52-1,0),"*g*"), 1,IF(COUNTIF(OFFSET($A$1,$S52-1,1),"*g*"),2, IF(OFFSET($A$1,$S52-1,0)=".","", IF(OFFSET($A$1,$S52-1,0)=OFFSET($A$1,$S52-1,1),1,2)))),"") | AA52: =IFERROR(IF(S52<>"", IF(Z52<>"", IF(COUNTIF(OFFSET($A$1,$S52-1,Z52),"*g*"), Z52,IF(COUNTIF(OFFSET($A$1,$S52-1,Z52+1),"*g*"),Z52+2, IF(OFFSET($A$1,$S52-1,Z52)=".","", IF(OFFSET($A$1,$S52-1,Z52)=OFFSET($A$1,$S52-1,Z52+1),Z52+1,Z52+2)))), IF(COUNTIF(OFFSET($A$1,$S52-1,2),"*g*"), 2,IF(COUNTIF(OFFSET($A$1,$S52-1,2+1),"*g*"),2+2, IF(OFFSET($A$1,$S52-1,2)=".","", IF(OFFSET($A$1,$S52-1,2)=OFFSET($A$1,$S52-1,2+1), IF(OFFSET($A$1,$S52-1,2+1)=0,"",2+1), IF(OFFSET($A$1,$S52-1,2)<>"",2, IF(OFFSET($A$1,$S52-1,2+1)<>"",2+1,""))))))),""),"") | AB52: =IFERROR(IF(S52<>"", IF(COUNTIF(OFFSET($A$1,$S52-1,AA52),"*g*"), AA52,IF(COUNTIF(OFFSET($A$1,$S52-1,AA52+1),"*g*"),AA52+2, IF(OFFSET($A$1,$S52-1,AA52)=".","", IF(OFFSET($A$1,$S52-1,AA52)=OFFSET($A$1,$S52-1,AA52+1),AA52+1,AA52+2)))),""),"") | AC52: =IFERROR(IF(S52<>"", IF(COUNTIF(OFFSET($A$1,$S52-1,AB52),"*g*"), AB52,IF(COUNTIF(OFFSET($A$1,$S52-1,AB52+1),"*g*"),AB52+2, IF(OFFSET($A$1,$S52-1,AB52)=".","", IF(OFFSET($A$1,$S52-1,AB52)=OFFSET($A$1,$S52-1,AB52+1),AB52+1, IF(OFFSET($A$1,$S52-1,AB52+1)<>0,AB52+2, IF(OFFSET($A$1,$S52-1,AB52)<>0,AB52+1,"")))))),""),"") | AE52: =IF(R52<>"", IF(AND($S52-$R51>3,COUNTIF(OFFSET($A$1,$R51+($S52-$R51-4),0),"<>*テキスト*")), IF(OFFSET($A$1,$R51+($S52-$R51-4),0)=OFFSET($A$1,$R51+($S52-$R51-4),1),1, IF(OFFSET($A$1,$R51+($S52-$R51-4),0)=OFFSET($A$1,$R51+($S52-$R51-4),2),2, IF(OFFSET($A$1,$R51+($S52-$R51-4),0)=OFFSET($A$1,$R51+($S52-$R51-4),3),3,4))), IF(AND($S52-$R51>2,COUNTIF(OFFSET($A$1,$R51+($S52-$R51-3),0),"<>*テキスト*")), IF(OFFSET($A$1,$R51+($S52-$R51-3),0)=OFFSET($A$1,$R51+($S52-$R51-3),1),1, IF(OFFSET($A$1,$R51+($S52-$R51-3),0)=OFFSET($A$1,$R51+($S52-$R51-3),2),2, IF(OFFSET($A$1,$R51+($S52-$R51-3),0)=OFFSET($A$1,$R51+($S52-$R51-3),3),3,4))), IF(COUNTIF(OFFSET($A$1,$R51+($S52-$R51-2),0),"*様*"),1, IF(COUNTIF(OFFSET($A$1,$R51+($S52-$R51-2),1),"*様*"),2, IF(COUNTIF(OFFSET($A$1,$R51+($S52-$R51-2),2),"*様*"),3,4))))),"") | AF52: =IF(R52<>"", IF(AND($S52-$R51>3,COUNTIF(OFFSET($A$1,$R51+($S52-$R51-4),0),"<>*テキスト*")), IFERROR(IF(OFFSET($A$1,$R51+($S52-$R51-4),AE52)=0,"", IF(OFFSET($A$1,$R51+($S52-$R51-4),AE52)=OFFSET($A$1,$R51+($S52-$R51-4),AE52+1),1+AE52, IF(OFFSET($A$1,$R51+($S52-$R51-4),AE52)=OFFSET($A$1,$R51+($S52-$R51-4),AE52+2),2+AE52, IF(OFFSET($A$1,$R51+($S52-$R51-4),AE52)=OFFSET($A$1,$R51+($S52-$R51-4),AE52+3),3+AE52,3+AE52)))),""), IF(AND($S52-$R51>2,COUNTIF(OFFSET($A$1,$R51+($S52-$R51-3),0),"<>*テキスト*")), IFERROR(IF(OFFSET($A$1,$R51+($S52-$R51-3),AE52)=0,"", IF(OFFSET($A$1,$R51+($S52-$R51-3),AE52)=OFFSET($A$1,$R51+($S52-$R51-3),AE52+1),1+AE52, IF(OFFSET($A$1,$R51+($S52-$R51-3),AE52)=OFFSET($A$1,$R51+($S52-$R51-3),AE52+2),2+AE52, IF(OFFSET($A$1,$R51+($S52-$R51-3),AE52)=OFFSET($A$1,$R51+($S52-$R51-3),AE52+3),3+AE52,3+AE52)))),""), IF(COUNTIF(OFFSET($A$1,$R51+($S52-$R51-2),AE52),"*様*"),1+AE52, IF(COUNTIF(OFFSET($A$1,$R51+($S52-$R51-2),AE52+1),"*様*"),2+AE52, IF(COUNTIF(OFFSET($A$1,$R51+($S52-$R51-2),AE52+2),"*様*"),3+AE52,4+AE52))))),"") | AG52: =IF(R52<>"", IF(AND($S52-$R51>3,COUNTIF(OFFSET($A$1,$R51+($S52-$R51-4),0),"<>*テキスト*")), IFERROR(IF(OFFSET($A$1,$R51+($S52-$R51-4),AF52)=0,"", IF(OFFSET($A$1,$R51+($S52-$R51-4),AF52)=OFFSET($A$1,$R51+($S52-$R51-4),AF52+1),1+AF52, IF(OFFSET($A$1,$R51+($S52-$R51-4),AF52)=OFFSET($A$1,$R51+($S52-$R51-4),AF52+2),2+AF52, IF(OFFSET($A$1,$R51+($S52-$R51-4),AF52)=OFFSET($A$1,$R51+($S52-$R51-4),AF52+3),3+AF52,3+AF52)))),""), IF(AND($S52-$R51>2,COUNTIF(OFFSET($A$1,$R51+($S52-$R51-3),0),"<>*テキスト*")), IFERROR(IF(OFFSET($A$1,$R51+($S52-$R51-3),AF52)=0,"", IF(OFFSET($A$1,$R51+($S52-$R51-3),AF52)=OFFSET($A$1,$R51+($S52-$R51-3),AF52+1),1+AF52, IF(OFFSET($A$1,$R51+($S52-$R51-3),AF52)=OFFSET($A$1,$R51+($S52-$R51-3),AF52+2),2+AF52, IF(OFFSET($A$1,$R51+($S52-$R51-3),AF52)=OFFSET($A$1,$R51+($S52-$R51-3),AF52+3),3+AF52,3+AF52)))),""), IF(COUNTIF(OFFSET($A$1,$R51+($S52-$R51-2),AF52),"*様*"),1+AF52, IF(COUNTIF(OFFSET($A$1,$R51+($S52-$R51-2),AF52+1),"*様*"),2+AF52, IF(COUNTIF(OFFSET($A$1,$R51+($S52-$R51-2),AF52+2),"*様*"),3+AF52,4+AF52))))),"") | AH52: =IF(R52<>"", IF(AND($S52-$R51>3,COUNTIF(OFFSET($A$1,$R51+($S52-$R51-4),0),"<>*テキスト*")), IFERROR(IF(OFFSET($A$1,$R51+($S52-$R51-4),AG52)=0,"", IF(OFFSET($A$1,$R51+($S52-$R51-4),AG52)=OFFSET($A$1,$R51+($S52-$R51-4),AG52+1),1+AG52, IF(OFFSET($A$1,$R51+($S52-$R51-4),AG52)=OFFSET($A$1,$R51+($S52-$R51-4),AG52+2),2+AG52, IF(OFFSET($A$1,$R51+($S52-$R51-4),AG52)=OFFSET($A$1,$R51+($S52-$R51-4),AG52+3),3+AG52,3+AG52)))),""), IF(AND($S52-$R51>2,COUNTIF(OFFSET($A$1,$R51+($S52-$R51-3),0),"<>*テキスト*")), IFERROR(IF(OFFSET($A$1,$R51+($S52-$R51-3),AG52)=0,"", IF(OFFSET($A$1,$R51+($S52-$R51-3),AG52)=OFFSET($A$1,$R51+($S52-$R51-3),AG52+1),1+AG52, IF(OFFSET($A$1,$R51+($S52-$R51-3),AG52)=OFFSET($A$1,$R51+($S52-$R51-3),AG52+2),2+AG52, IF(OFFSET($A$1,$R51+($S52-$R51-3),AG52)=OFFSET($A$1,$R51+($S52-$R51-3),AG52+3),3+AG52,3+AG52)))),""), IF(COUNTIF(OFFSET($A$1,$R51+($S52-$R51-2),AG52),"*様*"),1+AG52, IF(COUNTIF(OFFSET($A$1,$R51+($S52-$R51-2),AG52+1),"*様*"),2+AG52, IF(COUNTIF(OFFSET($A$1,$R51+($S52-$R51-2),AG52+2),"*様*"),3+AG52,4+AG52))))),"") | AI52: =IF(R52<>"", IF(AG52<>"","", IF(COUNTIF(OFFSET($A$1,$R51+($S52-$R51-3),0),"*様*"),1, IF(COUNTIF(OFFSET($A$1,$R51+($S52-$R51-3),1),"*様*"),2, IF(COUNTIF(OFFSET($A$1,$R51+($S52-$R51-3),2),"*様*"),3,4)))),"") | AJ52: =IF(R52<>"", IF(AH52<>"","", IF(AI52<>"", IF(COUNTIF(OFFSET($A$1,$R51+($S52-$R51-3),AI52),"*様*"),1+AI52, IF(COUNTIF(OFFSET($A$1,$R51+($S52-$R51-3),AI52+1),"*様*"),2+AI52, IF(COUNTIF(OFFSET($A$1,$R51+($S52-$R51-3),AI52+2),"*様*"),3+AI52,4+AI52))), IF(COUNTIF(OFFSET($A$1,$R51+($S52-$R51-3),0),"*様*"),1, IF(COUNTIF(OFFSET($A$1,$R51+($S52-$R51-3),1),"*様*"),2, IF(COUNTIF(OFFSET($A$1,$R51+($S52-$R51-3),2),"*様*"),3,4))))),"")
... O350: =IF(COUNTIF(A350,"*/*"),ROW(),0) -> 0 | P350: =IF(O350<>0,O350-1,0) -> 0 | R350: {=IFERROR(_xlfn.AGGREGATE(15, 6, ($O$2:$O$350)/($O$2:$O$350<>0), ROWS($R$2:R350)), "")} | S350: {=IFERROR(_xlfn.AGGREGATE(15, 6, ($P$2:$P$350)/($P$2:$P$350<>0), ROWS($R$2:R350)), "")} | U350: =IF(R350<>"", IF(COUNTIF(OFFSET($A$1,$R350-1,0),"*/*"), IF(COUNTIF(OFFSET($A$1,$R350-1,1),"*/*"),"",2),1),"") | V350: =IF(R350<>"",IF(U350<>"", IF(COUNTIF(OFFSET($A$1,$R350-1,U350),"*/*"), IF(COUNTIF(OFFSET($A$1,$R350-1,U350+1),"*/*"),"",U350+2),U350+1), IF(COUNTIF(OFFSET($A$1,$R350-1,1),"*/*"), IF(COUNTIF(OFFSET($A$1,$R350-1,1+1),"*/*"),"",1+2),1+1)),"") | W350: =IF(R350<>"",IF(V350<>"", IF(COUNTIF(OFFSET($A$1,$R350-1,V350),"*/*"), IF(COUNTIF(OFFSET($A$1,$R350-1,V350+1),"*/*"),"",V350+2),V350+1), IF(COUNTIF(OFFSET($A$1,$R350-1,2),"*/*"), IF(COUNTIF(OFFSET($A$1,$R350-1,2+1),"*/*"),"",2+2),2+1)),"") | X350: =IF(R350<>"",IF(W350<>"", IF(COUNTIF(OFFSET($A$1,$R350-1,W350),"*/*"), IF(COUNTIF(OFFSET($A$1,$R350-1,W350+1),"*/*"),"",W350+2),W350+1), IF(COUNTIF(OFFSET($A$1,$R350-1,5),"*/*"), IF(COUNTIF(OFFSET($A$1,$R350-1,5+1),"*/*"),"", IF(OFFSET($A$1,R350-1,5+2-1)=0,"",5+2)),IF(OFFSET($A$1,R350-1,5+1-1)=0,"",5+1))),"") | Z350: =IF(S350<>"", IF(COUNTIF(OFFSET($A$1,$S350-1,0),"*g*"), 1,IF(COUNTIF(OFFSET($A$1,$S350-1,1),"*g*"),2, IF(OFFSET($A$1,$S350-1,0)=".","", IF(OFFSET($A$1,$S350-1,0)=OFFSET($A$1,$S350-1,1),1,2)))),"") | AA350: =IFERROR(IF(S350<>"", IF(Z350<>"", IF(COUNTIF(OFFSET($A$1,$S350-1,Z350),"*g*"), Z350,IF(COUNTIF(OFFSET($A$1,$S350-1,Z350+1),"*g*"),Z350+2, IF(OFFSET($A$1,$S350-1,Z350)=".","", IF(OFFSET($A$1,$S350-1,Z350)=OFFSET($A$1,$S350-1,Z350+1),Z350+1,Z350+2)))), IF(COUNTIF(OFFSET($A$1,$S350-1,2),"*g*"), 2,IF(COUNTIF(OFFSET($A$1,$S350-1,2+1),"*g*"),2+2, IF(OFFSET($A$1,$S350-1,2)=".","", IF(OFFSET($A$1,$S350-1,2)=OFFSET($A$1,$S350-1,2+1), IF(OFFSET($A$1,$S350-1,2+1)=0,"",2+1), IF(OFFSET($A$1,$S350-1,2)<>"",2, IF(OFFSET($A$1,$S350-1,2+1)<>"",2+1,""))))))),""),"") | AB350: =IFERROR(IF(S350<>"", IF(COUNTIF(OFFSET($A$1,$S350-1,AA350),"*g*"), AA350,IF(COUNTIF(OFFSET($A$1,$S350-1,AA350+1),"*g*"),AA350+2, IF(OFFSET($A$1,$S350-1,AA350)=".","", IF(OFFSET($A$1,$S350-1,AA350)=OFFSET($A$1,$S350-1,AA350+1),AA350+1,AA350+2)))),""),"") | AC350: =IFERROR(IF(S350<>"", IF(COUNTIF(OFFSET($A$1,$S350-1,AB350),"*g*"), AB350,IF(COUNTIF(OFFSET($A$1,$S350-1,AB350+1),"*g*"),AB350+2, IF(OFFSET($A$1,$S350-1,AB350)=".","", IF(OFFSET($A$1,$S350-1,AB350)=OFFSET($A$1,$S350-1,AB350+1),AB350+1, IF(OFFSET($A$1,$S350-1,AB350+1)<>0,AB350+2, IF(OFFSET($A$1,$S350-1,AB350)<>0,AB350+1,"")))))),""),"") | AE350: =IF(R350<>"", IF(AND($S350-$R349>3,COUNTIF(OFFSET($A$1,$R349+($S350-$R349-4),0),"<>*テキスト*")), IF(OFFSET($A$1,$R349+($S350-$R349-4),0)=OFFSET($A$1,$R349+($S350-$R349-4),1),1, IF(OFFSET($A$1,$R349+($S350-$R349-4),0)=OFFSET($A$1,$R349+($S350-$R349-4),2),2, IF(OFFSET($A$1,$R349+($S350-$R349-4),0)=OFFSET($A$1,$R349+($S350-$R349-4),3),3,4))), IF(AND($S350-$R349>2,COUNTIF(OFFSET($A$1,$R349+($S350-$R349-3),0),"<>*テキスト*")), IF(OFFSET($A$1,$R349+($S350-$R349-3),0)=OFFSET($A$1,$R349+($S350-$R349-3),1),1, IF(OFFSET($A$1,$R349+($S350-$R349-3),0)=OFFSET($A$1,$R349+($S350-$R349-3),2),2, IF(OFFSET($A$1,$R349+($S350-$R349-3),0)=OFFSET($A$1,$R349+($S350-$R349-3),3),3,4))), IF(COUNTIF(OFFSET($A$1,$R349+($S350-$R349-2),0),"*様*"),1, IF(COUNTIF(OFFSET($A$1,$R349+($S350-$R349-2),1),"*様*"),2, IF(COUNTIF(OFFSET($A$1,$R349+($S350-$R349-2),2),"*様*"),3,4))))),"") | AF350: =IF(R350<>"", IF(AND($S350-$R349>3,COUNTIF(OFFSET($A$1,$R349+($S350-$R349-4),0),"<>*テキスト*")), IFERROR(IF(OFFSET($A$1,$R349+($S350-$R349-4),AE350)=0,"", IF(OFFSET($A$1,$R349+($S350-$R349-4),AE350)=OFFSET($A$1,$R349+($S350-$R349-4),AE350+1),1+AE350, IF(OFFSET($A$1,$R349+($S350-$R349-4),AE350)=OFFSET($A$1,$R349+($S350-$R349-4),AE350+2),2+AE350, IF(OFFSET($A$1,$R349+($S350-$R349-4),AE350)=OFFSET($A$1,$R349+($S350-$R349-4),AE350+3),3+AE350,3+AE350)))),""), IF(AND($S350-$R349>2,COUNTIF(OFFSET($A$1,$R349+($S350-$R349-3),0),"<>*テキスト*")), IFERROR(IF(OFFSET($A$1,$R349+($S350-$R349-3),AE350)=0,"", IF(OFFSET($A$1,$R349+($S350-$R349-3),AE350)=OFFSET($A$1,$R349+($S350-$R349-3),AE350+1),1+AE350, IF(OFFSET($A$1,$R349+($S350-$R349-3),AE350)=OFFSET($A$1,$R349+($S350-$R349-3),AE350+2),2+AE350, IF(OFFSET($A$1,$R349+($S350-$R349-3),AE350)=OFFSET($A$1,$R349+($S350-$R349-3),AE350+3),3+AE350,3+AE350)))),""), IF(COUNTIF(OFFSET($A$1,$R349+($S350-$R349-2),AE350),"*様*"),1+AE350, IF(COUNTIF(OFFSET($A$1,$R349+($S350-$R349-2),AE350+1),"*様*"),2+AE350, IF(COUNTIF(OFFSET($A$1,$R349+($S350-$R349-2),AE350+2),"*様*"),3+AE350,4+AE350))))),"") | AG350: =IF(R350<>"", IF(AND($S350-$R349>3,COUNTIF(OFFSET($A$1,$R349+($S350-$R349-4),0),"<>*テキスト*")), IFERROR(IF(OFFSET($A$1,$R349+($S350-$R349-4),AF350)=0,"", IF(OFFSET($A$1,$R349+($S350-$R349-4),AF350)=OFFSET($A$1,$R349+($S350-$R349-4),AF350+1),1+AF350, IF(OFFSET($A$1,$R349+($S350-$R349-4),AF350)=OFFSET($A$1,$R349+($S350-$R349-4),AF350+2),2+AF350, IF(OFFSET($A$1,$R349+($S350-$R349-4),AF350)=OFFSET($A$1,$R349+($S350-$R349-4),AF350+3),3+AF350,3+AF350)))),""), IF(AND($S350-$R349>2,COUNTIF(OFFSET($A$1,$R349+($S350-$R349-3),0),"<>*テキスト*")), IFERROR(IF(OFFSET($A$1,$R349+($S350-$R349-3),AF350)=0,"", IF(OFFSET($A$1,$R349+($S350-$R349-3),AF350)=OFFSET($A$1,$R349+($S350-$R349-3),AF350+1),1+AF350, IF(OFFSET($A$1,$R349+($S350-$R349-3),AF350)=OFFSET($A$1,$R349+($S350-$R349-3),AF350+2),2+AF350, IF(OFFSET($A$1,$R349+($S350-$R349-3),AF350)=OFFSET($A$1,$R349+($S350-$R349-3),AF350+3),3+AF350,3+AF350)))),""), IF(COUNTIF(OFFSET($A$1,$R349+($S350-$R349-2),AF350),"*様*"),1+AF350, IF(COUNTIF(OFFSET($A$1,$R349+($S350-$R349-2),AF350+1),"*様*"),2+AF350, IF(COUNTIF(OFFSET($A$1,$R349+($S350-$R349-2),AF350+2),"*様*"),3+AF350,4+AF350))))),"") | AH350: =IF(R350<>"", IF(AND($S350-$R349>3,COUNTIF(OFFSET($A$1,$R349+($S350-$R349-4),0),"<>*テキスト*")), IFERROR(IF(OFFSET($A$1,$R349+($S350-$R349-4),AG350)=0,"", IF(OFFSET($A$1,$R349+($S350-$R349-4),AG350)=OFFSET($A$1,$R349+($S350-$R349-4),AG350+1),1+AG350, IF(OFFSET($A$1,$R349+($S350-$R349-4),AG350)=OFFSET($A$1,$R349+($S350-$R349-4),AG350+2),2+AG350, IF(OFFSET($A$1,$R349+($S350-$R349-4),AG350)=OFFSET($A$1,$R349+($S350-$R349-4),AG350+3),3+AG350,3+AG350)))),""), IF(AND($S350-$R349>2,COUNTIF(OFFSET($A$1,$R349+($S350-$R349-3),0),"<>*テキスト*")), IFERROR(IF(OFFSET($A$1,$R349+($S350-$R349-3),AG350)=0,"", IF(OFFSET($A$1,$R349+($S350-$R349-3),AG350)=OFFSET($A$1,$R349+($S350-$R349-3),AG350+1),1+AG350, IF(OFFSET($A$1,$R349+($S350-$R349-3),AG350)=OFFSET($A$1,$R349+($S350-$R349-3),AG350+2),2+AG350, IF(OFFSET($A$1,$R349+($S350-$R349-3),AG350)=OFFSET($A$1,$R349+($S350-$R349-3),AG350+3),3+AG350,3+AG350)))),""), IF(COUNTIF(OFFSET($A$1,$R349+($S350-$R349-2),AG350),"*様*"),1+AG350, IF(COUNTIF(OFFSET($A$1,$R349+($S350-$R349-2),AG350+1),"*様*"),2+AG350, IF(COUNTIF(OFFSET($A$1,$R349+($S350-$R349-2),AG350+2),"*様*"),3+AG350,4+AG350))))),"") | AI350: =IF(R350<>"", IF(AG350<>"","", IF(COUNTIF(OFFSET($A$1,$R349+($S350-$R349-3),0),"*様*"),1, IF(COUNTIF(OFFSET($A$1,$R349+($S350-$R349-3),1),"*様*"),2, IF(COUNTIF(OFFSET($A$1,$R349+($S350-$R349-3),2),"*様*"),3,4)))),"") | AJ350: =IF(R350<>"", IF(AH350<>"","", IF(AI350<>"", IF(COUNTIF(OFFSET($A$1,$R349+($S350-$R349-3),AI350),"*様*"),1+AI350, IF(COUNTIF(OFFSET($A$1,$R349+($S350-$R349-3),AI350+1),"*様*"),2+AI350, IF(COUNTIF(OFFSET($A$1,$R349+($S350-$R349-3),AI350+2),"*様*"),3+AI350,4+AI350))), IF(COUNTIF(OFFSET($A$1,$R349+($S350-$R349-3),0),"*様*"),1, IF(COUNTIF(OFFSET($A$1,$R349+($S350-$R349-3),1),"*様*"),2, IF(COUNTIF(OFFSET($A$1,$R349+($S350-$R349-3),2),"*様*"),3,4))))),"")

Sheet まとめ
C1: =貼り付け2!A4 -> 0 | D1: クライアント名1 | E1: 種類1 | F1: クラス1 | G1: 個数1 | H1: 学年1 | I1: クライアント名2 | J1: 種類2 | K1: クラス2 | L1: 個数2 | M1: 学年2 | N1: クライアント名3 | O1: 種類3 | P1: クラス3 | Q1: 個数3 | R1: 学年3 | S1: クライアント名4 | T1: 種類4 | U1: クラス4 | V1: 個数4 | W1: 学年4
